Unnamed: 0,latest.cost.attendance.academic_year,latest.cost.tuition.in_state,latest.cost.tuition.out_of_state,latest.admissions.sat_scores.25th_percentile.critical_reading,latest.admissions.sat_scores.25th_percentile.math,latest.admissions.sat_scores.75th_percentile.critical_reading,latest.admissions.sat_scores.75th_percentile.math,latest.admissions.sat_scores.average.overall,latest.admissions.act_scores.25th_percentile.cumulative,latest.admissions.act_scores.75th_percentile.cumulative,latest.admissions.act_scores.midpoint.cumulative,school.name,school.degrees_awarded.predominant,school.degrees_awarded.highest
0,27153.0,10024.0,18634.0,420.0,390.0,530.0,510.0,938.0,14.0,19.0,18.0,Alabama A & M University,Predominantly bachelor's-degree,Graduate
1,28145.0,9098.0,22562.0,600.0,610.0,710.0,740.0,1258.0,23.0,30.0,27.0,University of Alabama at Birmingham,Predominantly bachelor's-degree,Graduate
3,27392.0,12132.0,26408.0,600.0,610.0,690.0,720.0,1319.0,24.0,31.0,28.0,University of Alabama in Huntsville,Predominantly bachelor's-degree,Graduate
4,23586.0,11248.0,19576.0,399.0,350.0,505.0,462.0,976.0,15.0,20.0,18.0,Alabama State University,Predominantly bachelor's-degree,Graduate
5,33382.0,12180.0,34172.0,590.0,580.0,690.0,710.0,1285.0,24.0,31.0,26.0,The University of Alabama,Predominantly bachelor's-degree,Graduate
6,21413.0,5110.0,8980.0,,,,,,,,,Central Alabama Community College,Predominantly certificate-degree,Associate's
8,21353.0,9700.0,20668.0,538.0,498.0,603.0,600.0,1093.0,18.0,24.0,21.0,Auburn University at Montgomery,Predominantly bachelor's-degree,Graduate
9,34919.0,12890.0,34922.0,630.0,630.0,690.0,700.0,1345.0,26.0,31.0,,Auburn University,Predominantly bachelor's-degree,Graduate
10,12600.0,5100.0,8970.0,,,,,,,,,Chattahoochee Valley Community College,Predominantly certificate-degree,Associate's
11,34793.0,18145.0,18145.0,,,,,,,,,South University-Montgomery,Predominantly bachelor's-degree,Graduate
12,19956.0,5100.0,8970.0,,,,,,,,,Enterprise State Community College,Predominantly certificate-degree,Associate's
13,20605.0,5040.0,8910.0,,,,,,,,,Coastal Alabama Community College,Predominantly associate's-degree,Associate's
14,37626.0,23920.0,23920.0,,,,,1020.0,18.0,21.0,20.0,Faulkner University,Predominantly bachelor's-degree,Graduate
15,10189.0,4272.0,7368.0,,,,,,,,,Gadsden State Community College,Predominantly certificate-degree,Associate's
17,9308.0,4980.0,8850.0,,,,,,,,,George C Wallace Community College-Dothan,Predominantly certificate-degree,Associate's
18,19008.0,5220.0,9090.0,,,,,,,,,George C Wallace State Community College-Hanceville,Predominantly certificate-degree,Associate's
19,19175.0,4740.0,8610.0,,,,,,,,,George C Wallace State Community College-Selma,Predominantly associate's-degree,Associate's
20,27750.0,13450.0,13450.0,,,,,,,,,Herzing University-Birmingham,Predominantly certificate-degree,Graduate
21,40908.0,29070.0,29070.0,533.0,473.0,610.0,610.0,1142.0,20.0,25.0,22.0,Huntingdon College,Predominantly bachelor's-degree,Bachelor's
22,20909.0,11982.0,11982.0,,,,,1020.0,18.0,19.0,,Heritage Christian University,Predominantly bachelor's-degree,Graduate
23,14456.0,5190.0,9060.0,,,,,,,,,J. F. Drake State Community and Technical College,Predominantly certificate-degree,Associate's
25,24257.0,12894.0,23334.0,500.0,500.0,630.0,660.0,1059.0,17.0,24.0,20.0,Jacksonville State University,Predominantly bachelor's-degree,Graduate
26,14814.0,5100.0,8970.0,,,,,,,,,Jefferson State Community College,Predominantly associate's-degree,Associate's
27,13073.0,5120.0,8990.0,,,,,,,,,John C Calhoun State Community College,Predominantly certificate-degree,Associate's
28,14895.0,5040.0,8910.0,,,,,,,,,Lawson State Community College,Predominantly associate's-degree,Associate's
29,22758.0,10990.0,20090.0,440.0,420.0,560.0,560.0,1015.0,16.0,21.0,19.0,University of West Alabama,Predominantly bachelor's-degree,Graduate
30,12392.0,5190.0,9060.0,,,,,,,,,Lurleen B Wallace Community College,Predominantly certificate-degree,Associate's
31,18743.0,9538.0,15538.0,520.0,520.0,640.0,630.0,1068.0,16.0,23.0,22.0,Marion Military Institute,Predominantly associate's-degree,Associate's
32,21154.0,13314.0,13314.0,,,,,,,,,Miles College,Predominantly bachelor's-degree,Bachelor's
33,41115.0,26910.0,26910.0,,,,,1220.0,22.0,28.0,,University of Mobile,Predominantly bachelor's-degree,Graduate
34,27398.0,13948.0,26968.0,,,,,,,,23.0,University of Montevallo,Predominantly bachelor's-degree,Graduate
35,11340.0,5131.0,9001.0,,,,,,,,,Northwest Shoals Community College,Predominantly certificate-degree,Associate's
36,23786.0,12120.0,22320.0,,,,,,,,,University of North Alabama,Predominantly bachelor's-degree,Graduate
37,11620.0,5040.0,8910.0,,,,,,,,,Northeast Alabama Community College,Predominantly certificate-degree,Associate's
38,40176.0,22512.0,22512.0,,,,,,,,,Oakwood University,Predominantly bachelor's-degree,Graduate
39,10739.0,5454.0,9324.0,,,,,,,,,Reid State Technical College,Predominantly certificate-degree,Associate's
40,13085.0,5340.0,9210.0,,,,,,,,,Bishop State Community College,Predominantly certificate-degree,Associate's
41,57456.0,40150.0,40150.0,550.0,520.0,640.0,610.0,1201.0,22.0,28.0,26.0,Samford University,Predominantly bachelor's-degree,Graduate
43,20350.0,5127.0,8997.0,,,,,,,,,Shelton State Community College,Predominantly certificate-degree,Associate's
44,11220.0,5278.0,9664.0,,,,,,,,,Snead State Community College,Predominantly certificate-degree,Associate's
45,25476.0,10116.0,19092.0,500.0,470.0,610.0,580.0,1147.0,20.0,26.0,23.0,University of South Alabama,Predominantly bachelor's-degree,Graduate
46,39936.0,24054.0,24054.0,,,,,1120.0,17.0,29.0,19.0,Spring Hill College,Predominantly bachelor's-degree,Graduate
47,26107.0,12126.0,12126.0,,,,,,,,,Stillman College,Predominantly bachelor's-degree,Bachelor's
48,25185.0,15650.0,15650.0,,,,,,,,,Talladega College,Predominantly bachelor's-degree,Graduate
49,16971.0,5190.0,9060.0,,,,,,,,,H Councill Trenholm State Community College,Predominantly certificate-degree,Associate's
50,23165.0,10176.0,20352.0,490.0,450.0,620.0,590.0,1088.0,18.0,25.0,21.0,Troy University,Predominantly bachelor's-degree,Graduate
51,43454.0,25386.0,25386.0,,,,,1120.0,18.0,25.0,22.0,Tuskegee University,Predominantly bachelor's-degree,Graduate
52,32606.0,13800.0,13800.0,,,,,,,,,United States Sports University,Predominantly bachelor's-degree,Graduate
53,13827.0,4734.0,8346.0,,,,,,,,,Bevill State Community College,Predominantly certificate-degree,Associate's
54,24096.0,7738.0,21322.0,,,,,,,,,University of Alaska Anchorage,Predominantly bachelor's-degree,Graduate
55,28903.0,9730.0,9730.0,,,,,,,,,Alaska Bible College,Predominantly bachelor's-degree,Bachelor's
56,22407.0,8736.0,22320.0,,,,,,,,22.0,University of Alaska Fairbanks,Predominantly bachelor's-degree,Graduate
57,21043.0,7056.0,20640.0,,,,,,,,,University of Alaska Southeast,Predominantly certificate-degree,Graduate
58,34026.0,20760.0,20760.0,,,,,,,,,Alaska Pacific University,Predominantly certificate-degree,Graduate
60,41344.0,18375.0,18375.0,,,,,,,,,Charter College,Predominantly certificate-degree,Bachelor's
69,30111.0,12223.0,33139.0,,,,,,,,,Arizona State University Campus Immersion,Predominantly bachelor's-degree,Graduate
70,15868.0,3060.0,9870.0,,,,,,,,,Arizona Western College,Predominantly certificate-degree,Associate's
71,29423.0,13926.0,42278.0,580.0,570.0,700.0,720.0,1246.0,21.0,29.0,25.0,University of Arizona,Predominantly bachelor's-degree,Graduate
72,10720.0,2250.0,4500.0,,,,,,,,,Central Arizona College,Predominantly certificate-degree,Associate's
74,14342.0,2280.0,6120.0,,,,,,,,,Cochise County Community College District,Predominantly associate's-degree,Associate's
77,16696.0,2352.0,9552.0,,,,,,,,,Eastern Arizona College,Predominantly certificate-degree,Associate's
78,62798.0,44149.0,44149.0,580.0,560.0,680.0,690.0,1250.0,24.0,29.0,26.0,Embry-Riddle Aeronautical University-Prescott,Predominantly bachelor's-degree,Graduate
80,18037.0,2358.0,8958.0,,,,,,,,,Glendale Community College,Predominantly certificate-degree,Associate's
81,32702.0,17850.0,17850.0,518.0,488.0,580.0,533.0,1077.0,20.0,22.0,,Grand Canyon University,Predominantly bachelor's-degree,Graduate
82,19314.0,2358.0,8958.0,,,,,,,,,GateWay Community College,Predominantly certificate-degree,Associate's
83,18194.0,2358.0,8958.0,,,,,,,,,Mesa Community College,Predominantly certificate-degree,Associate's
84,11837.0,2208.0,7968.0,,,,,,,,,Mohave Community College,Predominantly certificate-degree,Associate's
86,11923.0,1410.0,1410.0,,,,,,,,,Dine College,Predominantly associate's-degree,Bachelor's
87,29933.0,13009.0,29881.0,,,,,,,,,Northern Arizona University,Predominantly bachelor's-degree,Graduate
88,14263.0,2232.0,10320.0,,,,,,,,,Northland Pioneer College,Predominantly certificate-degree,Associate's
89,18594.0,2358.0,8958.0,,,,,,,,,Phoenix College,Predominantly certificate-degree,Associate's
90,9851.0,2442.0,7758.0,,,,,,,,,Pima Community College,Predominantly certificate-degree,Associate's
93,48532.0,35685.0,35685.0,,,,,,,,,Prescott College,Predominantly bachelor's-degree,Graduate
95,13425.0,2358.0,8958.0,,,,,,,,,Rio Salado College,Predominantly certificate-degree,Associate's
97,19281.0,2358.0,8958.0,,,,,,,,,Scottsdale Community College,Predominantly certificate-degree,Associate's
98,18898.0,2358.0,8958.0,,,,,,,,,South Mountain Community College,Predominantly certificate-degree,Associate's
99,54792.0,35098.0,35098.0,,,,,,,,20.0,Arizona Christian University,Predominantly bachelor's-degree,Bachelor's
101,14988.0,2948.0,9486.0,,,,,,,,,Yavapai College,Predominantly certificate-degree,Associate's
102,22519.0,9748.0,22158.0,490.0,470.0,630.0,580.0,1049.0,17.0,24.0,22.0,University of Arkansas at Little Rock,Predominantly bachelor's-degree,Graduate
104,23060.0,8760.0,8760.0,,,,,,,,,Arkansas Baptist College,Predominantly bachelor's-degree,Bachelor's
107,44978.0,31000.0,31000.0,,,,,,,,24.0,Lyon College,Predominantly bachelor's-degree,Bachelor's
109,27767.0,10104.0,29966.0,520.0,510.0,620.0,600.0,1169.0,21.0,28.0,25.0,University of Arkansas,Predominantly bachelor's-degree,Graduate
110,21129.0,9412.0,17992.0,425.0,420.0,570.0,538.0,922.0,14.0,18.0,16.0,University of Arkansas at Pine Bluff,Predominantly bachelor's-degree,Graduate
111,18771.0,3336.0,5232.0,,,,,,,,,Arkansas State University-Beebe,Predominantly associate's-degree,Associate's
112,25082.0,8090.0,14522.0,490.0,480.0,570.0,620.0,1090.0,18.0,24.0,23.0,Arkansas State University,Predominantly bachelor's-degree,Graduate
113,22808.0,8674.0,14668.0,450.0,430.0,550.0,550.0,1049.0,17.0,23.0,,Arkansas Tech University,Predominantly associate's-degree,Graduate
114,22519.0,9292.0,14857.0,,,,,,,,,University of Arkansas at Monticello,Predominantly certificate-degree,Graduate
116,31961.0,13987.0,13987.0,,,,,,,,,Baptist Health College Little Rock,Predominantly associate's-degree,Associate's
117,14374.0,4776.0,7488.0,,,,,,,,,Black River Technical College,Predominantly certificate-degree,Associate's
118,25029.0,10523.0,18023.0,480.0,430.0,590.0,580.0,1118.0,19.0,25.0,23.0,University of Central Arkansas,Predominantly bachelor's-degree,Graduate
119,30605.0,21330.0,21330.0,473.0,410.0,553.0,568.0,1046.0,17.0,23.0,21.0,Central Baptist College,Predominantly bachelor's-degree,Bachelor's
120,11538.0,4200.0,5070.0,,,,,,,,,Cossatot Community College of the University of Arkansas,Predominantly certificate-degree,Associate's
121,27340.0,16670.0,16670.0,,,,,,,,,Crowley's Ridge College,Predominantly bachelor's-degree,Bachelor's
122,13240.0,3300.0,4380.0,,,,,,,,,East Arkansas Community College,Predominantly certificate-degree,Associate's
124,19331.0,5600.0,7280.0,,,,,,,,,National Park College,Predominantly certificate-degree,Associate's
125,15808.0,3630.0,4662.0,,,,,,,,,University of Arkansas Community College-Batesville,Predominantly certificate-degree,Associate's
126,39534.0,26262.0,26262.0,530.0,520.0,660.0,630.0,1182.0,20.0,29.0,24.0,Harding University,Predominantly bachelor's-degree,Graduate
127,27385.0,8244.0,10620.0,,,,,,,,21.0,Henderson State University,Predominantly bachelor's-degree,Graduate
128,55013.0,38200.0,38200.0,560.0,563.0,668.0,680.0,1282.0,23.0,31.0,28.0,Hendrix College,Predominantly bachelor's-degree,Graduate
131,44710.0,31756.0,31756.0,550.0,520.0,690.0,650.0,1195.0,21.0,28.0,26.0,John Brown University,Predominantly bachelor's-degree,Graduate
134,14365.0,3216.0,4824.0,,,,,,,,,Arkansas State University Mid-South,Predominantly certificate-degree,Associate's
135,12094.0,2570.0,4250.0,,,,,,,,,Arkansas Northeastern College,Predominantly certificate-degree,Associate's
137,16846.0,3504.0,5592.0,,,,,,,,,North Arkansas College,Predominantly certificate-degree,Associate's
138,19487.0,6277.0,6277.0,,,,,,,,,Northwest Technical Institute,Predominantly certificate-degree,Certificate
139,47321.0,34500.0,34500.0,540.0,530.0,650.0,630.0,1211.0,22.0,28.0,,Ouachita Baptist University,Predominantly bachelor's-degree,Graduate
140,14579.0,3788.0,4388.0,,,,,,,,,Arkansas State University Three Rivers,Predominantly certificate-degree,Associate's
141,12069.0,3820.0,6820.0,,,,,,,,,Ozarka College,Predominantly certificate-degree,Associate's
142,38666.0,25950.0,25950.0,530.0,490.0,590.0,570.0,1105.0,20.0,25.0,21.0,University of the Ozarks,Predominantly bachelor's-degree,Bachelor's
143,15362.0,3648.0,4728.0,,,,,1020.0,17.0,22.0,,University of Arkansas Community College-Morrilton,Predominantly certificate-degree,Associate's
144,28136.0,13014.0,13014.0,,,,,,,,,Philander Smith University,Predominantly bachelor's-degree,Graduate
145,11567.0,3380.0,4550.0,,,,,,,,,Phillips Community College of the University of Arkansas,Predominantly certificate-degree,Associate's
146,22405.0,5200.0,8650.0,,,,,,,,,Southeast Arkansas College,Predominantly certificate-degree,Associate's
148,20811.0,6300.0,9450.0,,,,,,,,,University of Arkansas-Pulaski Technical College,Predominantly certificate-degree,Associate's
149,16307.0,3880.0,5560.0,,,,,,,,,University of Arkansas Hope-Texarkana,Predominantly certificate-degree,Associate's
150,13096.0,3696.0,4272.0,,,,,,,,,University of Arkansas Community College Rich Mountain,Predominantly certificate-degree,Associate's
153,21735.0,6246.0,6246.0,,,,,,,,,Shorter College,Predominantly associate's-degree,Associate's
154,33597.0,21070.0,21070.0,,,,,980.0,16.0,21.0,22.0,Williams Baptist University,Predominantly bachelor's-degree,Graduate
155,12932.0,3324.0,5532.0,,,,,,,,,South Arkansas College,Predominantly certificate-degree,Associate's
156,24951.0,9960.0,15690.0,450.0,425.0,565.0,540.0,1047.0,17.0,24.0,22.0,Southern Arkansas University Main Campus,Predominantly bachelor's-degree,Graduate
157,17294.0,5040.0,6480.0,,,,,,,,,Southern Arkansas University Tech,Predominantly certificate-degree,Associate's
159,19048.0,7334.0,12182.0,,,,,1050.0,18.0,23.0,,University of Arkansas-Fort Smith,Predominantly associate's-degree,Graduate
160,48036.0,30736.0,30736.0,,,,,,,,,Academy of Art University,Predominantly bachelor's-degree,Graduate
162,18185.0,1258.0,9898.0,,,,,,,,,College of Alameda,Predominantly associate's-degree,Associate's
163,13214.0,1156.0,9892.0,,,,,,,,,Allan Hancock College,Predominantly certificate-degree,Associate's
164,55682.0,40650.0,40650.0,,,,,,,,,American Academy of Dramatic Arts-Los Angeles,Predominantly associate's-degree,Associate's
169,16384.0,1288.0,12616.0,,,,,,,,,American River College,Predominantly associate's-degree,Associate's
170,12931.0,1124.0,9548.0,,,,,,,,,Antelope Valley Community College District,Predominantly associate's-degree,Bachelor's
171,75649.0,54170.0,54170.0,,,,,,,,,Art Center College of Design,Predominantly bachelor's-degree,Graduate
173,56313.0,44458.0,44458.0,515.0,468.0,615.0,623.0,1195.0,25.0,30.0,22.0,Azusa Pacific University,Predominantly bachelor's-degree,Graduate
174,22018.0,1430.0,11300.0,,,,,,,,,Bakersfield College,Predominantly associate's-degree,Bachelor's
175,22193.0,1104.0,9744.0,,,,,,,,,Barstow Community College,Predominantly associate's-degree,Associate's
177,13575.0,7220.0,7220.0,,,,,,,,,Bethesda University,Predominantly bachelor's-degree,Graduate
178,62757.0,48984.0,48984.0,600.0,560.0,700.0,670.0,1261.0,24.0,29.0,26.0,Biola University,Predominantly bachelor's-degree,Graduate
180,26732.0,12219.0,12219.0,,,,,,,,,Bryan University,Predominantly certificate-degree,Graduate
181,15509.0,1356.0,9276.0,,,,,,,,,Butte College,Predominantly certificate-degree,Associate's
183,24966.0,1270.0,9862.0,,,,,,,,,Cabrillo College,Predominantly associate's-degree,Associate's
184,54038.0,41228.0,41228.0,,,,,,,,,California Baptist University,Predominantly bachelor's-degree,Graduate
185,79776.0,60226.0,60226.0,,,,,,,,,California College of the Arts,Predominantly bachelor's-degree,Graduate
187,86886.0,65898.0,65898.0,,,,,,,,,California Institute of Technology,Predominantly bachelor's-degree,Graduate
188,68426.0,52560.0,52560.0,590.0,560.0,670.0,660.0,1266.0,24.0,31.0,26.0,California Lutheran University,Predominantly bachelor's-degree,Graduate
189,32265.0,13596.0,34665.0,,,,,,,,,California Polytechnic State University-San Luis Obispo,Predominantly bachelor's-degree,Graduate
191,19522.0,8090.0,20690.0,,,,,,,,,California State University-Bakersfield,Predominantly bachelor's-degree,Graduate
192,19739.0,8246.0,20846.0,,,,,,,,,California State University-Stanislaus,Predominantly bachelor's-degree,Graduate
193,17427.0,8093.0,20693.0,,,,,,,,,California State University-San Bernardino,Predominantly bachelor's-degree,Graduate
194,23955.0,7780.0,20380.0,,,,,,,,,California State Polytechnic University-Pomona,Predominantly bachelor's-degree,Graduate
195,26283.0,8472.0,21072.0,,,,,,,,,California State University-Chico,Predominantly bachelor's-degree,Graduate
196,23191.0,7449.0,20049.0,,,,,,,,,California State University-Dominguez Hills,Predominantly bachelor's-degree,Graduate
197,20095.0,7350.0,19950.0,,,,,,,,,California State University-Fresno,Predominantly bachelor's-degree,Graduate
198,18269.0,7470.0,20070.0,,,,,,,,,California State University-Fullerton,Predominantly bachelor's-degree,Graduate
199,22850.0,7583.0,20183.0,,,,,,,,,California State University-East Bay,Predominantly bachelor's-degree,Graduate
200,22679.0,7350.0,19950.0,,,,,,,,,California State University-Long Beach,Predominantly bachelor's-degree,Graduate
201,18403.0,7160.0,19760.0,,,,,,,,,California State University-Los Angeles,Predominantly bachelor's-degree,Graduate
202,20485.0,7458.0,20058.0,,,,,,,,,California State University-Northridge,Predominantly bachelor's-degree,Graduate
203,22945.0,8018.0,20618.0,,,,,,,,,California State University-Sacramento,Predominantly bachelor's-degree,Graduate
204,45619.0,16347.0,50547.0,,,,,,,,,University of California-Berkeley,Predominantly bachelor's-degree,Graduate
205,41238.0,16774.0,50974.0,,,,,,,,,University of California-Davis,Predominantly bachelor's-degree,Graduate
206,38632.0,15722.0,49922.0,,,,,,,,,University of California-Irvine,Predominantly bachelor's-degree,Graduate
207,38614.0,15203.0,49403.0,,,,,,,,,University of California-Los Angeles,Predominantly bachelor's-degree,Graduate
208,38942.0,15606.0,49806.0,,,,,,,,,University of California-Riverside,Predominantly bachelor's-degree,Graduate
209,38701.0,16758.0,50958.0,,,,,,,,,University of California-San Diego,Predominantly bachelor's-degree,Graduate
211,41573.0,16414.0,50614.0,,,,,,,,,University of California-Santa Barbara,Predominantly bachelor's-degree,Graduate
212,41179.0,16005.0,50205.0,,,,,,,,,University of California-Santa Cruz,Predominantly bachelor's-degree,Graduate
217,77560.0,58996.0,58996.0,,,,,,,,,California Institute of the Arts,Predominantly bachelor's-degree,Graduate
218,29853.0,9944.0,22544.0,,,,,,,,,California State University Maritime Academy,Predominantly bachelor's-degree,Graduate
220,9087.0,1332.0,11384.0,,,,,,,,,Canada College,Predominantly associate's-degree,Associate's
221,11360.0,1166.0,10958.0,,,,,,,,,College of the Canyons,Predominantly associate's-degree,Associate's
230,10236.0,1364.0,12004.0,,,,,,,,,Cerritos College,Predominantly certificate-degree,Associate's
231,25300.0,1384.0,11254.0,,,,,,,,,Cerro Coso Community College,Predominantly associate's-degree,Associate's
232,17456.0,1150.0,8686.0,,,,,,,,,Chabot College,Predominantly associate's-degree,Associate's
233,14451.0,1184.0,11120.0,,,,,,,,,Chaffey College,Predominantly associate's-degree,Associate's
234,83146.0,64984.0,64984.0,630.0,630.0,720.0,720.0,1357.0,28.0,31.0,29.0,Chapman University,Predominantly bachelor's-degree,Graduate
235,39834.0,23000.0,23000.0,,,,,,,,,Charles R Drew University of Medicine and Science,Predominantly bachelor's-degree,Graduate
236,58682.0,43480.0,43480.0,,,,,,,,25.0,Concordia University-Irvine,Predominantly bachelor's-degree,Graduate
237,31745.0,28012.0,28012.0,,,,,,,,,San Diego Christian College,Predominantly bachelor's-degree,Graduate
239,13699.0,1204.0,10636.0,,,,,,,,,Citrus College,Predominantly certificate-degree,Associate's
241,16870.0,1696.0,14656.0,,,,,,,,,City College of San Francisco,Predominantly certificate-degree,Associate's
243,86500.0,67980.0,67980.0,720.0,750.0,770.0,790.0,1527.0,33.0,35.0,34.0,Claremont McKenna College,Predominantly bachelor's-degree,Graduate
246,24290.0,1364.0,11612.0,,,,,,,,,Coastline Community College,Predominantly associate's-degree,Associate's
247,35722.0,22480.0,22480.0,,,,,,,,,University of Silicon Valley,Predominantly bachelor's-degree,Graduate
250,19870.0,1282.0,9264.0,,,,,,,,,Columbia College,Predominantly associate's-degree,Associate's
251,31890.0,25186.0,25186.0,,,,,,,,,California College of ASU,Predominantly bachelor's-degree,Bachelor's
252,20447.0,1142.0,8822.0,,,,,,,,,Compton College,Predominantly associate's-degree,Associate's
253,18422.0,1312.0,10320.0,,,,,,,,,Contra Costa College,Predominantly associate's-degree,Associate's
254,14202.0,1288.0,12616.0,,,,,,,,,Cosumnes River College,Predominantly associate's-degree,Associate's
255,20282.0,1188.0,14556.0,,,,,,,,,Crafton Hills College,Predominantly certificate-degree,Associate's
256,20192.0,1350.0,11010.0,,,,,,,,,Cuesta College,Predominantly certificate-degree,Associate's
257,16690.0,1346.0,11314.0,,,,,,,,,Cuyamaca College,Predominantly associate's-degree,Associate's
258,14290.0,1150.0,12379.0,,,,,,,,,Cypress College,Predominantly certificate-degree,Bachelor's
259,14975.0,1571.0,12596.0,,,,,,,,,De Anza College,Predominantly associate's-degree,Associate's
261,24607.0,1326.0,10174.0,,,,,,,,,College of the Desert,Predominantly certificate-degree,Associate's
262,55911.0,29300.0,29300.0,,,,,,,,,Design Institute of San Diego,Predominantly bachelor's-degree,Graduate
264,16774.0,1312.0,10320.0,,,,,,,,,Diablo Valley College,Predominantly associate's-degree,Associate's
265,71751.0,52161.0,52161.0,620.0,590.0,660.0,640.0,1290.0,,,23.0,Dominican University of California,Predominantly bachelor's-degree,Graduate
267,19193.0,1238.0,10572.0,,,,,,,,,East Los Angeles College,Predominantly associate's-degree,Associate's
268,15246.0,1144.0,7630.0,,,,,,,,,El Camino Community College District,Predominantly associate's-degree,Associate's
270,22105.0,1366.0,8718.0,,,,,,,,,Evergreen Valley College,Predominantly associate's-degree,Associate's
271,54318.0,35000.0,35000.0,,,,,,,,,FIDM-Fashion Institute of Design & Merchandising,Predominantly associate's-degree,Graduate
272,20385.0,1465.0,10435.0,,,,,,,,,Feather River Community College District,Predominantly associate's-degree,Bachelor's
277,16361.0,1565.0,12590.0,,,,,,,,,Foothill College,Predominantly certificate-degree,Bachelor's
280,17198.0,1334.0,10154.0,,,,,,,,,Fresno City College,Predominantly associate's-degree,Associate's
281,44249.0,36660.0,36660.0,,,,,,,,21.0,Fresno Pacific University,Predominantly bachelor's-degree,Graduate
283,14369.0,1150.0,12379.0,,,,,,,,,Fullerton College,Predominantly associate's-degree,Associate's
284,15161.0,1508.0,12249.0,,,,,,,,,Gavilan College,Predominantly associate's-degree,Associate's
286,17501.0,1191.0,10935.0,,,,,,,,,Glendale Community College,Predominantly associate's-degree,Associate's
289,14618.0,1380.0,11628.0,,,,,,,,,Golden West College,Predominantly associate's-degree,Associate's
291,14027.0,1332.0,10628.0,,,,,,,,,Grossmont College,Predominantly associate's-degree,Associate's
293,11892.0,1404.0,10374.0,,,,,,,,,Hartnell College,Predominantly associate's-degree,Associate's
294,90165.0,68613.0,68613.0,730.0,770.0,770.0,800.0,1545.0,34.0,36.0,35.0,Harvey Mudd College,Predominantly bachelor's-degree,Bachelor's
297,25170.0,8250.0,20850.0,,,,,,,,,California State Polytechnic University-Humboldt,Predominantly bachelor's-degree,Graduate
298,20918.0,13500.0,13500.0,,,,,,,,,Humphreys University-Stockton and Modesto Campuses,Predominantly bachelor's-degree,Graduate
299,11998.0,1148.0,8852.0,,,,,,,,,Imperial Valley College,Predominantly associate's-degree,Associate's
302,13001.0,1156.0,11860.0,,,,,,,,,Irvine Valley College,Predominantly associate's-degree,Associate's
305,16881.0,1334.0,10154.0,,,,,,,,,Reedley College,Predominantly certificate-degree,Associate's
306,35062.0,22118.0,22118.0,,,,,,,,,Life Pacific University,Predominantly bachelor's-degree,Graduate
307,62278.0,49470.0,49470.0,498.0,488.0,663.0,573.0,1083.0,18.0,25.0,21.0,University of La Verne,Predominantly bachelor's-degree,Graduate
308,57989.0,37500.0,37500.0,,,,,,,,,Laguna College of Art and Design,Predominantly bachelor's-degree,Graduate
309,17666.0,1131.0,11103.0,,,,,,,,,Lake Tahoe Community College,Predominantly associate's-degree,Associate's
311,25335.0,1258.0,9898.0,,,,,,,,,Laney College,Predominantly associate's-degree,Associate's
312,20228.0,1144.0,9280.0,,,,,,,,,Lassen Community College,Predominantly associate's-degree,Associate's
313,16570.0,14050.0,14050.0,,,,,,,,,Latin American Bible Institute,Predominantly associate's-degree,Bachelor's
317,51459.0,37710.0,37710.0,,,,,,,,23.0,La Sierra University,Predominantly bachelor's-degree,Graduate
319,14503.0,1556.0,12544.0,,,,,,,,,Long Beach City College,Predominantly certificate-degree,Associate's
320,57740.0,10476.0,10476.0,,,,,,,,,Southern California University of Health Sciences,Predominantly certificate-degree,Graduate
321,21772.0,1238.0,10568.0,,,,,,,,,Los Angeles Harbor College,Predominantly associate's-degree,Associate's
322,21400.0,1238.0,10572.0,,,,,,,,,Los Angeles Pierce College,Predominantly associate's-degree,Associate's
323,13624.0,1238.0,10572.0,,,,,,,,,Los Angeles Southwest College,Predominantly associate's-degree,Associate's
324,20457.0,1238.0,10572.0,,,,,,,,,Los Angeles Trade Technical College,Predominantly certificate-degree,Associate's
325,20546.0,1238.0,10572.0,,,,,,,,,Los Angeles Valley College,Predominantly associate's-degree,Associate's
326,54845.0,39020.0,39020.0,,,,,,,,,The Master's University and Seminary,Predominantly bachelor's-degree,Graduate
327,18924.0,1238.0,10572.0,,,,,,,,,Los Angeles City College,Predominantly associate's-degree,Associate's
329,21717.0,1238.0,10572.0,,,,,,,,,Los Angeles Mission College,Predominantly associate's-degree,Associate's
330,16056.0,1312.0,10320.0,,,,,,,,,Los Medanos College,Predominantly associate's-degree,Associate's
331,83943.0,62357.0,62357.0,640.0,620.0,720.0,710.0,1359.0,28.0,32.0,30.0,Loyola Marymount University,Predominantly bachelor's-degree,Graduate
337,21015.0,1558.0,9334.0,,,,,,,,,College of Marin,Predominantly associate's-degree,Associate's
338,17544.0,1423.0,10003.0,,,,,,,,,Mendocino College,Predominantly associate's-degree,Associate's
339,72020.0,53630.0,53630.0,,,,,,,,,Menlo College,Predominantly bachelor's-degree,Bachelor's
340,14485.0,1200.0,8520.0,,,,,,,,,Merced College,Predominantly associate's-degree,Associate's
341,21424.0,1258.0,9898.0,,,,,,,,,Merritt College,Predominantly certificate-degree,Associate's
342,85418.0,67778.0,67778.0,690.0,730.0,740.0,780.0,1472.0,32.0,33.0,31.0,Northeastern University Oakland,Predominantly bachelor's-degree,Graduate
343,15531.0,1158.0,9750.0,,,,,,,,,MiraCosta College,Predominantly certificate-degree,Bachelor's
344,13744.0,1438.0,12500.0,,,,,,,,,Mission College,Predominantly associate's-degree,Associate's
346,11487.0,1282.0,9264.0,,,,,,,,,Modesto Junior College,Predominantly associate's-degree,Bachelor's
349,19605.0,1188.0,10572.0,,,,,,,,,Monterey Peninsula College,Predominantly associate's-degree,Associate's
350,8015.0,1426.0,9615.0,,,,,,,,,Moorpark College,Predominantly associate's-degree,Associate's
351,15701.0,1364.0,10464.0,,,,,,,,,Mt San Antonio College,Predominantly associate's-degree,Associate's
352,66726.0,49564.0,49564.0,,,,,,,,,Mount Saint Mary's University,Predominantly bachelor's-degree,Graduate
353,14257.0,1448.0,12728.0,,,,,,,,,Mt San Jacinto Community College District,Predominantly associate's-degree,Associate's
354,52369.0,34322.0,34322.0,,,,,,,,,Musicians Institute,Predominantly certificate-degree,Graduate
355,22572.0,1156.0,11908.0,,,,,,,,,Napa Valley College,Predominantly associate's-degree,Associate's
357,33978.0,13284.0,13284.0,,,,,,,,,National University,Predominantly bachelor's-degree,Graduate
359,62004.0,30291.0,30291.0,,,,,,,,,Newschool of Architecture and Design,Predominantly bachelor's-degree,Graduate
366,84800.0,66274.0,66274.0,690.0,690.0,750.0,770.0,1452.0,31.0,34.0,32.0,Occidental College,Predominantly bachelor's-degree,Bachelor's
367,21254.0,1202.0,8714.0,,,,,,,,,Ohlone College,Predominantly associate's-degree,Associate's
368,15561.0,1392.0,11640.0,,,,,,,,,Orange Coast College,Predominantly certificate-degree,Associate's
369,75861.0,56488.0,56488.0,665.0,600.0,720.0,675.0,1310.0,,,25.0,Otis College of Art and Design,Predominantly bachelor's-degree,Graduate
370,9437.0,1426.0,9615.0,,,,,,,,,Oxnard College,Predominantly associate's-degree,Associate's
371,51784.0,38050.0,38050.0,420.0,420.0,570.0,650.0,1020.0,,,,Hope International University,Predominantly bachelor's-degree,Graduate
377,49404.0,37173.0,37173.0,,,,,,,,,Pacific Union College,Predominantly bachelor's-degree,Graduate
378,71515.0,57080.0,57080.0,590.0,593.0,710.0,770.0,1346.0,23.0,32.0,28.0,University of the Pacific,Predominantly bachelor's-degree,Graduate
379,25212.0,1288.0,12880.0,,,,,,,,,Palo Verde College,Predominantly associate's-degree,Associate's
380,14360.0,1354.0,10650.0,,,,,,,,,Palomar College,Predominantly certificate-degree,Associate's
381,13677.0,1180.0,9820.0,,,,,,,,,Pasadena City College,Predominantly associate's-degree,Associate's
382,93512.0,69918.0,69918.0,650.0,640.0,710.0,740.0,1384.0,29.0,32.0,28.0,Pepperdine University,Predominantly bachelor's-degree,Graduate
383,86466.0,65192.0,65192.0,,,,,,,,,Pitzer College,Predominantly bachelor's-degree,Bachelor's
384,60488.0,46250.0,46250.0,610.0,565.0,695.0,670.0,1287.0,25.0,32.0,26.0,Point Loma Nazarene University,Predominantly bachelor's-degree,Graduate
385,85300.0,65420.0,65420.0,740.0,750.0,770.0,790.0,1534.0,33.0,35.0,34.0,Pomona College,Predominantly bachelor's-degree,Bachelor's
386,20730.0,1438.0,11308.0,,,,,,,,,Porterville College,Predominantly associate's-degree,Associate's
388,12375.0,1180.0,10756.0,,,,,,,,,Santa Ana College,Predominantly certificate-degree,Bachelor's
391,76630.0,60878.0,60878.0,560.0,547.0,680.0,670.0,1241.0,21.0,28.0,29.0,University of Redlands,Predominantly bachelor's-degree,Graduate
392,15504.0,1198.0,8854.0,,,,,,,,,College of the Redwoods,Predominantly associate's-degree,Associate's
395,21391.0,1388.0,9884.0,,,,,,,,,Rio Hondo College,Predominantly associate's-degree,Bachelor's
396,16911.0,1428.0,12498.0,,,,,,,,,Riverside City College,Predominantly associate's-degree,Associate's
398,15767.0,1288.0,12616.0,,,,,,,,,Sacramento City College,Predominantly associate's-degree,Associate's
399,13939.0,1156.0,11860.0,,,,,,,,,Saddleback College,Predominantly associate's-degree,Associate's
401,21202.0,1146.0,10002.0,,,,,,,,,San Diego City College,Predominantly associate's-degree,Associate's
402,19371.0,1146.0,10002.0,,,,,,,,,San Diego Mesa College,Predominantly associate's-degree,Bachelor's
403,17126.0,1146.0,10002.0,,,,,,,,,San Diego Miramar College,Predominantly associate's-degree,Associate's
404,27780.0,8728.0,21328.0,,,,,,,,,San Diego State University,Predominantly bachelor's-degree,Graduate
405,78720.0,59486.0,59486.0,,,,,,,,,University of San Diego,Predominantly bachelor's-degree,Graduate
406,78781.0,56150.0,56150.0,,,,,,,,,San Francisco Conservatory of Music,Predominantly bachelor's-degree,Graduate
407,26488.0,7950.0,20550.0,,,,,,,,,San Francisco State University,Predominantly bachelor's-degree,Graduate
408,80141.0,60492.0,60492.0,610.0,580.0,700.0,690.0,1295.0,25.0,30.0,29.0,University of San Francisco,Predominantly bachelor's-degree,Graduate
410,9965.0,1180.0,9772.0,,,,,,,,,San Joaquin Delta College,Predominantly associate's-degree,Associate's
413,53703.0,37150.0,37150.0,553.0,488.0,638.0,590.0,1150.0,,,,William Jessup University,Predominantly bachelor's-degree,Graduate
414,26081.0,1366.0,11922.0,,,,,,,,,San Jose City College,Predominantly associate's-degree,Associate's
415,26593.0,8410.0,21010.0,,,,,,,,,San Jose State University,Predominantly bachelor's-degree,Graduate
416,10837.0,1332.0,11384.0,,,,,,,,,College of San Mateo,Predominantly associate's-degree,Associate's
417,20394.0,1240.0,10432.0,,,,,,,,,Santa Barbara City College,Predominantly associate's-degree,Associate's
418,82026.0,61293.0,61293.0,670.0,680.0,730.0,760.0,1426.0,31.0,33.0,32.0,Santa Clara University,Predominantly bachelor's-degree,Graduate
419,11162.0,1156.0,10708.0,,,,,,,,,Santa Monica College,Predominantly associate's-degree,Bachelor's
420,15974.0,1318.0,11308.0,,,,,,,,,Santa Rosa Junior College,Predominantly certificate-degree,Associate's
422,87564.0,65950.0,65950.0,720.0,720.0,770.0,770.0,1492.0,31.0,34.0,33.0,Scripps College,Predominantly bachelor's-degree,Graduate
423,9145.0,1394.0,9038.0,,,,,,,,,College of the Sequoias,Predominantly associate's-degree,Associate's
424,34535.0,14535.0,14535.0,,,,,,,,,Shasta Bible College and Graduate School,Predominantly bachelor's-degree,Graduate
425,13915.0,1197.0,8853.0,,,,,,,,,Shasta College,Predominantly associate's-degree,Bachelor's
426,17002.0,1446.0,1446.0,,,,,,,,,Sierra College,Predominantly associate's-degree,Associate's
429,54688.0,39708.0,39708.0,,,,,,,,,Simpson University,Predominantly bachelor's-degree,Graduate
430,17725.0,1444.0,9394.0,,,,,,,,,College of the Siskiyous,Predominantly associate's-degree,Associate's
432,11880.0,1272.0,9956.0,,,,,,,,,Skyline College,Predominantly associate's-degree,Bachelor's
433,22678.0,1196.0,14382.0,,,,,,,,,San Bernardino Valley College,Predominantly associate's-degree,Associate's
434,77659.0,57803.0,57803.0,,,,,,,,,Saint Mary's College of California,Predominantly bachelor's-degree,Graduate
435,13143.0,1172.0,9812.0,,,,,,,,,Solano Community College,Predominantly associate's-degree,Bachelor's
436,24648.0,8624.0,21224.0,,,,,,,,,Sonoma State University,Predominantly bachelor's-degree,Graduate
438,18982.0,13494.0,13494.0,,,,,,,,,South Coast College,Predominantly certificate-degree,Associate's
439,52665.0,41700.0,41700.0,,,,,,,,22.0,Vanguard University of Southern California,Predominantly bachelor's-degree,Graduate
441,22104.0,1344.0,10640.0,,,,,,,,,Southwestern College,Predominantly associate's-degree,Associate's
444,71612.0,56162.0,56162.0,,,,,,,,,Southern California Institute of Architecture,Predominantly bachelor's-degree,Graduate
445,90300.0,72097.0,72097.0,710.0,740.0,760.0,790.0,1495.0,32.0,35.0,34.0,University of Southern California,Predominantly bachelor's-degree,Graduate
447,14074.0,1108.0,10852.0,,,,,,,,,Taft College,Predominantly associate's-degree,Associate's
449,43426.0,30200.0,30200.0,640.0,580.0,730.0,670.0,1329.0,28.0,33.0,28.0,Thomas Aquinas College,Predominantly bachelor's-degree,Bachelor's
454,9306.0,1426.0,9615.0,,,,,,,,,Ventura College,Predominantly associate's-degree,Associate's
457,8974.0,1425.0,10125.0,,,,,,,,,Victor Valley College,Predominantly certificate-degree,Associate's
458,18845.0,1258.0,9898.0,,,,,,,,,Berkeley City College,Predominantly associate's-degree,Associate's
459,35358.0,12762.0,12762.0,,,,,,,,,Walden University,Predominantly bachelor's-degree,Graduate
461,19272.0,1384.0,10954.0,,,,,,,,,Coalinga College,Predominantly certificate-degree,Associate's
462,17336.0,1238.0,10572.0,,,,,,,,,West Los Angeles College,Predominantly associate's-degree,Bachelor's
463,13717.0,0.0,8702.0,,,,,,,,,West Valley College,Predominantly associate's-degree,Associate's
466,71150.0,53584.0,53584.0,630.0,610.0,750.0,700.0,1328.0,25.0,32.0,29.0,Westmont College,Predominantly bachelor's-degree,Bachelor's
467,63664.0,51350.0,51350.0,,,,,,,,26.0,Whittier College,Predominantly bachelor's-degree,Graduate
468,58010.0,47056.0,47056.0,,,,,,,,,Woodbury University,Predominantly bachelor's-degree,Graduate
471,31300.0,16900.0,16900.0,,,,,,,,,Yeshiva Ohr Elchonon Chabad West Coast Talmudical Seminary,Predominantly bachelor's-degree,Bachelor's
472,11496.0,1128.0,8208.0,,,,,,,,,Yuba College,Predominantly associate's-degree,Associate's
473,24352.0,9824.0,21944.0,,,,,,,,21.0,Adams State University,Predominantly bachelor's-degree,Graduate
474,16657.0,2258.0,11786.0,,,,,,,,,Aims Community College,Predominantly certificate-degree,Associate's
475,18332.0,4434.0,17034.0,,,,,,,,,Arapahoe Community College,Predominantly certificate-degree,Bachelor's
476,28043.0,13819.0,13819.0,,,,,,,,,Bel-Rea Institute of Animal Technology,Predominantly associate's-degree,Associate's
477,24902.0,10383.0,29391.0,490.0,490.0,620.0,600.0,1116.0,23.0,32.0,25.0,University of Colorado Denver/Anschutz Medical Campus,Predominantly bachelor's-degree,Graduate
478,24595.0,10149.0,24336.0,510.0,500.0,620.0,600.0,1133.0,20.0,26.0,,University of Colorado Colorado Springs,Predominantly bachelor's-degree,Graduate
479,37719.0,20235.0,20235.0,,,,,,,,,Spartan College of Aeronautics and Technology,Predominantly associate's-degree,Associate's
480,37684.0,15666.0,44918.0,630.0,610.0,710.0,720.0,1357.0,29.0,33.0,28.0,University of Colorado Boulder,Predominantly bachelor's-degree,Graduate
481,54242.0,41342.0,41342.0,,,,,,,,,Colorado Christian University,Predominantly bachelor's-degree,Graduate
482,86921.0,70734.0,70734.0,640.0,590.0,730.0,730.0,1365.0,29.0,33.0,,Colorado College,Predominantly bachelor's-degree,Graduate
484,14799.0,2616.0,12840.0,,,,,,,,,Colorado Mountain College,Predominantly certificate-degree,Bachelor's
485,20923.0,4594.0,7304.0,,,,,,,,,Colorado Northwestern Community College,Predominantly associate's-degree,Associate's
486,40560.0,21914.0,45824.0,650.0,670.0,730.0,750.0,1412.0,29.0,33.0,31.0,Colorado School of Mines,Predominantly bachelor's-degree,Graduate
488,31642.0,13373.0,34783.0,,,,,,,,26.0,Colorado State University-Fort Collins,Predominantly bachelor's-degree,Graduate
489,23744.0,12750.0,12750.0,,,,,,,,,Colorado Technical University-Colorado Springs,Predominantly bachelor's-degree,Graduate
490,17275.0,4470.0,17070.0,,,,,,,,,Community College of Aurora,Predominantly associate's-degree,Associate's
492,19550.0,4902.0,17136.0,,,,,,,,,Community College of Denver,Predominantly certificate-degree,Bachelor's
495,78476.0,61398.0,61398.0,640.0,600.0,710.0,700.0,1355.0,28.0,33.0,29.0,University of Denver,Predominantly bachelor's-degree,Graduate
497,27030.0,9958.0,21526.0,505.0,505.0,605.0,605.0,1111.0,18.0,26.0,20.0,Fort Lewis College,Predominantly bachelor's-degree,Graduate
498,21526.0,4663.0,17263.0,,,,,,,,,Front Range Community College,Predominantly certificate-degree,Bachelor's
501,20044.0,4550.0,7260.0,,,,,,,,,Lamar Community College,Predominantly associate's-degree,Associate's
502,24046.0,9927.0,25124.0,480.0,450.0,590.0,570.0,1055.0,18.0,24.0,23.0,Colorado Mesa University,Predominantly bachelor's-degree,Graduate
503,24622.0,11124.0,30684.0,450.0,430.0,570.0,560.0,1019.0,17.0,26.0,21.0,Metropolitan State University of Denver,Predominantly bachelor's-degree,Graduate
504,17497.0,4252.0,16852.0,,,,,,,,,Morgan Community College,Predominantly certificate-degree,Bachelor's
505,53397.0,36620.0,36620.0,,,,,,,,,Naropa University,Predominantly bachelor's-degree,Graduate
507,21558.0,5730.0,8267.0,,,,,,,,,Northeastern Junior College,Predominantly certificate-degree,Associate's
508,29254.0,12416.0,27266.0,490.0,460.0,610.0,580.0,1082.0,21.0,26.0,23.0,University of Northern Colorado,Predominantly bachelor's-degree,Graduate
509,21020.0,4576.0,7286.0,,,,,,,,,Otero College,Predominantly certificate-degree,Associate's
510,18473.0,4510.0,17110.0,,,,,,,,,Pikes Peak State College,Predominantly certificate-degree,Bachelor's
511,22002.0,5049.0,17649.0,,,,,,,,,Pueblo Community College,Predominantly certificate-degree,Bachelor's
512,18143.0,4859.0,17459.0,,,,,,,,,Red Rocks Community College,Predominantly certificate-degree,Graduate
513,54800.0,46340.0,46340.0,,,,,1220.0,22.0,29.0,25.0,Regis University,Predominantly bachelor's-degree,Graduate
514,37505.0,20190.0,20190.0,,,,,,,,,Rocky Mountain College of Art and Design,Predominantly bachelor's-degree,Bachelor's
516,23937.0,9720.0,17944.0,,,,,1120.0,19.0,26.0,22.0,Colorado State University Pueblo,Predominantly bachelor's-degree,Graduate
517,12439.0,5140.0,9250.0,,,,,,,,,Pickens Technical College,Predominantly certificate-degree,Certificate
520,21458.0,4608.0,7318.0,,,,,,,,,Trinidad State College,Predominantly certificate-degree,Bachelor's
523,25736.0,11318.0,24434.0,608.0,555.0,683.0,670.0,1230.0,22.0,26.0,24.0,Western Colorado University,Predominantly bachelor's-degree,Graduate
524,59407.0,41908.0,41908.0,,,,,,,,,Albertus Magnus College,Predominantly bachelor's-degree,Graduate
525,35950.0,9450.0,9450.0,,,,,,,,,Bais Binyomin Academy,Predominantly associate's-degree,Associate's
526,52957.0,35760.0,35760.0,,,,,,,,,University of Bridgeport,Predominantly bachelor's-degree,Graduate
527,24870.0,13050.0,16550.0,490.0,470.0,600.0,590.0,1080.0,,,23.0,Central Connecticut State University,Predominantly bachelor's-degree,Graduate
528,23210.0,8506.0,8506.0,,,,,,,,,Charter Oak State College,Predominantly bachelor's-degree,Graduate
530,84623.0,67242.0,67242.0,690.0,660.0,760.0,740.0,1432.0,30.0,33.0,32.0,Connecticut College,Predominantly bachelor's-degree,Bachelor's
531,26042.0,14337.0,14337.0,,,,,,,,,Porter & Chester Institute of Hamden,Predominantly certificate-degree,Certificate
532,39426.0,21044.0,43712.0,610.0,600.0,710.0,730.0,1348.0,28.0,33.0,30.0,University of Connecticut,Predominantly bachelor's-degree,Graduate
533,39589.0,21198.0,21198.0,,,,,,,,,Goodwin University,Predominantly associate's-degree,Graduate
535,31983.0,13928.0,17428.0,540.0,530.0,650.0,610.0,1160.0,,,,Eastern Connecticut State University,Predominantly bachelor's-degree,Graduate
536,76074.0,58350.0,58350.0,630.0,630.0,700.0,690.0,1335.0,29.0,32.0,29.0,Fairfield University,Predominantly bachelor's-degree,Graduate
538,18370.0,5338.0,15596.0,,,,,,,,,Connecticut State Community College,Predominantly associate's-degree,Associate's
541,64729.0,49075.0,49075.0,570.0,550.0,660.0,650.0,1219.0,24.0,30.0,26.0,University of Hartford,Predominantly bachelor's-degree,Graduate
542,17990.0,9580.0,9580.0,,,,,,,,,Holy Apostles College and Seminary,Predominantly bachelor's-degree,Graduate
543,55621.0,40490.0,40490.0,,,,,,,,,Mitchell College,Predominantly bachelor's-degree,Bachelor's
546,66962.0,47332.0,47332.0,540.0,520.0,645.0,620.0,1160.0,,,27.0,University of New Haven,Predominantly bachelor's-degree,Graduate
547,25892.0,14349.0,14349.0,,,,,,,,,Porter & Chester Institute,Predominantly certificate-degree,Certificate
548,28897.0,16327.0,16327.0,,,,,,,,,Post University,Predominantly bachelor's-degree,Graduate
549,72215.0,55480.0,55480.0,580.0,570.0,660.0,660.0,1242.0,25.0,30.0,,Quinnipiac University,Predominantly bachelor's-degree,Graduate
550,69289.0,50404.0,50404.0,,,,,,,,,Sacred Heart University,Predominantly bachelor's-degree,Graduate
551,59900.0,47278.0,47278.0,440.0,410.0,610.0,560.0,950.0,,,,University of Saint Joseph,Predominantly bachelor's-degree,Graduate
552,29673.0,13438.0,27378.0,,,,,,,,,Southern Connecticut State University,Predominantly bachelor's-degree,Graduate
553,87840.0,70770.0,70770.0,658.0,640.0,740.0,730.0,1415.0,30.0,34.0,31.0,Trinity College,Predominantly bachelor's-degree,Graduate
555,89020.0,70342.0,70342.0,705.0,710.0,760.0,780.0,1501.0,33.0,35.0,33.0,Wesleyan University,Predominantly bachelor's-degree,Graduate
556,24877.0,13401.0,16901.0,510.0,530.0,580.0,590.0,1110.0,,,,Western Connecticut State University,Predominantly bachelor's-degree,Graduate
557,88300.0,67250.0,67250.0,730.0,740.0,780.0,790.0,1534.0,33.0,35.0,34.0,Yale University,Predominantly bachelor's-degree,Graduate
560,17232.0,5445.0,12308.0,,,,,,,,,Delaware Technical Community College-Terry,Predominantly associate's-degree,Bachelor's
561,27939.0,10670.0,20634.0,420.0,380.0,520.0,500.0,940.0,20.0,24.0,,Delaware State University,Predominantly bachelor's-degree,Graduate
562,30952.0,16810.0,41400.0,600.0,590.0,690.0,680.0,1292.0,28.0,32.0,29.0,University of Delaware,Predominantly bachelor's-degree,Graduate
563,26502.0,14940.0,14940.0,,,,,,,,,Goldey-Beacom College,Predominantly bachelor's-degree,Graduate
565,19644.0,12630.0,12630.0,,,,,,,,,Wilmington University,Predominantly bachelor's-degree,Graduate
566,76058.0,58771.0,58771.0,660.0,620.0,740.0,720.0,1381.0,29.0,32.0,31.0,American University,Predominantly bachelor's-degree,Graduate
567,75481.0,58378.0,58378.0,,,,,,,,,The Catholic University of America,Predominantly bachelor's-degree,Graduate
568,20437.0,5662.0,12514.0,,,,,,,,,University of the District of Columbia,Predominantly associate's-degree,Graduate
570,40374.0,19654.0,19654.0,380.0,400.0,502.0,520.0,868.0,14.0,17.0,17.0,Gallaudet University,Predominantly bachelor's-degree,Graduate
571,83856.0,67710.0,67710.0,680.0,670.0,750.0,750.0,1433.0,31.0,34.0,32.0,George Washington University,Predominantly bachelor's-degree,Graduate
572,88741.0,68017.0,68017.0,700.0,690.0,770.0,780.0,1487.0,31.0,35.0,34.0,Georgetown University,Predominantly bachelor's-degree,Graduate
573,54630.0,35810.0,35810.0,560.0,530.0,670.0,650.0,1213.0,22.0,28.0,24.0,Howard University,Predominantly bachelor's-degree,Graduate
576,33903.0,26610.0,26610.0,,,,,,,,,Trinity Washington University,Predominantly bachelor's-degree,Graduate
579,23159.0,15000.0,15000.0,,,,,,,,20.0,Baptist University of Florida,Predominantly bachelor's-degree,Graduate
580,50778.0,34350.0,34350.0,,,,,,,,,Barry University,Predominantly bachelor's-degree,Graduate
581,29764.0,14794.0,14794.0,430.0,400.0,510.0,480.0,880.0,,,17.0,Bethune-Cookman University,Predominantly bachelor's-degree,Graduate
582,67880.0,44480.0,44480.0,530.0,510.0,610.0,590.0,1134.0,21.0,26.0,23.0,Lynn University,Predominantly bachelor's-degree,Graduate
584,11966.0,2496.0,9739.0,,,,,,,,,Eastern Florida State College,Predominantly associate's-degree,Bachelor's
585,21947.0,2830.0,8952.0,,,,,,,,,Broward College,Predominantly associate's-degree,Bachelor's
586,28344.0,13818.0,13818.0,,,,,,,,,Albizu University-Miami,Predominantly bachelor's-degree,Graduate
587,18424.0,2710.0,10517.0,,,,,,,,,College of Central Florida,Predominantly certificate-degree,Bachelor's
588,23133.0,6368.0,22467.0,610.0,590.0,680.0,670.0,1269.0,25.0,29.0,28.0,University of Central Florida,Predominantly bachelor's-degree,Graduate
589,13272.0,3110.0,12110.0,,,,,,,,,Charlotte Technical College,Predominantly certificate-degree,Certificate
590,9262.0,3120.0,8950.0,,,,,,,,,Chipola College,Predominantly associate's-degree,Bachelor's
592,12050.0,3106.0,11994.0,,,,,,,,,Daytona State College,Predominantly associate's-degree,Bachelor's
593,29798.0,18145.0,18145.0,,,,,,,,,South University-West Palm Beach,Predominantly bachelor's-degree,Graduate
594,68944.0,51884.0,51884.0,600.0,560.0,690.0,640.0,1250.0,24.0,29.0,,Eckerd College,Predominantly bachelor's-degree,Bachelor's
595,14254.0,3401.0,12979.0,,,,,,,,,Florida SouthWestern State College,Predominantly associate's-degree,Bachelor's
596,26617.0,16366.0,16366.0,,,,,,,,,Edward Waters University,Predominantly bachelor's-degree,Graduate
597,64632.0,44249.0,44249.0,580.0,580.0,670.0,690.0,1257.0,24.0,30.0,26.0,Embry-Riddle Aeronautical University-Daytona Beach,Predominantly bachelor's-degree,Graduate
598,23970.0,5785.0,17725.0,520.0,510.0,610.0,570.0,1107.0,20.0,24.0,20.0,Florida Agricultural and Mechanical University,Predominantly bachelor's-degree,Graduate
599,21522.0,4879.0,17324.0,530.0,510.0,610.0,590.0,1127.0,21.0,26.0,23.0,Florida Atlantic University,Predominantly bachelor's-degree,Graduate
600,9323.0,2878.0,9992.0,,,,,,,,,Florida State College at Jacksonville,Predominantly associate's-degree,Bachelor's
601,45744.0,29900.0,29900.0,510.0,450.0,620.0,570.0,1084.0,19.0,25.0,23.0,Flagler College,Predominantly bachelor's-degree,Graduate
602,34870.0,20360.0,20360.0,480.0,450.0,630.0,590.0,1108.0,19.0,25.0,23.0,Florida College,Predominantly bachelor's-degree,Bachelor's
606,38408.0,21420.0,21420.0,,,,,,,,,AdventHealth University,Predominantly bachelor's-degree,Graduate
607,62440.0,45900.0,45900.0,560.0,560.0,660.0,660.0,1225.0,23.0,28.0,27.0,Florida Institute of Technology,Predominantly bachelor's-degree,Graduate
608,21462.0,6565.0,18964.0,550.0,520.0,640.0,620.0,1163.0,21.0,27.0,24.0,Florida International University,Predominantly bachelor's-degree,Graduate
609,19667.0,3276.0,13162.0,,,,,,,,,The College of the Florida Keys,Predominantly associate's-degree,Bachelor's
610,35809.0,20174.0,20174.0,,,,,,,,,Florida Memorial University,Predominantly bachelor's-degree,Graduate
612,60768.0,44040.0,44040.0,590.0,560.0,680.0,650.0,1252.0,25.0,30.0,28.0,Florida Southern College,Predominantly bachelor's-degree,Graduate
613,25720.0,5656.0,18786.0,640.0,630.0,710.0,700.0,1361.0,29.0,32.0,28.0,Florida State University,Predominantly bachelor's-degree,Graduate
614,22523.0,6381.0,28659.0,660.0,660.0,730.0,750.0,1403.0,29.0,33.0,31.0,University of Florida,Predominantly bachelor's-degree,Graduate
616,47530.0,26906.0,26906.0,,,,,,,,,Full Sail University,Predominantly bachelor's-degree,Graduate
619,14657.0,2370.0,8635.0,,,,,,,,,Gulf Coast State College,Predominantly associate's-degree,Bachelor's
620,9924.0,2506.0,9111.0,,,,,,,,,Hillsborough Community College,Predominantly associate's-degree,Bachelor's
621,18838.0,9068.0,9068.0,,,,,,,,,Hobe Sound Bible College,Predominantly bachelor's-degree,Graduate
624,11576.0,2764.0,10201.0,,,,,,,,,Indian River State College,Predominantly associate's-degree,Bachelor's
626,63969.0,47830.0,47830.0,580.0,520.0,660.0,620.0,1205.0,22.0,27.0,23.0,Jacksonville University,Predominantly bachelor's-degree,Graduate
627,43251.0,25056.0,25056.0,,,,,,,,,Keiser University-Ft Lauderdale,Predominantly associate's-degree,Graduate
629,14388.0,3100.0,11747.0,,,,,,,,,Florida Gateway College,Predominantly certificate-degree,Bachelor's
631,12626.0,3292.0,13276.0,,,,,,,,,Lake-Sumter State College,Predominantly associate's-degree,Bachelor's
636,31680.0,11320.0,11320.0,,,,,,,,,Luther Rice College & Seminary,Predominantly bachelor's-degree,Graduate
637,28709.0,3074.0,11595.0,,,,,,,,,State College of Florida-Manatee-Sarasota,Predominantly associate's-degree,Bachelor's
642,13567.0,2838.0,9661.0,,,,,,,,,Miami Dade College,Predominantly certificate-degree,Bachelor's
643,86078.0,62616.0,62616.0,660.0,660.0,730.0,750.0,1415.0,30.0,33.0,32.0,University of Miami,Predominantly bachelor's-degree,Graduate
646,9265.0,3054.0,11400.0,,,,,,,,,North Florida College,Predominantly associate's-degree,Bachelor's
647,20983.0,6389.0,20793.0,550.0,520.0,650.0,620.0,1153.0,19.0,25.0,23.0,University of North Florida,Predominantly bachelor's-degree,Graduate
648,56692.0,38700.0,38700.0,530.0,500.0,650.0,650.0,1157.0,19.0,28.0,25.0,Nova Southeastern University,Predominantly bachelor's-degree,Graduate
649,12914.0,2583.0,10612.0,,,,,,,,,Northwest Florida State College,Predominantly associate's-degree,Bachelor's
651,53827.0,40650.0,40650.0,500.0,450.0,620.0,600.0,1075.0,18.0,26.0,23.0,Palm Beach Atlantic University,Predominantly bachelor's-degree,Graduate
652,16830.0,3050.0,10910.0,,,,,,,,,Palm Beach State College,Predominantly associate's-degree,Bachelor's
653,11730.0,3155.0,12032.0,,,,,,,,,Pasco-Hernando State College,Predominantly associate's-degree,Bachelor's
654,11894.0,2361.0,9460.0,,,,,,,,,Pensacola State College,Predominantly associate's-degree,Bachelor's
656,13451.0,2694.0,9817.0,,,,,,,,,Polk State College,Predominantly associate's-degree,Bachelor's
659,27493.0,3930.0,10530.0,,,,,,,,,Ridge Technical College,Predominantly certificate-degree,Certificate
660,80276.0,57900.0,57900.0,,,,,,,,,Ringling College of Art and Design,Predominantly bachelor's-degree,Bachelor's
662,76108.0,60580.0,60580.0,600.0,560.0,690.0,680.0,1271.0,25.0,30.0,,Rollins College,Predominantly bachelor's-degree,Graduate
664,45264.0,30000.0,30000.0,,,,,,,,22.0,Saint Leo University,Predominantly bachelor's-degree,Graduate
665,12885.0,2682.0,9286.0,,,,,,,,,St Petersburg College,Predominantly associate's-degree,Bachelor's
667,14165.0,2563.0,9189.0,,,,,,,,,Santa Fe College,Predominantly associate's-degree,Bachelor's
669,14281.0,3122.0,11447.0,,,,,,,,,Seminole State College of Florida,Predominantly certificate-degree,Bachelor's
672,12906.0,2591.0,9335.0,,,,,,,,,Saint Johns River State College,Predominantly associate's-degree,Bachelor's
673,10169.0,3165.0,11859.0,,,,,,,,,South Florida State College,Predominantly associate's-degree,Bachelor's
674,22859.0,6410.0,17324.0,580.0,550.0,660.0,660.0,1227.0,24.0,29.0,27.0,University of South Florida,Predominantly bachelor's-degree,Graduate
675,51205.0,34770.0,34770.0,,,,,,,,19.0,St. Thomas University,Predominantly bachelor's-degree,Graduate
676,72533.0,57410.0,57410.0,540.0,520.0,660.0,610.0,1176.0,21.0,28.0,26.0,Stetson University,Predominantly bachelor's-degree,Graduate
677,49329.0,32950.0,32950.0,,,,,,,,22.0,Southeastern University,Predominantly bachelor's-degree,Graduate
680,13378.0,2026.0,8062.0,,,,,,,,,Tallahassee State College,Predominantly associate's-degree,Bachelor's
681,33000.0,16750.0,16750.0,,,,,,,,,Talmudic College of Florida,Predominantly bachelor's-degree,Bachelor's
682,51614.0,34408.0,34408.0,,,,,,,,26.0,The University of Tampa,Predominantly bachelor's-degree,Graduate
685,26995.0,15100.0,15100.0,408.0,370.0,483.0,523.0,907.0,16.0,20.0,19.0,Trinity Baptist College,Predominantly bachelor's-degree,Graduate
686,24904.0,16300.0,16300.0,,,,,,,,21.0,Trinity College of Florida,Predominantly bachelor's-degree,Bachelor's
687,18529.0,2664.0,9576.0,,,,,,,,,Valencia College,Predominantly certificate-degree,Bachelor's
688,41044.0,29992.0,29992.0,410.0,380.0,540.0,530.0,932.0,14.0,20.0,19.0,Warner University,Predominantly bachelor's-degree,Graduate
690,50989.0,33770.0,33770.0,,,,,,,,,Webber International University,Predominantly bachelor's-degree,Graduate
691,28346.0,15314.0,15314.0,,,,,,,,,Rasmussen University-Florida,Predominantly associate's-degree,Bachelor's
692,19947.0,6360.0,19241.0,520.0,500.0,630.0,600.0,1138.0,20.0,27.0,24.0,University of West Florida,Predominantly bachelor's-degree,Graduate
697,13956.0,3268.0,10588.0,440.0,420.0,560.0,520.0,990.0,17.0,22.0,19.0,Abraham Baldwin Agricultural College,Predominantly bachelor's-degree,Bachelor's
698,63283.0,50604.0,50604.0,620.0,540.0,695.0,635.0,1260.0,25.0,31.0,,Agnes Scott College,Predominantly bachelor's-degree,Graduate
699,22064.0,11330.0,11330.0,,,,,,,,,Interactive College of Technology-Chamblee,Predominantly certificate-degree,Associate's
700,22961.0,11210.0,11210.0,,,,,,,,,Interactive College of Technology-Morrow,Predominantly associate's-degree,Associate's
701,14101.0,3364.0,5932.0,,,,,,,,,Albany Technical College,Predominantly certificate-degree,Associate's
702,19333.0,5656.0,17008.0,,,,,,,,,Albany State University,Predominantly bachelor's-degree,Graduate
703,37612.0,19604.0,19604.0,,,,,,,,20.0,Andrew College,Predominantly associate's-degree,Bachelor's
705,9197.0,3382.0,5950.0,,,,,,,,,Atlanta Technical College,Predominantly certificate-degree,Associate's
706,33564.0,24000.0,24000.0,,,,,,,,19.0,Point University,Predominantly associate's-degree,Graduate
707,11740.0,3248.0,10400.0,,,,,,,,,Atlanta Metropolitan State College,Predominantly associate's-degree,Bachelor's
709,43676.0,28310.0,28310.0,,,,,,,,19.0,Clark Atlanta University,Predominantly bachelor's-degree,Graduate
710,19254.0,4282.0,7492.0,,,,,,,,,Augusta Technical College,Predominantly certificate-degree,Associate's
711,56697.0,41686.0,41686.0,580.0,545.0,680.0,650.0,1220.0,22.0,28.0,27.0,Berry College,Predominantly bachelor's-degree,Graduate
713,46010.0,34027.0,34027.0,500.0,430.0,620.0,580.0,1079.0,18.0,22.0,23.0,Brenau University,Predominantly bachelor's-degree,Graduate
714,38918.0,20120.0,20120.0,,,,,,,,21.0,Brewton-Parker College,Predominantly bachelor's-degree,Graduate
715,21924.0,3616.0,10936.0,465.0,410.0,570.0,530.0,1000.0,17.0,22.0,19.0,College of Coastal Georgia,Predominantly bachelor's-degree,Bachelor's
716,11209.0,3410.0,5978.0,,,,,,,,,West Georgia Technical College,Predominantly certificate-degree,Associate's
717,17415.0,5180.0,16532.0,450.0,410.0,558.0,520.0,958.0,15.0,19.0,,Clayton  State University,Predominantly bachelor's-degree,Graduate
719,13144.0,4052.0,7262.0,,,,,,,,,Columbus Technical College,Predominantly certificate-degree,Associate's
720,21676.0,5898.0,17610.0,440.0,360.0,530.0,530.0,977.0,16.0,22.0,21.0,Columbus State University,Predominantly bachelor's-degree,Graduate
721,15096.0,3300.0,5868.0,,,,,,,,,Georgia Northwestern Technical College,Predominantly certificate-degree,Associate's
722,57467.0,42040.0,42040.0,600.0,560.0,710.0,670.0,1294.0,23.0,30.0,26.0,Covenant College,Predominantly bachelor's-degree,Graduate
723,12719.0,3336.0,10656.0,,,,,,,,,Dalton State College,Predominantly bachelor's-degree,Bachelor's
725,36577.0,18145.0,18145.0,,,,,,,,,South University-Savannah,Predominantly bachelor's-degree,Graduate
726,15966.0,2900.0,9860.0,,,,,,,,,East Georgia State College,Predominantly associate's-degree,Associate's
727,37604.0,25500.0,25500.0,,,,,,,,21.0,Emmanuel University,Predominantly bachelor's-degree,Graduate
728,83622.0,64280.0,64280.0,720.0,750.0,760.0,790.0,1520.0,32.0,35.0,33.0,Emory University,Predominantly bachelor's-degree,Graduate
729,13389.0,3120.0,10080.0,,,,,,,,,Georgia Highlands College,Predominantly associate's-degree,Bachelor's
730,19879.0,5526.0,16932.0,480.0,450.0,560.0,510.0,994.0,19.0,24.0,18.0,Fort Valley State University,Predominantly bachelor's-degree,Graduate
732,28167.0,12058.0,34484.0,680.0,690.0,750.0,790.0,1480.0,30.0,34.0,32.0,Georgia Institute of Technology-Main Campus,Predominantly bachelor's-degree,Graduate
733,20484.0,5220.0,16572.0,460.0,430.0,570.0,540.0,978.0,16.0,22.0,21.0,Georgia Southwestern State University,Predominantly bachelor's-degree,Graduate
734,30258.0,9186.0,29512.0,550.0,520.0,630.0,600.0,1163.0,22.0,26.0,24.0,Georgia College & State University,Predominantly bachelor's-degree,Graduate
735,24430.0,6022.0,17734.0,528.0,458.0,583.0,550.0,1053.0,18.0,23.0,21.0,Georgia Southern University,Predominantly bachelor's-degree,Graduate
736,28241.0,8664.0,24840.0,480.0,460.0,590.0,590.0,1076.0,19.0,26.0,23.0,Georgia State University,Predominantly bachelor's-degree,Graduate
737,27993.0,11450.0,31688.0,640.0,630.0,730.0,750.0,1397.0,29.0,34.0,31.0,University of Georgia,Predominantly bachelor's-degree,Graduate
738,14771.0,3628.0,10948.0,450.0,440.0,590.0,540.0,1023.0,15.0,24.0,20.0,Gordon State College,Predominantly associate's-degree,Bachelor's
739,16430.0,3516.0,6084.0,,,,,,,,,Southern Crescent Technical College,Predominantly certificate-degree,Associate's
740,31921.0,20950.0,20950.0,,,,,,,,,Gupton Jones College of Funeral Service,Predominantly associate's-degree,Associate's
741,37077.0,11300.0,11300.0,,,,,,,,,Gwinnett College-Lilburn,Predominantly certificate-degree,Associate's
742,15322.0,3524.0,6092.0,,,,,,,,,Gwinnett Technical College,Predominantly certificate-degree,Associate's
744,49681.0,35400.0,35400.0,,,,,,,,,LaGrange College,Predominantly bachelor's-degree,Graduate
745,15935.0,3980.0,7190.0,,,,,,,,,Lanier Technical College,Predominantly certificate-degree,Associate's
746,41295.0,15036.0,15036.0,480.0,440.0,590.0,540.0,1030.0,17.0,20.0,19.0,Life University,Predominantly bachelor's-degree,Graduate
747,12532.0,3540.0,6108.0,,,,,,,,,Chattahoochee Technical College,Predominantly certificate-degree,Associate's
748,27007.0,13450.0,13450.0,,,,,,,,,Herzing University-Atlanta,Predominantly bachelor's-degree,Graduate
749,58204.0,42312.0,42312.0,590.0,570.0,680.0,670.0,1271.0,25.0,31.0,30.0,Mercer University,Predominantly bachelor's-degree,Graduate
750,51433.0,32893.0,32893.0,,,,,1090.0,18.0,25.0,23.0,Morehouse College,Predominantly bachelor's-degree,Bachelor's
752,31968.0,9558.0,9558.0,,,,,,,,,Morris Brown College,Predominantly bachelor's-degree,Bachelor's
753,13085.0,3330.0,5898.0,,,,,,,,,North Georgia Technical College,Predominantly certificate-degree,Associate's
754,60581.0,47590.0,47590.0,550.0,540.0,660.0,650.0,1227.0,22.0,31.0,27.0,Oglethorpe University,Predominantly bachelor's-degree,Bachelor's
755,27431.0,14596.0,14596.0,,,,,,,,,Paine College,Predominantly bachelor's-degree,Bachelor's
756,46801.0,31700.0,31700.0,528.0,510.0,625.0,620.0,1129.0,18.0,25.0,23.0,Piedmont University,Predominantly bachelor's-degree,Graduate
757,61886.0,19400.0,19400.0,,,,,,,,,Miami Ad School-Atlanta,Predominantly certificate-degree,Certificate
758,46386.0,30074.0,30074.0,,,,,,,,,Reinhardt University,Predominantly bachelor's-degree,Graduate
759,15431.0,3330.0,5898.0,,,,,,,,,Savannah Technical College,Predominantly certificate-degree,Associate's
760,63627.0,41630.0,41630.0,540.0,490.0,660.0,610.0,1173.0,21.0,28.0,,Savannah College of Art and Design,Predominantly bachelor's-degree,Graduate
761,17191.0,5750.0,19043.0,,,,,,,,,Savannah State University,Predominantly bachelor's-degree,Graduate
762,35726.0,24630.0,24630.0,530.0,510.0,620.0,580.0,1115.0,18.0,25.0,21.0,Shorter University,Predominantly bachelor's-degree,Graduate
763,14281.0,3992.0,7202.0,,,,,,,,,South Georgia Technical College,Predominantly certificate-degree,Associate's
764,50952.0,31556.0,31556.0,590.0,518.0,680.0,640.0,1220.0,22.0,29.0,,Spelman College,Predominantly certificate-degree,Bachelor's
765,23079.0,11640.0,11640.0,500.0,490.0,620.0,600.0,1072.0,20.0,24.0,20.0,Thomas University,Predominantly bachelor's-degree,Graduate
766,37561.0,23950.0,23950.0,520.0,490.0,650.0,580.0,1130.0,18.0,24.0,22.0,Toccoa Falls College,Predominantly bachelor's-degree,Graduate
767,39152.0,26792.0,26792.0,,,,,,,,21.0,Truett McConnell University,Predominantly bachelor's-degree,Graduate
768,11034.0,3480.0,6048.0,,,,,,,,,Wiregrass Georgia Technical College,Predominantly certificate-degree,Associate's
769,20801.0,6124.0,17836.0,480.0,440.0,570.0,530.0,1013.0,16.0,22.0,20.0,Valdosta State University,Predominantly bachelor's-degree,Graduate
770,40721.0,27650.0,27650.0,518.0,450.0,573.0,543.0,1075.0,20.0,24.0,24.0,Wesleyan College,Predominantly bachelor's-degree,Graduate
771,21981.0,6088.0,17800.0,490.0,460.0,590.0,550.0,1032.0,17.0,22.0,21.0,University of West Georgia,Predominantly bachelor's-degree,Graduate
772,48301.0,32305.0,32305.0,,,,,,,,,Young Harris College,Predominantly bachelor's-degree,Graduate
773,45798.0,30874.0,30874.0,490.0,480.0,625.0,625.0,1060.0,,,,Chaminade University of Honolulu,Predominantly bachelor's-degree,Graduate
774,21173.0,7838.0,20798.0,490.0,455.0,610.0,565.0,1028.0,15.0,22.0,19.0,University of Hawaii at Hilo,Predominantly bachelor's-degree,Graduate
775,26433.0,12186.0,34218.0,548.0,533.0,653.0,640.0,1102.0,17.0,25.0,24.0,University of Hawaii at Manoa,Predominantly bachelor's-degree,Graduate
777,50674.0,34392.0,34392.0,510.0,488.0,610.0,590.0,1111.0,19.0,27.0,25.0,Hawaii Pacific University,Predominantly bachelor's-degree,Graduate
778,13151.0,3174.0,8310.0,,,,,,,,,Honolulu Community College,Predominantly associate's-degree,Associate's
779,11992.0,3284.0,8420.0,,,,,,,,,Kapiolani Community College,Predominantly associate's-degree,Associate's
780,18742.0,3252.0,8388.0,,,,,,,,,Kauai Community College,Predominantly certificate-degree,Associate's
781,12507.0,3214.0,8350.0,,,,,,,,,Leeward Community College,Predominantly associate's-degree,Associate's
782,14937.0,3284.0,8420.0,,,,,,,,,University of Hawaii Maui College,Predominantly associate's-degree,Bachelor's
783,18410.0,7584.0,20544.0,473.0,458.0,575.0,528.0,985.0,15.0,21.0,19.0,University of Hawaii-West Oahu,Predominantly bachelor's-degree,Bachelor's
784,15522.0,3194.0,8330.0,,,,,,,,,Windward Community College,Predominantly associate's-degree,Associate's
786,23301.0,11802.0,11802.0,490.0,460.0,610.0,590.0,1040.0,,,21.0,Boise Bible College,Predominantly bachelor's-degree,Bachelor's
787,28224.0,9048.0,27788.0,,,,,,,,,Boise State University,Predominantly bachelor's-degree,Graduate
788,13947.0,3390.0,6750.0,,,,,,,,,College of Eastern Idaho,Predominantly associate's-degree,Associate's
789,21527.0,8610.0,27720.0,,,,,,,,,Idaho State University,Predominantly bachelor's-degree,Graduate
790,23738.0,9084.0,28320.0,500.0,490.0,630.0,600.0,1116.0,20.0,26.0,24.0,University of Idaho,Predominantly bachelor's-degree,Graduate
791,50542.0,37845.0,37845.0,540.0,530.0,650.0,630.0,1180.0,23.0,31.0,26.0,The College of Idaho,Predominantly bachelor's-degree,Graduate
792,21925.0,7610.0,22028.0,,,,,,,,,Lewis-Clark State College,Predominantly bachelor's-degree,Graduate
794,18333.0,3396.0,8736.0,,,,,,,,,North Idaho College,Predominantly certificate-degree,Associate's
795,55163.0,40794.0,40794.0,515.0,490.0,630.0,610.0,1130.0,22.0,27.0,23.0,Northwest Nazarene University,Predominantly bachelor's-degree,Graduate
797,15246.0,4800.0,4800.0,490.0,480.0,610.0,590.0,1118.0,20.0,26.0,23.0,Brigham Young University-Idaho,Predominantly certificate-degree,Bachelor's
798,12803.0,3360.0,6840.0,,,,,,,,,College of Southern Idaho,Predominantly associate's-degree,Bachelor's
801,75625.0,56420.0,56420.0,,,,,,,,,School of the Art Institute of Chicago,Predominantly bachelor's-degree,Graduate
802,63553.0,51598.0,51598.0,520.0,510.0,630.0,640.0,1165.0,21.0,29.0,,Augustana College,Predominantly bachelor's-degree,Graduate
803,40625.0,29170.0,29170.0,470.0,430.0,580.0,570.0,1076.0,21.0,29.0,22.0,Aurora University,Predominantly bachelor's-degree,Graduate
804,16249.0,3960.0,6720.0,,,,,,,,,Southwestern Illinois College,Predominantly certificate-degree,Associate's
806,12291.0,4920.0,8100.0,,,,,,,,,Black Hawk College,Predominantly certificate-degree,Associate's
807,37916.0,28149.0,28149.0,,,,,,,,20.0,Blackburn College,Predominantly bachelor's-degree,Bachelor's
809,54730.0,42160.0,42160.0,,,,,,,,27.0,Bradley University,Predominantly bachelor's-degree,Graduate
815,11563.0,5390.0,8900.0,,,,,,,,,Carl Sandburg College,Predominantly associate's-degree,Associate's
819,29764.0,12754.0,12754.0,,,,,,,,,Chicago State University,Predominantly bachelor's-degree,Graduate
821,90360.0,70662.0,70662.0,740.0,770.0,780.0,800.0,1554.0,34.0,35.0,34.0,University of Chicago,Predominantly bachelor's-degree,Graduate
822,16256.0,4590.0,15150.0,,,,,,,,,City Colleges of Chicago-Kennedy-King College,Predominantly certificate-degree,Associate's
823,14355.0,4590.0,15150.0,,,,,,,,,City Colleges of Chicago-Malcolm X College,Predominantly certificate-degree,Associate's
824,16126.0,4590.0,15150.0,,,,,,,,,City Colleges of Chicago-Olive-Harvey College,Predominantly certificate-degree,Associate's
825,15063.0,4590.0,15150.0,,,,,,,,,City Colleges of Chicago-Harry S Truman College,Predominantly certificate-degree,Associate's
826,14086.0,4590.0,15150.0,,,,,,,,,City Colleges of Chicago-Richard J Daley College,Predominantly certificate-degree,Associate's
827,14726.0,4590.0,15150.0,,,,,,,,,City Colleges of Chicago-Harold Washington College,Predominantly associate's-degree,Associate's
828,13762.0,4590.0,15150.0,,,,,,,,,City Colleges of Chicago-Wilbur Wright College,Predominantly associate's-degree,Associate's
829,51889.0,34088.0,34088.0,,,,,,,,,Columbia College Chicago,Predominantly bachelor's-degree,Graduate
830,45383.0,37488.0,37488.0,,,,,,,,,Concordia University-Chicago,Predominantly bachelor's-degree,Graduate
831,10822.0,4440.0,7440.0,,,,,,,,,Danville Area Community College,Predominantly associate's-degree,Associate's
833,63052.0,45999.0,45999.0,580.0,560.0,670.0,660.0,1262.0,25.0,31.0,,DePaul University,Predominantly bachelor's-degree,Graduate
835,15554.0,4560.0,12750.0,,,,,,,,,College of DuPage,Predominantly associate's-degree,Associate's
836,32606.0,25395.0,25395.0,,,,,,,,,East-West University,Predominantly bachelor's-degree,Bachelor's
837,26996.0,13679.0,16217.0,460.0,420.0,560.0,530.0,1000.0,,,20.0,Eastern Illinois University,Predominantly bachelor's-degree,Graduate
838,10408.0,3252.0,9516.0,,,,,,,,,Elgin Community College,Predominantly certificate-degree,Associate's
839,54679.0,42955.0,42955.0,510.0,480.0,640.0,620.0,1151.0,23.0,30.0,26.0,Elmhurst University,Predominantly bachelor's-degree,Graduate
840,39578.0,29096.0,29096.0,,,,,,,,20.0,Eureka College,Predominantly bachelor's-degree,Bachelor's
842,22971.0,17670.0,17670.0,,,,,,,,,Fox College,Predominantly associate's-degree,Associate's
845,24227.0,12004.0,12004.0,,,,,,,,19.0,Governors State University,Predominantly bachelor's-degree,Graduate
846,26391.0,8417.0,8417.0,,,,,,,,,Graham Hospital School of Nursing,Predominantly certificate-degree,Certificate
847,45091.0,32200.0,32200.0,406.0,365.0,615.0,615.0,1038.0,16.0,28.0,18.0,Greenville University,Predominantly bachelor's-degree,Graduate
851,35559.0,15150.0,15150.0,,,,,,,,,Hebrew Theological College,Predominantly bachelor's-degree,Bachelor's
852,13161.0,4936.0,7360.0,,,,,,,,,Highland Community College,Predominantly certificate-degree,Associate's
854,27521.0,14338.0,29884.0,570.0,560.0,670.0,680.0,1250.0,25.0,31.0,27.0,University of Illinois Chicago,Predominantly bachelor's-degree,Graduate
855,46713.0,35940.0,35940.0,,,,,,,,24.0,Benedictine University,Predominantly bachelor's-degree,Graduate
857,33642.0,16004.0,35124.0,650.0,660.0,740.0,780.0,1440.0,30.0,34.0,32.0,University of Illinois Urbana-Champaign,Predominantly bachelor's-degree,Graduate
858,70700.0,57704.0,57704.0,550.0,570.0,670.0,670.0,1275.0,25.0,30.0,27.0,Illinois Wesleyan University,Predominantly bachelor's-degree,Bachelor's
859,18938.0,4800.0,12150.0,,,,,,,,,Illinois Central College,Predominantly certificate-degree,Associate's
860,48955.0,38676.0,38676.0,450.0,433.0,590.0,590.0,1064.0,19.0,26.0,21.0,Illinois College,Predominantly bachelor's-degree,Graduate
861,17333.0,5260.0,12460.0,,,,,,,,,Illinois Eastern Community Colleges,Predominantly certificate-degree,Associate's
862,68164.0,52386.0,52386.0,590.0,590.0,720.0,720.0,1311.0,26.0,32.0,29.0,Illinois Institute of Technology,Predominantly bachelor's-degree,Graduate
863,34309.0,16144.0,28210.0,500.0,490.0,620.0,590.0,1113.0,21.0,27.0,24.0,Illinois State University,Predominantly bachelor's-degree,Graduate
864,11067.0,4200.0,16385.0,,,,,,,,,Illinois Valley Community College,Predominantly certificate-degree,Associate's
866,13596.0,4630.0,7540.0,,,,,,,,,John A Logan College,Predominantly associate's-degree,Associate's
867,15845.0,5700.0,9300.0,,,,,,,,,John Wood Community College,Predominantly associate's-degree,Associate's
868,9452.0,4530.0,13800.0,,,,,,,,,Joliet Junior College,Predominantly certificate-degree,Associate's
869,43137.0,31360.0,31360.0,423.0,393.0,550.0,568.0,1039.0,16.0,24.0,22.0,Judson University,Predominantly bachelor's-degree,Graduate
870,11612.0,5220.0,25830.0,,,,,,,,,Kankakee Community College,Predominantly certificate-degree,Associate's
871,11819.0,4800.0,12570.0,,,,,,,,,Kaskaskia College,Predominantly certificate-degree,Associate's
872,13901.0,4560.0,13680.0,,,,,,,,,Kishwaukee College,Predominantly certificate-degree,Associate's
873,68134.0,57903.0,57903.0,600.0,580.0,680.0,760.0,1326.0,21.0,32.0,28.0,Knox College,Predominantly bachelor's-degree,Bachelor's
875,12694.0,4788.0,14400.0,,,,,,,,,College of Lake County,Predominantly certificate-degree,Associate's
876,70655.0,56402.0,56402.0,600.0,590.0,713.0,680.0,1343.0,28.0,32.0,29.0,Lake Forest College,Predominantly bachelor's-degree,Graduate
878,10276.0,4415.0,14301.0,,,,,,,,,Lake Land College,Predominantly certificate-degree,Associate's
880,9592.0,4340.0,7840.0,,,,,,,,,Lewis and Clark Community College,Predominantly certificate-degree,Associate's
881,47313.0,39200.0,39200.0,490.0,470.0,600.0,610.0,1096.0,20.0,27.0,23.0,Lewis University,Predominantly bachelor's-degree,Graduate
882,12379.0,3744.0,10464.0,,,,,,,,,Lincoln Land Community College,Predominantly certificate-degree,Associate's
884,67408.0,53710.0,53710.0,600.0,570.0,690.0,670.0,1297.0,27.0,32.0,30.0,Loyola University Chicago,Predominantly bachelor's-degree,Graduate
888,25660.0,12700.0,12700.0,,,,,,,,,Generations College,Predominantly associate's-degree,Associate's
890,12345.0,4162.0,14399.0,,,,,,,,,McHenry County College,Predominantly certificate-degree,Associate's
891,48845.0,34740.0,34740.0,,,,,,,,,McKendree University,Predominantly bachelor's-degree,Graduate
893,46874.0,18008.0,18008.0,,,,,,,,,Methodist College,Predominantly bachelor's-degree,Graduate
894,57475.0,26892.0,26892.0,440.0,420.0,570.0,560.0,1034.0,18.0,25.0,23.0,Millikin University,Predominantly bachelor's-degree,Graduate
895,57157.0,44922.0,44922.0,500.0,500.0,620.0,590.0,1128.0,20.0,27.0,26.0,Monmouth College,Predominantly bachelor's-degree,Bachelor's
896,34327.0,15786.0,15786.0,,,,,,,,,Moody Bible Institute,Predominantly bachelor's-degree,Graduate
897,13971.0,3822.0,9846.0,,,,,,,,,Moraine Valley Community College,Predominantly certificate-degree,Associate's
898,30436.0,20355.0,20355.0,,,,,,,,,Morrison Institute of Technology,Predominantly associate's-degree,Associate's
899,12801.0,5502.0,12414.0,,,,,,,,,Morton College,Predominantly associate's-degree,Associate's
900,24154.0,12705.0,12705.0,,,,,,,,,National Louis University,Predominantly bachelor's-degree,Graduate
903,57219.0,45726.0,45726.0,530.0,525.0,650.0,660.0,1213.0,24.0,29.0,25.0,North Central College,Predominantly bachelor's-degree,Graduate
904,44172.0,36710.0,36710.0,,,,,,,,23.0,North Park University,Predominantly bachelor's-degree,Graduate
906,28851.0,13248.0,13248.0,,,,,,,,,Northern Illinois University,Predominantly bachelor's-degree,Graduate
907,91250.0,68322.0,68322.0,740.0,770.0,770.0,800.0,1533.0,33.0,35.0,35.0,Northwestern University,Predominantly bachelor's-degree,Graduate
908,26960.0,12383.0,22726.0,,,,,,,,,Northeastern Illinois University,Predominantly bachelor's-degree,Graduate
909,11431.0,3985.0,12462.0,,,,,,,,,Oakton College,Predominantly certificate-degree,Associate's
911,51981.0,38900.0,38900.0,490.0,460.0,620.0,600.0,1117.0,19.0,26.0,23.0,Olivet Nazarene University,Predominantly bachelor's-degree,Graduate
912,14995.0,4284.0,13266.0,,,,,,,,,Parkland College,Predominantly certificate-degree,Associate's
913,13908.0,4176.0,11064.0,,,,,,,,,Prairie State College,Predominantly certificate-degree,Associate's
916,50091.0,37140.0,37140.0,490.0,510.0,600.0,600.0,1098.0,20.0,25.0,24.0,Quincy University,Predominantly bachelor's-degree,Graduate
917,16731.0,4500.0,7800.0,,,,,,,,,Rend Lake College,Predominantly certificate-degree,Associate's
918,11483.0,4680.0,17070.0,,,,,,,,,Richland Community College,Predominantly certificate-degree,Associate's
919,11920.0,4334.0,7379.0,,,,,,,,,Rock Valley College,Predominantly associate's-degree,Associate's
920,49169.0,37780.0,37780.0,450.0,400.0,535.0,535.0,956.0,17.0,23.0,21.0,Rockford University,Predominantly bachelor's-degree,Graduate
921,35332.0,21315.0,21315.0,465.0,430.0,600.0,575.0,1011.0,18.0,26.0,24.0,Roosevelt University,Predominantly bachelor's-degree,Graduate
922,43891.0,38978.0,38978.0,460.0,420.0,560.0,540.0,1002.0,16.0,26.0,25.0,Dominican University,Predominantly bachelor's-degree,Graduate
925,46239.0,38110.0,38110.0,520.0,510.0,610.0,610.0,1141.0,20.0,32.0,23.0,University of St Francis,Predominantly bachelor's-degree,Graduate
927,43244.0,37940.0,37940.0,,,,,,,,,Saint Xavier University,Predominantly bachelor's-degree,Graduate
928,25521.0,12252.0,22017.0,480.0,460.0,610.0,590.0,1102.0,21.0,27.0,24.0,University of Illinois Springfield,Predominantly bachelor's-degree,Graduate
929,15273.0,5340.0,12900.0,,,,,,,,,Sauk Valley Community College,Predominantly certificate-degree,Associate's
930,13497.0,4650.0,7500.0,,,,,,,,,Shawnee Community College,Predominantly certificate-degree,Associate's
931,23043.0,13688.0,13688.0,,,,,,,,,St. Augustine College,Predominantly associate's-degree,Bachelor's
933,16113.0,4560.0,6780.0,,,,,,,,,Southeastern Illinois College,Predominantly certificate-degree,Associate's
935,12217.0,6090.0,13500.0,,,,,,,,,Spoon River College,Predominantly certificate-degree,Associate's
938,28329.0,13334.0,13334.0,470.0,430.0,590.0,570.0,1055.0,18.0,25.0,24.0,Southern Illinois University-Carbondale,Predominantly bachelor's-degree,Graduate
939,28919.0,12922.0,12922.0,490.0,460.0,600.0,590.0,1100.0,20.0,27.0,23.0,Southern Illinois University Edwardsville,Predominantly bachelor's-degree,Graduate
940,22775.0,12000.0,12000.0,,,,,,,,,Taylor Business Institute,Predominantly associate's-degree,Associate's
941,23300.0,15000.0,15000.0,,,,,,,,,Telshe Yeshiva-Chicago,Predominantly bachelor's-degree,Bachelor's
942,10834.0,5093.0,12683.0,,,,,,,,,South Suburban College,Predominantly associate's-degree,Associate's
943,35012.0,20605.0,20605.0,510.0,540.0,660.0,660.0,1157.0,20.0,25.0,24.0,Trinity Christian College,Predominantly bachelor's-degree,Graduate
944,16515.0,12320.0,12320.0,,,,,,,,18.0,Trinity International University-Illinois,Predominantly bachelor's-degree,Graduate
945,12235.0,5070.0,15330.0,,,,,,,,,Triton College,Predominantly certificate-degree,Associate's
947,44613.0,30910.0,30910.0,,,,,,,,,VanderCook College of Music,Predominantly bachelor's-degree,Graduate
948,19336.0,3504.0,10477.0,,,,,,,,,Waubonsee Community College,Predominantly associate's-degree,Associate's
949,28254.0,15264.0,15264.0,,,,,,,,,Western Illinois University,Predominantly bachelor's-degree,Graduate
950,59263.0,45546.0,45546.0,650.0,610.0,740.0,730.0,1380.0,28.0,32.0,30.0,Wheaton College,Predominantly bachelor's-degree,Graduate
951,19288.0,3894.0,11874.0,,,,,,,,,William Rainey Harper College,Predominantly certificate-degree,Associate's
952,51585.0,37240.0,37240.0,450.0,450.0,580.0,570.0,1035.0,17.0,24.0,22.0,Anderson University,Predominantly bachelor's-degree,Graduate
953,26146.0,11082.0,29630.0,550.0,530.0,640.0,620.0,1160.0,20.0,24.0,24.0,Ball State University,Predominantly bachelor's-degree,Graduate
954,43885.0,34600.0,34600.0,460.0,440.0,580.0,570.0,1014.0,16.0,24.0,,Bethel University,Predominantly bachelor's-degree,Graduate
955,65970.0,47560.0,47560.0,590.0,570.0,680.0,670.0,1274.0,26.0,31.0,28.0,Butler University,Predominantly bachelor's-degree,Graduate
956,32968.0,23850.0,23850.0,,,,,,,,,Calumet College of Saint Joseph,Predominantly bachelor's-degree,Graduate
958,43083.0,10080.0,10080.0,,,,,,,,,College of Court Reporting Inc,Predominantly certificate-degree,Associate's
961,74320.0,59070.0,59070.0,600.0,600.0,690.0,720.0,1340.0,28.0,32.0,28.0,DePauw University,Predominantly bachelor's-degree,Bachelor's
963,67684.0,53930.0,53930.0,570.0,540.0,660.0,630.0,1219.0,24.0,33.0,28.0,Earlham College,Predominantly bachelor's-degree,Graduate
964,57451.0,44172.0,44172.0,,,,,,,,26.0,University of Evansville,Predominantly bachelor's-degree,Graduate
965,54178.0,38710.0,38710.0,540.0,520.0,620.0,620.0,1145.0,20.0,26.0,23.0,Franklin College,Predominantly bachelor's-degree,Graduate
966,48449.0,38890.0,38890.0,440.0,440.0,550.0,560.0,950.0,,,27.0,Goshen College,Predominantly bachelor's-degree,Graduate
967,41838.0,31200.0,31200.0,510.0,490.0,610.0,590.0,1119.0,21.0,27.0,23.0,Grace College and Theological Seminary,Predominantly bachelor's-degree,Graduate
968,58821.0,44638.0,44638.0,560.0,550.0,650.0,630.0,1201.0,23.0,29.0,28.0,Hanover College,Predominantly bachelor's-degree,Bachelor's
970,50881.0,36600.0,36600.0,,,,,,,,31.0,Holy Cross College,Predominantly bachelor's-degree,Bachelor's
972,42157.0,31870.0,31870.0,470.0,460.0,580.0,570.0,1052.0,18.0,26.0,22.0,Huntington University,Predominantly bachelor's-degree,Graduate
973,15370.0,5154.0,9935.0,,,,,,,,,Ivy Tech Community College,Predominantly certificate-degree,Associate's
974,22183.0,9532.0,22887.0,490.0,480.0,610.0,610.0,1100.0,22.0,29.0,23.0,Purdue University Fort Wayne,Predominantly bachelor's-degree,Graduate
975,23316.0,10762.0,34891.0,520.0,510.0,630.0,610.0,1139.0,21.0,29.0,25.0,Indiana University-Indianapolis,Predominantly bachelor's-degree,Graduate
976,52590.0,37200.0,37200.0,,,,,,,,,University of Indianapolis,Predominantly bachelor's-degree,Graduate
977,45879.0,31361.0,31361.0,,,,,,,,,Indiana Institute of Technology,Predominantly bachelor's-degree,Graduate
978,22383.0,10066.0,22907.0,520.0,510.0,620.0,620.0,1141.0,21.0,27.0,24.0,University of Southern Indiana,Predominantly certificate-degree,Graduate
979,24535.0,10258.0,22322.0,,,,,,,,,Indiana State University,Predominantly bachelor's-degree,Graduate
980,11837.0,8424.0,22811.0,490.0,470.0,580.0,570.0,1065.0,21.0,27.0,23.0,Indiana University-Kokomo,Predominantly bachelor's-degree,Graduate
981,17364.0,8424.0,22811.0,480.0,470.0,610.0,580.0,1081.0,21.0,23.0,21.0,Indiana University-South Bend,Predominantly bachelor's-degree,Graduate
982,28801.0,12144.0,41891.0,590.0,580.0,690.0,710.0,1313.0,27.0,33.0,29.0,Indiana University-Bloomington,Predominantly bachelor's-degree,Graduate
983,13989.0,8424.0,22811.0,460.0,450.0,600.0,580.0,1055.0,18.0,26.0,22.0,Indiana University-Northwest,Predominantly bachelor's-degree,Graduate
984,16411.0,8424.0,22811.0,490.0,480.0,610.0,570.0,1072.0,20.0,25.0,23.0,Indiana University-Southeast,Predominantly bachelor's-degree,Graduate
985,16954.0,8424.0,22811.0,490.0,470.0,600.0,570.0,1061.0,19.0,24.0,22.0,Indiana University-East,Predominantly bachelor's-degree,Graduate
986,23846.0,17170.0,17170.0,,,,,,,,,International Business College-Indianapolis,Predominantly associate's-degree,Associate's
990,49993.0,37135.0,37135.0,,,,,,,,,Manchester University,Predominantly bachelor's-degree,Graduate
991,56258.0,40664.0,40664.0,,,,,,,,,Marian University,Predominantly bachelor's-degree,Graduate
992,44776.0,32352.0,32352.0,480.0,480.0,600.0,580.0,1082.0,19.0,28.0,23.0,Indiana Wesleyan University-Marion,Predominantly bachelor's-degree,Graduate
993,23152.0,13200.0,13200.0,,,,,,,,,Martin University,Predominantly bachelor's-degree,Graduate
995,35453.0,19000.0,19000.0,,,,,,,,,Mid-America College of Funeral Service,Predominantly associate's-degree,Bachelor's
997,83271.0,65025.0,65025.0,720.0,735.0,770.0,790.0,1520.0,33.0,35.0,34.0,University of Notre Dame,Predominantly bachelor's-degree,Graduate
998,42441.0,27900.0,27900.0,,,,,,,,19.0,Oakland City University,Predominantly bachelor's-degree,Graduate
1002,77890.0,58649.0,58649.0,650.0,670.0,730.0,770.0,1427.0,29.0,34.0,31.0,Rose-Hulman Institute of Technology,Predominantly bachelor's-degree,Graduate
1003,47223.0,36460.0,36460.0,440.0,430.0,540.0,530.0,981.0,17.0,24.0,22.0,University of Saint Francis-Fort Wayne,Predominantly bachelor's-degree,Graduate
1004,49512.0,35270.0,35270.0,,,,,,,,20.0,Saint Mary-of-the-Woods College,Predominantly bachelor's-degree,Graduate
1005,66478.0,53230.0,53230.0,580.0,550.0,680.0,645.0,1246.0,26.0,30.0,26.0,Saint Mary's College,Predominantly bachelor's-degree,Graduate
1007,32407.0,20208.0,20208.0,,,,,,,,,Saint Elizabeth School of Nursing,Predominantly certificate-degree,Certificate
1008,53405.0,40490.0,40490.0,540.0,530.0,670.0,660.0,1220.0,24.0,31.0,,Taylor University,Predominantly bachelor's-degree,Graduate
1009,51109.0,36560.0,36560.0,,,,,,,,25.0,Trine University,Predominantly bachelor's-degree,Graduate
1010,58437.0,48450.0,48450.0,540.0,520.0,640.0,640.0,1178.0,23.0,31.0,,Valparaiso University,Predominantly bachelor's-degree,Graduate
1012,21310.0,7126.0,16858.0,,,,,,,,,Vincennes University,Predominantly certificate-degree,Bachelor's
1013,65144.0,50800.0,50800.0,520.0,540.0,620.0,650.0,1180.0,23.0,28.0,26.0,Wabash College,Predominantly bachelor's-degree,Bachelor's
1015,51493.0,36956.0,36956.0,,,,,,,,,Briar Cliff University,Predominantly bachelor's-degree,Graduate
1016,54222.0,41798.0,41798.0,,,,,1120.0,19.0,26.0,22.0,Buena Vista University,Predominantly bachelor's-degree,Graduate
1019,37773.0,20988.0,20988.0,528.0,528.0,560.0,560.0,1147.0,20.0,26.0,22.0,Central College,Predominantly bachelor's-degree,Bachelor's
1020,55782.0,40910.0,40910.0,430.0,470.0,570.0,590.0,1054.0,16.0,24.0,21.0,Clarke University,Predominantly bachelor's-degree,Graduate
1021,67372.0,54666.0,54666.0,540.0,530.0,640.0,650.0,1223.0,23.0,29.0,,Coe College,Predominantly bachelor's-degree,Bachelor's
1022,66249.0,52660.0,52660.0,575.0,545.0,655.0,630.0,1234.0,23.0,30.0,27.0,Cornell College,Predominantly bachelor's-degree,Graduate
1023,16204.0,5790.0,6690.0,,,,,,,,,Des Moines Area Community College,Predominantly certificate-degree,Associate's
1025,51733.0,37050.0,37050.0,540.0,530.0,670.0,660.0,1221.0,21.0,29.0,25.0,Dordt University,Predominantly bachelor's-degree,Graduate
1026,64835.0,52130.0,52130.0,580.0,530.0,680.0,670.0,1292.0,24.0,29.0,28.0,Drake University,Predominantly bachelor's-degree,Graduate
1027,53806.0,42095.0,42095.0,490.0,490.0,610.0,610.0,1110.0,18.0,24.0,,University of Dubuque,Predominantly bachelor's-degree,Graduate
1028,18804.0,5496.0,6504.0,,,,,,,,,Ellsworth Community College,Predominantly associate's-degree,Associate's
1029,30971.0,20800.0,20800.0,570.0,550.0,690.0,630.0,1161.0,21.0,30.0,22.0,Emmaus Bible College,Predominantly certificate-degree,Bachelor's
1030,19170.0,4848.0,6456.0,,,,,,,,,Eastern Iowa Community College District,Predominantly associate's-degree,Associate's
1031,32722.0,20270.0,20270.0,500.0,490.0,610.0,580.0,1109.0,19.0,26.0,24.0,Faith Baptist Bible College and Theological Seminary,Predominantly bachelor's-degree,Graduate
1032,48294.0,20950.0,20950.0,,,,,,,,20.0,Graceland University-Lamoni,Predominantly bachelor's-degree,Graduate
1033,48522.0,34762.0,34762.0,,,,,,,,20.0,Grand View University,Predominantly bachelor's-degree,Graduate
1034,83440.0,68106.0,68106.0,700.0,710.0,750.0,790.0,1486.0,31.0,34.0,32.0,Grinnell College,Predominantly bachelor's-degree,Bachelor's
1035,30641.0,15600.0,15600.0,,,,,,,,,Orion Technical College,Predominantly certificate-degree,Bachelor's
1036,14901.0,6525.0,6612.0,,,,,,,,,Hawkeye Community College,Predominantly associate's-degree,Associate's
1038,17791.0,5040.0,6120.0,,,,,,,,,Indian Hills Community College,Predominantly associate's-degree,Associate's
1039,15222.0,5496.0,7788.0,,,,,,,,,Iowa Central Community College,Predominantly associate's-degree,Associate's
1040,20120.0,7392.0,7872.0,,,,,,,,,Iowa Lakes Community College,Predominantly associate's-degree,Associate's
1043,24018.0,10787.0,28881.0,560.0,560.0,670.0,690.0,1204.0,21.0,28.0,25.0,Iowa State University,Predominantly bachelor's-degree,Graduate
1044,18978.0,6930.0,7080.0,,,,,,,,,Iowa Western Community College,Predominantly certificate-degree,Associate's
1045,28596.0,11283.0,33371.0,570.0,560.0,670.0,660.0,1200.0,21.0,28.0,26.0,University of Iowa,Predominantly bachelor's-degree,Graduate
1046,15579.0,6176.0,8220.0,,,,,,,,,Kirkwood Community College,Predominantly associate's-degree,Associate's
1051,50537.0,39824.0,39824.0,,,,,,,,,Loras College,Predominantly bachelor's-degree,Graduate
1052,65461.0,52120.0,52120.0,550.0,528.0,668.0,738.0,1218.0,22.0,29.0,26.0,Luther College,Predominantly bachelor's-degree,Bachelor's
1053,27892.0,16530.0,16530.0,,,,,,,,,Maharishi International University,Predominantly bachelor's-degree,Graduate
1054,14425.0,5496.0,6504.0,,,,,,,,,Marshalltown Community College,Predominantly certificate-degree,Associate's
1055,34398.0,17664.0,17664.0,,,,,980.0,16.0,21.0,20.0,Mercy College of Health Sciences,Predominantly bachelor's-degree,Bachelor's
1056,52577.0,39660.0,39660.0,,,,,,,,,Morningside University,Predominantly bachelor's-degree,Graduate
1057,55054.0,40878.0,40878.0,,,,,,,,,Mount Mercy University,Predominantly bachelor's-degree,Graduate
1058,37594.0,11960.0,11960.0,,,,,,,,,Ashford University,Predominantly bachelor's-degree,Graduate
1059,17040.0,6653.0,9551.0,,,,,,,,,North Iowa Area Community College,Predominantly associate's-degree,Associate's
1060,22278.0,9936.0,21712.0,520.0,500.0,650.0,630.0,1122.0,19.0,26.0,23.0,University of Northern Iowa,Predominantly bachelor's-degree,Graduate
1061,49783.0,36710.0,36710.0,,,,,,,,24.0,Northwestern College,Predominantly bachelor's-degree,Graduate
1062,17838.0,6780.0,7770.0,,,,,,,,,Northeast Iowa Community College,Predominantly associate's-degree,Associate's
1063,20414.0,7350.0,7650.0,,,,,,,,,Northwest Iowa Community College,Predominantly certificate-degree,Associate's
1067,51141.0,36658.0,36658.0,490.0,440.0,580.0,590.0,1093.0,20.0,25.0,24.0,Saint Ambrose University,Predominantly bachelor's-degree,Graduate
1068,27647.0,24175.0,24175.0,,,,,980.0,17.0,23.0,,St Luke's College,Predominantly associate's-degree,Bachelor's
1070,61227.0,47656.0,47656.0,,,,,1440.0,31.0,33.0,24.0,Simpson College,Predominantly bachelor's-degree,Graduate
1071,17371.0,6420.0,6570.0,,,,,,,,,Southeastern Community College,Predominantly certificate-degree,Associate's
1072,16951.0,8064.0,8316.0,,,,,,,,,Southwestern Community College,Predominantly associate's-degree,Associate's
1076,34022.0,19475.0,19475.0,,,,,1090.0,17.0,23.0,21.0,Upper Iowa University,Predominantly bachelor's-degree,Graduate
1077,39675.0,25978.0,25978.0,,,,,,,,,Waldorf University,Predominantly bachelor's-degree,Graduate
1078,64359.0,26250.0,26250.0,470.0,460.0,620.0,580.0,1136.0,21.0,27.0,23.0,Wartburg College,Predominantly bachelor's-degree,Graduate
1081,14894.0,5186.0,5330.0,,,,,,,,,Western Iowa Tech Community College,Predominantly certificate-degree,Associate's
1082,42874.0,29750.0,29750.0,450.0,430.0,570.0,540.0,984.0,16.0,22.0,19.0,William Penn University,Predominantly bachelor's-degree,Graduate
1083,14024.0,4260.0,4860.0,,,,,,,,,Allen County Community College,Predominantly associate's-degree,Associate's
1084,50918.0,35300.0,35300.0,,,,,,,,21.0,Baker University,Predominantly bachelor's-degree,Graduate
1085,15356.0,3680.0,4960.0,,,,,,,,,Barton County Community College,Predominantly associate's-degree,Associate's
1086,52206.0,36350.0,36350.0,570.0,570.0,690.0,690.0,1252.0,22.0,29.0,26.0,Benedictine College,Predominantly bachelor's-degree,Graduate
1087,53738.0,33000.0,33000.0,,,,,,,,20.0,Bethany College,Predominantly bachelor's-degree,Bachelor's
1088,52193.0,35014.0,35014.0,,,,,,,,22.0,Bethel College-North Newton,Predominantly bachelor's-degree,Bachelor's
1089,21295.0,3541.0,6271.0,,,,,,,,,Butler Community College,Predominantly associate's-degree,Associate's
1090,33327.0,21000.0,21000.0,,,,,,,,,Central Christian College of Kansas,Predominantly bachelor's-degree,Graduate
1091,17584.0,3540.0,4500.0,,,,,,,,,Cloud County Community College,Predominantly certificate-degree,Associate's
1092,11863.0,3600.0,4680.0,,,,,,,,,Coffeyville Community College,Predominantly associate's-degree,Associate's
1093,13160.0,4140.0,5830.0,,,,,,,,,Colby Community College,Predominantly certificate-degree,Associate's
1094,13534.0,4800.0,6600.0,,,,,,,,,Cowley County Community College,Predominantly certificate-degree,Associate's
1095,10189.0,4650.0,5850.0,,,,,,,,,Dodge City Community College,Predominantly certificate-degree,Associate's
1096,21659.0,10440.0,10440.0,,,,,,,,,Donnelly College,Predominantly associate's-degree,Bachelor's
1097,21967.0,7106.0,15419.0,,,,,1120.0,18.0,24.0,,Emporia State University,Predominantly bachelor's-degree,Graduate
1098,20965.0,6400.0,6400.0,,,,,,,,,Flint Hills Technical College,Predominantly certificate-degree,Associate's
1099,19909.0,5923.0,17741.0,500.0,470.0,580.0,560.0,1089.0,18.0,24.0,,Fort Hays State University,Predominantly bachelor's-degree,Graduate
1100,42890.0,24590.0,24590.0,,,,,,,,,Barclay College,Predominantly bachelor's-degree,Graduate
1101,50482.0,34192.0,34192.0,500.0,460.0,530.0,560.0,1080.0,15.0,28.0,21.0,Friends University,Predominantly bachelor's-degree,Graduate
1102,12669.0,3390.0,3840.0,,,,,,,,,Fort Scott Community College,Predominantly certificate-degree,Associate's
1103,15071.0,3690.0,4320.0,,,,,,,,,Garden City Community College,Predominantly certificate-degree,Associate's
1104,9581.0,600.0,600.0,,,,,,,,,Haskell Indian Nations University,Predominantly associate's-degree,Bachelor's
1106,47450.0,32936.0,32936.0,,,,,,,,,Hesston College,Predominantly associate's-degree,Bachelor's
1107,17914.0,4080.0,4080.0,,,,,,,,,Highland Community College,Predominantly certificate-degree,Associate's
1108,14858.0,3540.0,4770.0,,,,,,,,,Hutchinson Community College,Predominantly certificate-degree,Associate's
1109,8824.0,4560.0,4950.0,,,,,,,,,Independence Community College,Predominantly associate's-degree,Associate's
1110,19785.0,2424.0,5688.0,,,,,,,,,Johnson County Community College,Predominantly associate's-degree,Associate's
1112,19855.0,3210.0,6945.0,,,,,,,,,Kansas City Kansas Community College,Predominantly certificate-degree,Associate's
1113,20997.0,11720.0,11720.0,,,,,,,,,Kansas Christian College,Predominantly bachelor's-degree,Bachelor's
1114,26751.0,12102.0,30432.0,540.0,530.0,650.0,650.0,1190.0,20.0,28.0,25.0,University of Kansas,Predominantly bachelor's-degree,Graduate
1115,46489.0,35500.0,35500.0,,,,,,,,21.0,Newman University,Predominantly bachelor's-degree,Graduate
1117,27402.0,11221.0,28568.0,550.0,510.0,640.0,620.0,1151.0,20.0,27.0,,Kansas State University,Predominantly bachelor's-degree,Graduate
1118,47437.0,34630.0,34630.0,,,,,,,,,Kansas Wesleyan University,Predominantly bachelor's-degree,Graduate
1119,14251.0,8880.0,8880.0,,,,,,,,,Washburn Institute of Technology,Predominantly certificate-degree,Certificate
1120,13364.0,4064.0,4864.0,,,,,,,,,Labette Community College,Predominantly associate's-degree,Associate's
1121,19407.0,9844.0,9844.0,,,,,,,,,Manhattan Area Technical College,Predominantly certificate-degree,Associate's
1122,34466.0,19126.0,19126.0,,,,,1020.0,18.0,24.0,22.0,Manhattan Christian College,Predominantly bachelor's-degree,Bachelor's
1123,50611.0,37310.0,37310.0,470.0,490.0,620.0,580.0,1058.0,18.0,23.0,,McPherson College,Predominantly bachelor's-degree,Graduate
1124,57355.0,37174.0,37174.0,460.0,490.0,540.0,550.0,1048.0,17.0,23.0,20.0,MidAmerica Nazarene University,Predominantly bachelor's-degree,Graduate
1125,16790.0,5780.0,5780.0,,,,,,,,,Neosho County Community College,Predominantly certificate-degree,Associate's
1126,21454.0,7350.0,7350.0,,,,,,,,,Fort Hays Tech North Central,Predominantly certificate-degree,Associate's
1128,51856.0,35880.0,35880.0,420.0,330.0,500.0,500.0,1000.0,16.0,22.0,18.0,Ottawa University-Ottawa,Predominantly bachelor's-degree,Graduate
1130,22099.0,8400.0,19744.0,,,,,1050.0,17.0,24.0,21.0,Pittsburg State University,Predominantly associate's-degree,Graduate
1131,19780.0,4256.0,4936.0,,,,,,,,,Pratt Community College,Predominantly certificate-degree,Associate's
1132,48728.0,35380.0,35380.0,378.0,428.0,518.0,510.0,1029.0,17.0,24.0,,University of Saint Mary,Predominantly bachelor's-degree,Graduate
1133,14642.0,7128.0,7128.0,,,,,,,,,Salina Area Technical College,Predominantly certificate-degree,Associate's
1134,12629.0,4032.0,5408.0,,,,,,,,,Seward County Community College,Predominantly certificate-degree,Associate's
1135,58432.0,39822.0,39822.0,,,,,,,,19.0,Southwestern College,Predominantly bachelor's-degree,Graduate
1136,47185.0,33700.0,33700.0,,,,,,,,22.0,Sterling College,Predominantly bachelor's-degree,Graduate
1137,50350.0,36200.0,36200.0,,,,,,,,,Tabor College,Predominantly bachelor's-degree,Graduate
1138,21512.0,9945.0,20949.0,,,,,,,,,Washburn University,Predominantly bachelor's-degree,Graduate
1139,17592.0,7238.0,7238.0,,,,,,,,,Wichita State University-Campus of Applied Sciences and Technology,Predominantly certificate-degree,Associate's
1140,21780.0,9684.0,19869.0,470.0,435.0,610.0,630.0,1092.0,17.0,25.0,23.0,Wichita State University,Predominantly bachelor's-degree,Graduate
1142,31200.0,13960.0,13960.0,380.0,330.0,500.0,460.0,1015.0,16.0,22.0,20.0,Alice Lloyd College,Predominantly bachelor's-degree,Bachelor's
1143,47459.0,33640.0,33640.0,,,,,,,,,Asbury University,Predominantly bachelor's-degree,Graduate
1145,14374.0,4728.0,6432.0,,,,,,,,,Ashland Community and Technical College,Predominantly certificate-degree,Associate's
1146,61691.0,48770.0,48770.0,510.0,520.0,630.0,620.0,1210.0,23.0,28.0,24.0,Bellarmine University,Predominantly bachelor's-degree,Graduate
1147,60718.0,51658.0,51658.0,588.0,568.0,680.0,655.0,1249.0,23.0,28.0,26.0,Berea College,Predominantly bachelor's-degree,Bachelor's
1149,13993.0,4728.0,6432.0,,,,,,,,,Southcentral Kentucky Community and Technical College,Predominantly certificate-degree,Associate's
1150,44328.0,31550.0,31550.0,,,,,,,,22.0,Brescia University,Predominantly bachelor's-degree,Graduate
1151,42603.0,27998.0,27998.0,,,,,,,,,Campbellsville University,Predominantly bachelor's-degree,Graduate
1152,13902.0,4808.0,6512.0,,,,,,,,,Bluegrass Community and Technical College,Predominantly certificate-degree,Associate's
1153,67787.0,52820.0,52820.0,590.0,570.0,720.0,730.0,1352.0,25.0,32.0,30.0,Centre College,Predominantly bachelor's-degree,Bachelor's
1154,21040.0,10720.0,10720.0,,,,,,,,,Clear Creek Baptist Bible College,Predominantly bachelor's-degree,Graduate
1157,25567.0,9875.0,9875.0,,,,,,,,21.0,University of the Cumberlands,Predominantly bachelor's-degree,Graduate
1158,23735.0,10320.0,21230.0,440.0,440.0,530.0,550.0,1149.0,19.0,25.0,21.0,Eastern Kentucky University,Predominantly bachelor's-degree,Graduate
1159,14212.0,4728.0,6432.0,,,,,,,,,Elizabethtown Community and Technical College,Predominantly certificate-degree,Associate's
1161,56886.0,42840.0,42840.0,500.0,460.0,590.0,570.0,1138.0,20.0,25.0,,Georgetown College,Predominantly bachelor's-degree,Graduate
1163,12520.0,4728.0,6432.0,,,,,,,,,Hazard Community and Technical College,Predominantly certificate-degree,Associate's
1165,13540.0,4728.0,6432.0,,,,,,,,,Henderson Community College,Predominantly certificate-degree,Associate's
1166,14469.0,4728.0,6432.0,,,,,,,,,Hopkinsville Community College,Predominantly certificate-degree,Associate's
1167,14457.0,4808.0,6512.0,,,,,,,,,Jefferson Community and Technical College,Predominantly certificate-degree,Associate's
1169,25356.0,12456.0,12456.0,,,,,,,,,American National University-Pikeville,Predominantly associate's-degree,Graduate
1170,16603.0,10360.0,10360.0,505.0,443.0,598.0,528.0,1080.0,17.0,25.0,23.0,Kentucky Mountain Bible College,Predominantly associate's-degree,Bachelor's
1171,21727.0,9387.0,13658.0,,,,,870.0,14.0,17.0,,Kentucky State University,Predominantly bachelor's-degree,Graduate
1172,46203.0,34673.0,34673.0,440.0,450.0,560.0,570.0,1044.0,16.0,23.0,22.0,Kentucky Wesleyan College,Predominantly bachelor's-degree,Bachelor's
1173,34391.0,13502.0,34140.0,540.0,530.0,650.0,640.0,1215.0,21.0,28.0,26.0,University of Kentucky,Predominantly bachelor's-degree,Graduate
1174,40168.0,26625.0,26625.0,,,,,1090.0,18.0,24.0,19.0,Kentucky Christian University,Predominantly bachelor's-degree,Graduate
1176,40879.0,27808.0,27808.0,,,,,,,,,Lindsey Wilson College,Predominantly bachelor's-degree,Graduate
1177,32941.0,13136.0,29482.0,530.0,510.0,640.0,630.0,1150.0,19.0,27.0,24.0,University of Louisville,Predominantly bachelor's-degree,Graduate
1179,13911.0,4728.0,6432.0,,,,,,,,,Madisonville Community College,Predominantly certificate-degree,Associate's
1180,13222.0,4728.0,6432.0,,,,,,,,,Maysville Community and Technical College,Predominantly certificate-degree,Associate's
1181,48805.0,27220.0,27220.0,570.0,530.0,590.0,580.0,1122.0,20.0,25.0,22.0,Midway University,Predominantly bachelor's-degree,Graduate
1182,21961.0,10024.0,14980.0,,,,,,,,,Morehead State University,Predominantly bachelor's-degree,Graduate
1183,23485.0,9900.0,19836.0,480.0,460.0,600.0,570.0,1133.0,19.0,26.0,24.0,Murray State University,Predominantly bachelor's-degree,Graduate
1184,14075.0,4728.0,6432.0,,,,,,,,,Gateway Community and Technical College,Predominantly certificate-degree,Associate's
1185,19725.0,11088.0,21912.0,473.0,480.0,590.0,560.0,1087.0,18.0,25.0,23.0,Northern Kentucky University,Predominantly bachelor's-degree,Graduate
1186,14084.0,4728.0,6432.0,,,,,,,,,West Kentucky Community and Technical College,Predominantly certificate-degree,Associate's
1187,33420.0,24850.0,24850.0,,,,,,,,,University of Pikeville,Predominantly bachelor's-degree,Graduate
1188,13047.0,4728.0,6432.0,,,,,,,,,Big Sandy Community and Technical College,Predominantly certificate-degree,Associate's
1193,12959.0,4728.0,6432.0,,,,,,,,,Somerset Community College,Predominantly certificate-degree,Associate's
1194,12699.0,4728.0,6432.0,,,,,,,,,Southeast Kentucky Community & Technical College,Predominantly certificate-degree,Associate's
1196,45530.0,29200.0,29200.0,440.0,435.0,513.0,525.0,977.0,15.0,22.0,20.0,Spalding University,Predominantly bachelor's-degree,Graduate
1197,31766.0,15480.0,15480.0,,,,,,,,,Sullivan University,Predominantly associate's-degree,Graduate
1198,49452.0,39800.0,39800.0,510.0,520.0,610.0,620.0,1180.0,21.0,27.0,,Thomas More University,Predominantly bachelor's-degree,Graduate
1199,60993.0,46870.0,46870.0,580.0,540.0,690.0,690.0,1287.0,24.0,30.0,27.0,Transylvania University,Predominantly bachelor's-degree,Bachelor's
1200,44322.0,30946.0,30946.0,,,,,980.0,15.0,22.0,19.0,Union Commonwealth University,Predominantly bachelor's-degree,Graduate
1201,24188.0,11652.0,27000.0,420.0,420.0,530.0,520.0,971.0,16.0,21.0,,Western Kentucky University,Predominantly bachelor's-degree,Graduate
1202,12172.0,4099.0,4099.0,,,,,,,,,Central Louisiana Technical Community College,Predominantly certificate-degree,Associate's
1205,17111.0,4283.0,4283.0,,,,,,,,,Bossier Parish Community College,Predominantly certificate-degree,Associate's
1206,60620.0,41200.0,41200.0,530.0,530.0,600.0,610.0,1144.0,20.0,25.0,25.0,Centenary College of Louisiana,Predominantly bachelor's-degree,Graduate
1209,18568.0,4279.0,4279.0,,,,,,,,,Delgado Community College,Predominantly certificate-degree,Associate's
1212,39202.0,23918.0,23918.0,480.0,488.0,640.0,562.0,1050.0,18.0,22.0,21.0,Dillard University,Predominantly bachelor's-degree,Bachelor's
1213,18175.0,4255.0,4255.0,,,,,,,,,Nunez Community College,Predominantly certificate-degree,Associate's
1214,25367.0,7683.0,16706.0,490.0,430.0,570.0,510.0,943.0,15.0,19.0,17.0,Grambling State University,Predominantly bachelor's-degree,Graduate
1216,25749.0,11711.0,11711.0,,,,,,,,,ITI Technical College,Predominantly associate's-degree,Associate's
1219,15550.0,7050.0,14650.0,490.0,480.0,610.0,610.0,1022.0,17.0,22.0,20.0,Louisiana State University-Alexandria,Predominantly bachelor's-degree,Bachelor's
1220,34705.0,11954.0,28631.0,600.0,580.0,680.0,660.0,1285.0,24.0,30.0,26.0,Louisiana State University and Agricultural & Mechanical College,Predominantly bachelor's-degree,Graduate
1221,17346.0,4730.0,10094.0,,,,,,,,,Louisiana State University-Eunice,Predominantly associate's-degree,Associate's
1222,19461.0,7518.0,7518.0,515.0,485.0,605.0,590.0,1090.0,18.0,24.0,23.0,Louisiana State University-Shreveport,Predominantly bachelor's-degree,Graduate
1226,33791.0,20266.0,20266.0,,,,,,,,21.0,Louisiana Christian University,Predominantly bachelor's-degree,Graduate
1228,24280.0,10125.0,16866.0,550.0,550.0,630.0,680.0,1191.0,21.0,27.0,25.0,Louisiana Tech University,Predominantly bachelor's-degree,Graduate
1229,64157.0,49440.0,49440.0,,,,,,,,,Loyola University New Orleans,Predominantly bachelor's-degree,Graduate
1230,22810.0,8489.0,9989.0,490.0,450.0,610.0,588.0,1087.0,18.0,23.0,22.0,McNeese State University,Predominantly bachelor's-degree,Graduate
1231,23431.0,9172.0,14008.0,480.0,455.0,616.0,625.0,1052.0,17.0,23.0,21.0,University of New Orleans,Predominantly bachelor's-degree,Graduate
1232,21660.0,12468.0,12468.0,,,,,,,,,New Orleans Baptist Theological Seminary,Predominantly bachelor's-degree,Graduate
1233,23481.0,8149.0,9242.0,472.0,462.0,608.0,588.0,1090.0,19.0,24.0,23.0,Nicholls State University,Predominantly bachelor's-degree,Graduate
1234,24932.0,9190.0,21290.0,540.0,620.0,630.0,730.0,1116.0,18.0,24.0,22.0,University of Louisiana at Monroe,Predominantly bachelor's-degree,Graduate
1235,16807.0,4109.0,4109.0,,,,,,,,,Northwest Louisiana Technical Community College,Predominantly certificate-degree,Associate's
1236,25431.0,8864.0,19652.0,448.0,418.0,610.0,553.0,1088.0,18.0,24.0,19.0,Northwestern State University of Louisiana,Predominantly bachelor's-degree,Graduate
1237,27541.0,16576.0,16576.0,,,,,,,,19.0,University of Holy Cross,Predominantly bachelor's-degree,Graduate
1238,28490.0,18310.0,18310.0,,,,,,,,21.0,Franciscan Missionaries of Our Lady University,Predominantly bachelor's-degree,Graduate
1242,49944.0,28025.0,28025.0,,,,,,,,,Saint Joseph Seminary College,Predominantly bachelor's-degree,Bachelor's
1244,17452.0,4219.0,4219.0,,,,,,,,,Fletcher Technical Community College,Predominantly certificate-degree,Associate's
1245,35661.0,16312.0,16312.0,,,,,,,,,Remington College-Lafayette Campus,Predominantly certificate-degree,Associate's
1246,15578.0,4305.0,4305.0,,,,,,,,,SOWELA Technical Community College,Predominantly certificate-degree,Associate's
1248,23604.0,8373.0,20851.0,,,,,1090.0,18.0,24.0,,Southeastern Louisiana University,Predominantly bachelor's-degree,Graduate
1249,26341.0,9922.0,17272.0,410.0,380.0,530.0,490.0,942.0,15.0,19.0,17.0,Southern University and A & M College,Predominantly bachelor's-degree,Graduate
1250,23905.0,8054.0,16954.0,410.0,410.0,540.0,510.0,944.0,15.0,20.0,,Southern University at New Orleans,Predominantly bachelor's-degree,Graduate
1251,17017.0,4958.0,4958.0,,,,,,,,,Southern University at Shreveport,Predominantly associate's-degree,Associate's
1252,24884.0,10418.0,24146.0,570.0,550.0,630.0,610.0,1219.0,23.0,28.0,22.0,University of Louisiana at Lafayette,Predominantly bachelor's-degree,Graduate
1253,17553.0,4299.0,4299.0,,,,,,,,,Northshore Technical Community College,Predominantly certificate-degree,Associate's
1254,87004.0,68678.0,68678.0,700.0,700.0,750.0,770.0,1448.0,31.0,34.0,32.0,Tulane University of Louisiana,Predominantly bachelor's-degree,Graduate
1255,40434.0,28733.0,28733.0,500.0,450.0,560.0,553.0,1080.0,19.0,24.0,23.0,Xavier University of Louisiana,Predominantly bachelor's-degree,Graduate
1256,58266.0,47997.0,47997.0,660.0,580.0,730.0,700.0,1370.0,,,,College of the Atlantic,Predominantly bachelor's-degree,Graduate
1257,83532.0,66590.0,66590.0,710.0,710.0,750.0,780.0,1468.0,31.0,34.0,,Bates College,Predominantly bachelor's-degree,Bachelor's
1259,85100.0,67832.0,67832.0,730.0,740.0,770.0,780.0,1520.0,33.0,35.0,,Bowdoin College,Predominantly bachelor's-degree,Bachelor's
1260,26827.0,20952.0,20952.0,,,,,,,,,Maine College of Health Professions,Predominantly associate's-degree,Bachelor's
1261,15063.0,4140.0,7020.0,,,,,,,,,Central Maine Community College,Predominantly associate's-degree,Associate's
1262,85420.0,69600.0,69600.0,720.0,740.0,760.0,790.0,1501.0,32.0,34.0,33.0,Colby College,Predominantly bachelor's-degree,Bachelor's
1263,16791.0,4156.0,7036.0,,,,,,,,,Eastern Maine Community College,Predominantly associate's-degree,Associate's
1264,12149.0,4156.0,7036.0,,,,,,,,,Kennebec Valley Community College,Predominantly associate's-degree,Associate's
1265,42868.0,29060.0,29060.0,,,,,,,,,The Landing School,Predominantly certificate-degree,Associate's
1266,19052.0,8888.0,22178.0,,,,,,,,,University of Maine at Augusta,Predominantly bachelor's-degree,Graduate
1267,25822.0,11308.0,23878.0,485.0,510.0,605.0,640.0,1130.0,,,,University of Maine at Farmington,Predominantly bachelor's-degree,Graduate
1268,18703.0,9420.0,14880.0,,,,,,,,,University of Maine at Fort Kent,Predominantly bachelor's-degree,Bachelor's
1269,27328.0,13326.0,36756.0,,,,,,,,26.0,University of Maine,Predominantly bachelor's-degree,Graduate
1270,31046.0,15158.0,31102.0,565.0,530.0,625.0,635.0,1166.0,21.0,26.0,,Maine Maritime Academy,Predominantly bachelor's-degree,Graduate
1271,19113.0,9402.0,14862.0,,,,,,,,,University of Maine at Presque Isle,Predominantly bachelor's-degree,Graduate
1272,63245.0,44210.0,44210.0,,,,,,,,,University of New England,Predominantly bachelor's-degree,Graduate
1273,15918.0,4156.0,7036.0,,,,,,,,,Northern Maine Community College,Predominantly associate's-degree,Associate's
1275,60128.0,42942.0,42942.0,,,,,,,,,Maine College of Art & Design,Predominantly bachelor's-degree,Graduate
1276,59782.0,44420.0,44420.0,500.0,460.0,590.0,560.0,1040.0,,,,Saint Joseph's College of Maine,Predominantly bachelor's-degree,Graduate
1278,18531.0,4156.0,7036.0,,,,,,,,,Southern Maine Community College,Predominantly associate's-degree,Associate's
1279,23717.0,11284.0,27944.0,500.0,490.0,650.0,600.0,1116.0,24.0,28.0,22.0,University of Southern Maine,Predominantly bachelor's-degree,Graduate
1280,47198.0,31824.0,31824.0,,,,,,,,,Thomas College,Predominantly bachelor's-degree,Graduate
1281,21931.0,12640.0,12640.0,,,,,,,,,Unity Environmental University,Predominantly bachelor's-degree,Graduate
1282,13731.0,4156.0,7036.0,,,,,,,,,Washington County Community College,Predominantly certificate-degree,Associate's
1283,16170.0,4938.0,12618.0,,,,,,,,,Allegany College of Maryland,Predominantly associate's-degree,Associate's
1284,19841.0,4322.0,11522.0,,,,,,,,,Anne Arundel Community College,Predominantly associate's-degree,Associate's
1287,22790.0,3314.0,7394.0,,,,,,,,,Baltimore City Community College,Predominantly associate's-degree,Associate's
1288,26406.0,9992.0,23984.0,370.0,370.0,650.0,680.0,940.0,,,19.0,University of Baltimore,Predominantly bachelor's-degree,Graduate
1289,25220.0,9218.0,19938.0,,,,,,,,19.0,Bowie State University,Predominantly bachelor's-degree,Graduate
1290,42471.0,27592.0,27592.0,,,,,,,,,Capitol Technology University,Predominantly bachelor's-degree,Graduate
1291,14700.0,5640.0,10830.0,,,,,,,,,Cecil College,Predominantly associate's-degree,Associate's
1292,13681.0,4200.0,10050.0,,,,,,,,,College of Southern Maryland,Predominantly associate's-degree,Associate's
1293,10751.0,4274.0,8768.0,,,,,,,,,Chesapeake College,Predominantly associate's-degree,Associate's
1294,34309.0,26604.0,26604.0,450.0,410.0,580.0,550.0,980.0,,,,Washington Adventist University,Predominantly bachelor's-degree,Graduate
1295,23748.0,7100.0,14024.0,460.0,420.0,510.0,510.0,975.0,,,,Coppin State University,Predominantly bachelor's-degree,Graduate
1298,14798.0,3849.0,10042.0,,,,,,,,,Frederick Community College,Predominantly associate's-degree,Associate's
1299,27056.0,10220.0,25814.0,,,,,,,,21.0,Frostburg State University,Predominantly bachelor's-degree,Graduate
1300,14342.0,4144.0,12040.0,,,,,,,,,Garrett College,Predominantly associate's-degree,Associate's
1301,70544.0,53350.0,53350.0,560.0,530.0,680.0,645.0,1248.0,27.0,30.0,28.0,Goucher College,Predominantly bachelor's-degree,Graduate
1302,12747.0,4320.0,8190.0,,,,,,,,,Hagerstown Community College,Predominantly associate's-degree,Associate's
1303,13821.0,4032.0,8832.0,,,,,,,,,Harford Community College,Predominantly associate's-degree,Associate's
1304,61219.0,47700.0,47700.0,,,,,,,,,Hood College,Predominantly bachelor's-degree,Graduate
1305,16774.0,4080.0,9624.0,,,,,,,,,Howard Community College,Predominantly associate's-degree,Associate's
1307,85947.0,65230.0,65230.0,740.0,780.0,770.0,800.0,1553.0,34.0,36.0,,Johns Hopkins University,Predominantly bachelor's-degree,Graduate
1309,74055.0,57150.0,57150.0,620.0,580.0,690.0,680.0,1290.0,28.0,32.0,,Loyola University Maryland,Predominantly bachelor's-degree,Graduate
1310,25400.0,8136.0,12336.0,,,,,,,,,University of Maryland Global Campus,Predominantly bachelor's-degree,Graduate
1312,28576.0,13256.0,31275.0,630.0,610.0,700.0,720.0,1323.0,25.0,31.0,28.0,University of Maryland-Baltimore County,Predominantly bachelor's-degree,Graduate
1313,29299.0,11809.0,41186.0,690.0,710.0,750.0,780.0,1473.0,32.0,35.0,32.0,University of Maryland-College Park,Predominantly bachelor's-degree,Graduate
1314,76860.0,56800.0,56800.0,570.0,508.0,670.0,635.0,1258.0,25.0,33.0,,Maryland Institute College of Art,Predominantly bachelor's-degree,Graduate
1315,25941.0,9076.0,20122.0,,,,,,,,,University of Maryland Eastern Shore,Predominantly bachelor's-degree,Graduate
1318,15298.0,5394.0,14250.0,,,,,,,,,Montgomery College,Predominantly associate's-degree,Associate's
1319,25413.0,8229.0,19124.0,400.0,440.0,520.0,550.0,971.0,16.0,21.0,18.0,Morgan State University,Predominantly bachelor's-degree,Graduate
1320,63731.0,48630.0,48630.0,543.0,503.0,660.0,620.0,1176.0,19.0,27.0,,Mount St. Mary's University,Predominantly bachelor's-degree,Graduate
1321,26750.0,10600.0,10600.0,,,,,,,,,Ner Israel Rabbinical College,Predominantly bachelor's-degree,Graduate
1323,59320.0,43360.0,43360.0,,,,,,,,,Notre Dame of Maryland University,Predominantly bachelor's-degree,Graduate
1324,15544.0,4034.0,8762.0,,,,,,,,,Prince George's Community College,Predominantly associate's-degree,Associate's
1326,28310.0,11084.0,22174.0,600.0,580.0,670.0,650.0,1252.0,20.0,29.0,,Salisbury University,Predominantly bachelor's-degree,Graduate
1327,31865.0,15298.0,31374.0,590.0,553.0,690.0,650.0,1261.0,26.0,31.0,29.0,St. Mary's College of Maryland,Predominantly bachelor's-degree,Graduate
1328,55540.0,40684.0,40684.0,680.0,590.0,750.0,690.0,1372.0,27.0,32.0,29.0,St. John's College,Predominantly bachelor's-degree,Graduate
1329,28535.0,11728.0,29820.0,490.0,460.0,635.0,600.0,1095.0,19.0,27.0,24.0,Towson University,Predominantly bachelor's-degree,Graduate
1332,58394.0,40560.0,40560.0,,,,,,,,,Stevenson University,Predominantly bachelor's-degree,Graduate
1333,73314.0,55326.0,55326.0,580.0,560.0,710.0,680.0,1280.0,27.0,31.0,,Washington College,Predominantly bachelor's-degree,Bachelor's
1334,65294.0,52081.0,52081.0,,,,,,,,,McDaniel College,Predominantly bachelor's-degree,Graduate
1335,15190.0,3840.0,8400.0,,,,,,,,,Wor-Wic Community College,Predominantly associate's-degree,Associate's
1336,79075.0,57160.0,57160.0,,,,,,,,,Hult International Business School,Predominantly bachelor's-degree,Graduate
1337,59270.0,44230.0,44230.0,,,,,,,,,American International College,Predominantly bachelor's-degree,Graduate
1338,87640.0,70480.0,70480.0,740.0,750.0,780.0,800.0,1533.0,33.0,35.0,33.0,Amherst College,Predominantly bachelor's-degree,Bachelor's
1339,61888.0,44571.0,44571.0,,,,,,,,,Anna Maria College,Predominantly bachelor's-degree,Graduate
1341,65551.0,51356.0,51356.0,,,,,,,,,Assumption University,Predominantly bachelor's-degree,Graduate
1342,80192.0,57152.0,57152.0,670.0,720.0,740.0,790.0,1457.0,31.0,34.0,32.0,Babson College,Predominantly bachelor's-degree,Graduate
1344,23370.0,14304.0,14304.0,,,,,,,,,Boston Baptist College,Predominantly bachelor's-degree,Bachelor's
1345,47308.0,38302.0,38302.0,490.0,520.0,610.0,600.0,1120.0,,,,Bay Path University,Predominantly bachelor's-degree,Graduate
1346,79548.0,61000.0,61000.0,630.0,650.0,700.0,730.0,1352.0,28.0,31.0,30.0,Bentley University,Predominantly bachelor's-degree,Graduate
1347,72700.0,52040.0,52040.0,,,,,,,,,Berklee College of Music,Predominantly bachelor's-degree,Graduate
1348,18062.0,6164.0,11468.0,,,,,,,,,Berkshire Community College,Predominantly associate's-degree,Associate's
1349,40343.0,27470.0,27470.0,,,,,,,,,Boston Architectural College,Predominantly bachelor's-degree,Graduate
1351,89493.0,70702.0,70702.0,710.0,730.0,760.0,780.0,1507.0,33.0,35.0,34.0,Boston College,Predominantly bachelor's-degree,Graduate
1352,86285.0,68102.0,68102.0,690.0,730.0,750.0,780.0,1480.0,32.0,34.0,33.0,Boston University,Predominantly bachelor's-degree,Graduate
1353,86448.0,68080.0,68080.0,690.0,700.0,750.0,770.0,1462.0,31.0,34.0,33.0,Brandeis University,Predominantly bachelor's-degree,Graduate
1354,26160.0,11808.0,17948.0,550.0,510.0,650.0,613.0,1180.0,25.0,30.0,24.0,Bridgewater State University,Predominantly bachelor's-degree,Graduate
1355,12168.0,5832.0,10776.0,,,,,,,,,Bristol Community College,Predominantly associate's-degree,Associate's
1357,14899.0,6168.0,11112.0,,,,,,,,,Bunker Hill Community College,Predominantly associate's-degree,Associate's
1358,34072.0,18378.0,18378.0,,,,,,,,,Cambridge College,Predominantly bachelor's-degree,Graduate
1359,15053.0,6000.0,10944.0,,,,,,,,,Cape Cod Community College,Predominantly associate's-degree,Associate's
1361,36863.0,30618.0,30618.0,,,,,,,,,Laboure College of Healthcare,Predominantly associate's-degree,Bachelor's
1362,68432.0,58867.0,58867.0,658.0,630.0,740.0,720.0,1370.0,30.0,33.0,29.0,Clark University,Predominantly bachelor's-degree,Graduate
1364,64020.0,47970.0,47970.0,530.0,520.0,620.0,610.0,1125.0,,,,Curry College,Predominantly bachelor's-degree,Graduate
1365,64889.0,46526.0,46526.0,,,,,,,,,Dean College,Predominantly bachelor's-degree,Bachelor's
1368,42179.0,29924.0,29924.0,,,,,,,,22.0,Eastern Nazarene College,Predominantly bachelor's-degree,Graduate
1369,80399.0,57056.0,57056.0,660.0,610.0,720.0,700.0,1358.0,29.0,32.0,30.0,Emerson College,Predominantly bachelor's-degree,Graduate
1370,65252.0,48550.0,48550.0,600.0,570.0,670.0,670.0,1250.0,,,29.0,Emmanuel College,Predominantly bachelor's-degree,Graduate
1371,59328.0,40650.0,40650.0,610.0,583.0,680.0,660.0,1274.0,25.0,30.0,,Endicott College,Predominantly bachelor's-degree,Graduate
1373,53921.0,35689.0,35689.0,,,,,,,,20.0,Fisher College,Predominantly bachelor's-degree,Graduate
1374,25555.0,11346.0,17426.0,540.0,520.0,620.0,610.0,1150.0,,,22.0,Fitchburg State University,Predominantly bachelor's-degree,Graduate
1375,27413.0,11920.0,18000.0,570.0,530.0,650.0,630.0,1180.0,,,29.0,Framingham State University,Predominantly bachelor's-degree,Graduate
1376,30406.0,18906.0,18906.0,,,,,,,,,Benjamin Franklin Cummings Institute of Technology,Predominantly certificate-degree,Bachelor's
1377,42446.0,30700.0,30700.0,580.0,550.0,695.0,660.0,1265.0,25.0,31.0,27.0,Gordon College,Predominantly bachelor's-degree,Graduate
1379,14762.0,5810.0,11930.0,,,,,,,,,Greenfield Community College,Predominantly associate's-degree,Associate's
1380,74195.0,58896.0,58896.0,,,,,,,,,Hampshire College,Predominantly bachelor's-degree,Bachelor's
1381,85540.0,61676.0,61676.0,740.0,770.0,780.0,800.0,1553.0,34.0,36.0,35.0,Harvard University,Predominantly bachelor's-degree,Graduate
1383,41282.0,22490.0,22490.0,,,,,,,,,Hellenic College-Holy Cross Greek Orthodox School of Theology,Predominantly bachelor's-degree,Graduate
1384,80334.0,64500.0,64500.0,630.0,610.0,710.0,700.0,1353.0,27.0,32.0,30.0,College of the Holy Cross,Predominantly bachelor's-degree,Bachelor's
1385,15043.0,5988.0,10932.0,,,,,,,,,Holyoke Community College,Predominantly associate's-degree,Associate's
1386,42434.0,27040.0,27040.0,530.0,500.0,598.0,560.0,1100.0,,,27.0,Lasell University,Predominantly bachelor's-degree,Graduate
1388,51538.0,34256.0,34256.0,,,,,,,,,Lesley University,Predominantly bachelor's-degree,Graduate
1389,72450.0,55275.0,55275.0,,,,,,,,,Longy School of Music of Bard College,Predominantly certificate-degree,Graduate
1391,30786.0,16966.0,36264.0,590.0,590.0,680.0,690.0,1285.0,25.0,32.0,29.0,University of Massachusetts-Lowell,Predominantly bachelor's-degree,Graduate
1392,34549.0,17772.0,40449.0,650.0,660.0,730.0,770.0,1423.0,30.0,33.0,31.0,University of Massachusetts-Amherst,Predominantly bachelor's-degree,Graduate
1393,30544.0,15908.0,38125.0,540.0,530.0,650.0,640.0,1194.0,22.0,29.0,27.0,University of Massachusetts-Boston,Predominantly bachelor's-degree,Graduate
1394,14185.0,5856.0,10800.0,,,,,,,,,Massachusetts Bay Community College,Predominantly associate's-degree,Associate's
1395,65022.0,40530.0,40530.0,570.0,590.0,678.0,738.0,1269.0,26.0,30.0,27.0,MCPHS University,Predominantly bachelor's-degree,Graduate
1396,34239.0,15400.0,43400.0,,,,,,,,,Massachusetts College of Art and Design,Predominantly bachelor's-degree,Graduate
1397,82730.0,62396.0,62396.0,740.0,780.0,780.0,800.0,1560.0,34.0,36.0,,Massachusetts Institute of Technology,Predominantly bachelor's-degree,Graduate
1398,31367.0,11420.0,23722.0,,,,,,,,,Massachusetts Maritime Academy,Predominantly bachelor's-degree,Graduate
1402,14904.0,5376.0,10320.0,,,,,,,,,Massasoit Community College,Predominantly associate's-degree,Associate's
1403,70038.0,53962.0,53962.0,,,,,,,,,Merrimack College,Predominantly bachelor's-degree,Graduate
1405,10342.0,6048.0,12120.0,,,,,,,,,Middlesex Community College,Predominantly associate's-degree,Associate's
1406,58616.0,40690.0,40690.0,,,,,,,,,Montserrat College of Art,Predominantly bachelor's-degree,Bachelor's
1407,84926.0,67018.0,67018.0,710.0,670.0,760.0,770.0,1463.0,32.0,35.0,33.0,Mount Holyoke College,Predominantly bachelor's-degree,Graduate
1408,15487.0,6160.0,11080.0,,,,,,,,,Mount Wachusett Community College,Predominantly associate's-degree,Associate's
1410,81277.0,60750.0,60750.0,,,,,,,,,The New England Conservatory of Music,Predominantly bachelor's-degree,Graduate
1413,58310.0,42705.0,42705.0,528.0,500.0,623.0,613.0,1140.0,,,23.0,Nichols College,Predominantly bachelor's-degree,Graduate
1414,26026.0,12436.0,21381.0,,,,,,,,,Massachusetts College of Liberal Arts,Predominantly bachelor's-degree,Graduate
1416,15896.0,5352.0,10920.0,,,,,,,,,North Shore Community College,Predominantly associate's-degree,Associate's
1417,84641.0,66162.0,66162.0,710.0,730.0,760.0,780.0,1497.0,33.0,35.0,34.0,Northeastern University,Predominantly bachelor's-degree,Graduate
1418,13201.0,6732.0,12516.0,,,,,,,,,Northern Essex Community College,Predominantly associate's-degree,Associate's
1419,54027.0,43325.0,43325.0,,,,,,,,,College of Our Lady of the Elms,Predominantly bachelor's-degree,Graduate
1420,22528.0,8938.0,8938.0,,,,,,,,,Quincy College,Predominantly associate's-degree,Bachelor's
1421,15921.0,6262.0,11206.0,,,,,,,,,Quinsigamond Community College,Predominantly associate's-degree,Associate's
1422,65546.0,49680.0,49680.0,,,,,,,,,Regis College,Predominantly bachelor's-degree,Graduate
1423,16621.0,6024.0,11328.0,,,,,,,,,Roxbury Community College,Predominantly associate's-degree,Associate's
1425,28291.0,12338.0,19531.0,,,,,,,,,Salem State University,Predominantly bachelor's-degree,Graduate
1426,63460.0,46874.0,46874.0,620.0,600.0,700.0,690.0,1316.0,26.0,34.0,29.0,Simmons University,Predominantly bachelor's-degree,Graduate
1427,85262.0,68780.0,68780.0,,,,,,,,,Bard College at Simon's Rock,Predominantly associate's-degree,Bachelor's
1428,86030.0,65178.0,65178.0,720.0,700.0,760.0,780.0,1500.0,32.0,35.0,33.0,Smith College,Predominantly bachelor's-degree,Graduate
1430,60729.0,45174.0,45174.0,570.0,510.0,690.0,640.0,1275.0,27.0,29.0,27.0,Springfield College,Predominantly bachelor's-degree,Graduate
1431,14971.0,5904.0,11112.0,,,,,,,,,Springfield Technical Community College,Predominantly associate's-degree,Associate's
1432,33485.0,15612.0,32567.0,530.0,520.0,640.0,630.0,1182.0,26.0,30.0,23.0,University of Massachusetts-Dartmouth,Predominantly bachelor's-degree,Graduate
1433,72714.0,57490.0,57490.0,,,,,,,,,Stonehill College,Predominantly bachelor's-degree,Graduate
1434,65281.0,47550.0,47550.0,550.0,540.0,670.0,630.0,1216.0,24.0,28.0,26.0,Suffolk University,Predominantly bachelor's-degree,Graduate
1436,88300.0,70704.0,70704.0,720.0,750.0,770.0,790.0,1513.0,33.0,35.0,34.0,Tufts University,Predominantly bachelor's-degree,Graduate
1437,86290.0,67176.0,67176.0,730.0,730.0,770.0,790.0,1520.0,33.0,35.0,33.0,Wellesley College,Predominantly bachelor's-degree,Bachelor's
1438,61096.0,42884.0,42884.0,560.0,550.0,660.0,660.0,1229.0,27.0,31.0,28.0,Wentworth Institute of Technology,Predominantly bachelor's-degree,Graduate
1439,60262.0,47820.0,47820.0,540.0,550.0,650.0,650.0,1192.0,21.0,28.0,28.0,Western New England University,Predominantly bachelor's-degree,Graduate
1440,27649.0,12179.0,18259.0,,,,,,,,20.0,Westfield State University,Predominantly bachelor's-degree,Graduate
1441,79311.0,63960.0,63960.0,640.0,580.0,720.0,670.0,1308.0,29.0,33.0,30.0,Wheaton College (Massachusetts),Predominantly bachelor's-degree,Bachelor's
1442,84860.0,68560.0,68560.0,740.0,750.0,780.0,790.0,1533.0,34.0,35.0,,Williams College,Predominantly bachelor's-degree,Graduate
1443,78679.0,60965.0,60965.0,,,,,,,,,Worcester Polytechnic Institute,Predominantly bachelor's-degree,Graduate
1444,22874.0,11786.0,17866.0,533.0,493.0,665.0,618.0,1150.0,,,24.0,Worcester State University,Predominantly bachelor's-degree,Graduate
1445,56003.0,41684.0,41684.0,443.0,430.0,580.0,560.0,1034.0,21.0,27.0,22.0,Adrian College,Predominantly bachelor's-degree,Graduate
1446,69986.0,56950.0,56950.0,,,,,,,,,Albion College,Predominantly bachelor's-degree,Bachelor's
1449,63650.0,49552.0,49552.0,,,,,,,,,Alma College,Predominantly bachelor's-degree,Graduate
1450,12246.0,5250.0,8010.0,,,,,,,,,Alpena Community College,Predominantly associate's-degree,Bachelor's
1451,45218.0,35056.0,35056.0,520.0,470.0,660.0,630.0,1150.0,20.0,26.0,24.0,Andrews University,Predominantly bachelor's-degree,Graduate
1452,51652.0,40218.0,40218.0,470.0,440.0,590.0,550.0,1025.0,20.0,26.0,23.0,Aquinas College,Predominantly bachelor's-degree,Graduate
1453,24526.0,13000.0,13000.0,500.0,460.0,600.0,560.0,1080.0,,,,Baker College,Predominantly bachelor's-degree,Graduate
1454,19020.0,5712.0,10528.0,,,,,,,,,Bay de Noc Community College,Predominantly associate's-degree,Associate's
1456,54222.0,39350.0,39350.0,550.0,533.0,660.0,670.0,1233.0,24.0,30.0,27.0,Calvin University,Predominantly bachelor's-degree,Graduate
1458,21852.0,15645.0,15645.0,,,,,,,,,Carnegie Institute,Predominantly certificate-degree,Certificate
1460,30681.0,14760.0,14760.0,490.0,470.0,610.0,590.0,1091.0,21.0,27.0,23.0,Central Michigan University,Predominantly bachelor's-degree,Graduate
1461,15460.0,6845.0,11460.0,,,,,,,,,Mott Community College,Predominantly associate's-degree,Associate's
1463,39718.0,26102.0,26102.0,,,,,,,,19.0,Cleary University,Predominantly bachelor's-degree,Graduate
1464,51853.0,35410.0,35410.0,,,,,,,,21.0,Concordia University Ann Arbor,Predominantly bachelor's-degree,Graduate
1466,66014.0,53350.0,53350.0,,,,,,,,,College for Creative Studies,Predominantly bachelor's-degree,Graduate
1467,37319.0,24466.0,24466.0,,,,,,,,,Davenport University,Predominantly bachelor's-degree,Graduate
1469,13541.0,4820.0,7880.0,,,,,,,,,Delta College,Predominantly associate's-degree,Associate's
1471,29172.0,17943.0,17943.0,,,,,,,,,Universal Technical Institute-Canton,Predominantly certificate-degree,Associate's
1472,42211.0,32946.0,32946.0,520.0,510.0,630.0,630.0,1134.0,22.0,28.0,26.0,University of Detroit Mercy,Predominantly bachelor's-degree,Graduate
1473,34227.0,16990.0,16990.0,,,,,,,,,Dorsey College,Predominantly certificate-degree,Associate's
1474,29640.0,16240.0,16240.0,480.0,440.0,600.0,570.0,1066.0,18.0,27.0,22.0,Eastern Michigan University,Predominantly bachelor's-degree,Graduate
1476,27048.0,14778.0,14778.0,460.0,430.0,570.0,550.0,1012.0,20.0,24.0,23.0,Ferris State University,Predominantly bachelor's-degree,Graduate
1477,17124.0,4176.0,6624.0,,,,,,,,,Glen Oaks Community College,Predominantly associate's-degree,Associate's
1478,61250.0,48470.0,48470.0,580.0,580.0,660.0,670.0,1251.0,26.0,30.0,28.0,Kettering University,Predominantly bachelor's-degree,Graduate
1479,14456.0,4800.0,7530.0,,,,,,,,,Gogebic Community College,Predominantly associate's-degree,Associate's
1480,26166.0,18690.0,18690.0,,,,,,,,,Grace Christian University,Predominantly bachelor's-degree,Graduate
1481,42043.0,23000.0,23000.0,,,,,,,,23.0,Cornerstone University,Predominantly bachelor's-degree,Graduate
1482,15658.0,4179.0,12219.0,,,,,,,,,Grand Rapids Community College,Predominantly associate's-degree,Associate's
1483,28367.0,15140.0,21548.0,480.0,460.0,600.0,590.0,1074.0,22.0,30.0,,Grand Valley State University,Predominantly bachelor's-degree,Graduate
1484,30311.0,19520.0,19520.0,,,,,,,,,Great Lakes Christian College,Predominantly bachelor's-degree,Bachelor's
1485,11784.0,3568.0,7816.0,,,,,,,,,Henry Ford College,Predominantly certificate-degree,Bachelor's
1487,55646.0,41970.0,41970.0,550.0,550.0,670.0,670.0,1249.0,25.0,31.0,28.0,Hope College,Predominantly bachelor's-degree,Bachelor's
1488,18708.0,7350.0,10200.0,,,,,,,,,Jackson College,Predominantly certificate-degree,Bachelor's
1489,74208.0,61050.0,61050.0,590.0,580.0,700.0,680.0,1280.0,20.0,29.0,27.0,Kalamazoo College,Predominantly bachelor's-degree,Bachelor's
1490,11386.0,4144.0,9094.0,,,,,,,,,Kalamazoo Valley Community College,Predominantly associate's-degree,Associate's
1491,12420.0,4118.0,8282.0,,,,,,,,,Kellogg Community College,Predominantly associate's-degree,Associate's
1492,15990.0,5190.0,9870.0,,,,,,,,,Kirtland Community College,Predominantly associate's-degree,Associate's
1494,15917.0,5445.0,7755.0,,,,,,,,,Lake Michigan College,Predominantly associate's-degree,Associate's
1495,27154.0,14890.0,14890.0,,,,,,,,23.0,Lake Superior State University,Predominantly bachelor's-degree,Bachelor's
1496,13013.0,4100.0,11300.0,,,,,,,,,Lansing Community College,Predominantly associate's-degree,Associate's
1497,58166.0,44760.0,44760.0,,,,,,,,,Lawrence Technological University,Predominantly bachelor's-degree,Graduate
1499,11912.0,3660.0,8370.0,,,,,,,,,Macomb Community College,Predominantly associate's-degree,Associate's
1500,41038.0,28440.0,28440.0,460.0,420.0,540.0,540.0,980.0,,,23.0,Madonna University,Predominantly bachelor's-degree,Graduate
1501,41787.0,29196.0,29196.0,,,,,,,,,Rochester University,Predominantly bachelor's-degree,Graduate
1502,34654.0,17736.0,60946.0,680.0,680.0,750.0,780.0,1465.0,31.0,34.0,,University of Michigan-Ann Arbor,Predominantly bachelor's-degree,Graduate
1504,32198.0,16458.0,43842.0,590.0,590.0,680.0,680.0,1269.0,25.0,31.0,26.0,Michigan State University,Predominantly bachelor's-degree,Graduate
1505,34152.0,19123.0,42988.0,570.0,560.0,680.0,670.0,1258.0,25.0,31.0,28.0,Michigan Technological University,Predominantly bachelor's-degree,Graduate
1506,24040.0,15640.0,32896.0,500.0,490.0,625.0,630.0,1115.0,24.0,28.0,25.0,University of Michigan-Dearborn,Predominantly bachelor's-degree,Graduate
1507,20915.0,14704.0,28320.0,500.0,470.0,633.0,610.0,1102.0,19.0,24.0,25.0,University of Michigan-Flint,Predominantly bachelor's-degree,Graduate
1508,17703.0,6132.0,10864.0,,,,,,,,,Mid Michigan College,Predominantly associate's-degree,Associate's
1509,10465.0,4759.0,8267.0,,,,,,,,,Monroe County Community College,Predominantly associate's-degree,Associate's
1510,12702.0,4662.0,10362.0,,,,,,,,,Montcalm Community College,Predominantly associate's-degree,Associate's
1511,12178.0,7250.0,16010.0,,,,,,,,,Muskegon Community College,Predominantly associate's-degree,Associate's
1512,19219.0,5430.0,10590.0,,,,,,,,,North Central Michigan College,Predominantly associate's-degree,Associate's
1513,27841.0,14277.0,19773.0,,,,,,,,,Northern Michigan University,Predominantly bachelor's-degree,Graduate
1514,13753.0,5860.0,13476.0,,,,,,,,,Northwestern Michigan College,Predominantly associate's-degree,Bachelor's
1515,48780.0,34400.0,34400.0,,,,,,,,,Northwood University,Predominantly bachelor's-degree,Graduate
1516,12353.0,3020.0,5560.0,,,,,,,,,Oakland Community College,Predominantly associate's-degree,Associate's
1517,25182.0,15262.0,23188.0,540.0,490.0,640.0,590.0,1120.0,,,25.0,Oakland University,Predominantly bachelor's-degree,Graduate
1518,47069.0,34068.0,34068.0,,,,,,,,21.0,The University of Olivet,Predominantly bachelor's-degree,Graduate
1520,38366.0,27660.0,27660.0,,,,,,,,,Kuyper College,Predominantly bachelor's-degree,Bachelor's
1524,41915.0,24120.0,24120.0,,,,,,,,,Sacred Heart Major Seminary,Predominantly certificate-degree,Graduate
1525,24936.0,12930.0,30450.0,480.0,440.0,600.0,570.0,1052.0,18.0,26.0,22.0,Saginaw Valley State University,Predominantly bachelor's-degree,Graduate
1526,12048.0,4736.0,8142.0,,,,,,,,,Schoolcraft Community College District,Predominantly associate's-degree,Associate's
1527,44449.0,30778.0,30778.0,413.0,393.0,528.0,545.0,954.0,16.0,23.0,,Siena Heights University,Predominantly bachelor's-degree,Graduate
1528,14391.0,5212.0,12150.0,,,,,,,,,St Clair County Community College,Predominantly associate's-degree,Associate's
1529,15589.0,6417.0,8394.0,,,,,,,,,Southwestern Michigan College,Predominantly associate's-degree,Associate's
1530,44703.0,34014.0,34014.0,540.0,470.0,630.0,610.0,1170.0,,,,Spring Arbor University,Predominantly bachelor's-degree,Graduate
1535,11826.0,2736.0,6504.0,,,,,,,,,Washtenaw Community College,Predominantly certificate-degree,Associate's
1536,15401.0,3112.0,4067.0,,,,,,,,,Wayne County Community College District,Predominantly certificate-degree,Associate's
1537,27350.0,15190.0,32037.0,540.0,520.0,640.0,630.0,1156.0,23.0,29.0,25.0,Wayne State University,Predominantly bachelor's-degree,Graduate
1538,10637.0,4470.0,8820.0,,,,,,,,,West Shore Community College,Predominantly associate's-degree,Associate's
1540,29237.0,15252.0,19034.0,,,,,,,,24.0,Western Michigan University,Predominantly bachelor's-degree,Graduate
1542,33874.0,18680.0,18680.0,,,,,,,,,Academy College,Predominantly bachelor's-degree,Bachelor's
1543,18698.0,6236.0,6236.0,,,,,,,,,Alexandria Technical & Community College,Predominantly associate's-degree,Associate's
1544,22247.0,6267.0,6267.0,,,,,,,,,Anoka Technical College,Predominantly certificate-degree,Associate's
1545,21068.0,5682.0,5682.0,,,,,,,,,Anoka-Ramsey Community College,Predominantly associate's-degree,Associate's
1546,62303.0,45452.0,45452.0,,,,,,,,21.0,Augsburg University,Predominantly bachelor's-degree,Graduate
1547,14442.0,6298.0,6298.0,,,,,,,,,Riverland Community College,Predominantly associate's-degree,Associate's
1548,16905.0,6254.0,6254.0,,,,,,,,,Northwest Technical College,Predominantly associate's-degree,Associate's
1549,22744.0,10237.0,10237.0,,,,,1090.0,18.0,24.0,22.0,Bemidji State University,Predominantly bachelor's-degree,Graduate
1550,41013.0,31360.0,31360.0,550.0,490.0,580.0,600.0,1150.0,21.0,26.0,,Bethany Lutheran College,Predominantly bachelor's-degree,Graduate
1551,58569.0,44226.0,44226.0,610.0,580.0,650.0,650.0,1249.0,22.0,28.0,24.0,Bethel University,Predominantly bachelor's-degree,Graduate
1552,19543.0,6249.0,6249.0,,,,,,,,,Central Lakes College-Brainerd,Predominantly associate's-degree,Associate's
1553,84893.0,68892.0,68892.0,720.0,730.0,770.0,790.0,1517.0,32.0,34.0,33.0,Carleton College,Predominantly bachelor's-degree,Bachelor's
1554,45942.0,31170.0,31170.0,,,,,1190.0,21.0,26.0,23.0,Concordia College at Moorhead,Predominantly bachelor's-degree,Graduate
1555,37239.0,25600.0,25600.0,,,,,,,,,Concordia University-Saint Paul,Predominantly bachelor's-degree,Graduate
1556,18552.0,6679.0,6679.0,,,,,,,,,Dakota County Technical College,Predominantly associate's-degree,Associate's
1557,29250.0,18120.0,18120.0,,,,,1090.0,21.0,28.0,24.0,Martin Luther College,Predominantly bachelor's-degree,Graduate
1558,19723.0,5785.0,5785.0,,,,,,,,,Lake Superior College,Predominantly associate's-degree,Associate's
1559,17194.0,5908.0,5908.0,,,,,,,,,Minnesota State Community and Technical College,Predominantly associate's-degree,Associate's
1560,17408.0,6491.0,6491.0,,,,,,,,,Minnesota West Community and Technical College,Predominantly certificate-degree,Associate's
1561,67613.0,56076.0,56076.0,,,,,1290.0,24.0,30.0,29.0,Gustavus Adolphus College,Predominantly bachelor's-degree,Bachelor's
1562,58110.0,50004.0,50004.0,568.0,565.0,728.0,663.0,1160.0,19.0,28.0,23.0,Hamline University,Predominantly bachelor's-degree,Graduate
1564,16032.0,5940.0,5940.0,,,,,,,,,Hennepin Technical College,Predominantly certificate-degree,Associate's
1565,16346.0,6022.0,6022.0,,,,,,,,,Minnesota North College,Predominantly associate's-degree,Associate's
1567,17103.0,6146.0,6146.0,,,,,,,,,Inver Hills Community College,Predominantly associate's-degree,Associate's
1569,82991.0,68104.0,68104.0,680.0,670.0,750.0,760.0,1440.0,30.0,34.0,31.0,Macalester College,Predominantly bachelor's-degree,Bachelor's
1570,15401.0,6146.0,6146.0,,,,,,,,,South Central College,Predominantly associate's-degree,Associate's
1571,23995.0,9572.0,18942.0,,,,,1150.0,21.0,25.0,22.0,Minnesota State University-Mankato,Predominantly bachelor's-degree,Graduate
1573,25172.0,9840.0,9840.0,,,,,1020.0,16.0,21.0,,Metropolitan State University,Predominantly bachelor's-degree,Graduate
1574,30061.0,17214.0,38362.0,640.0,660.0,730.0,770.0,1362.0,26.0,31.0,30.0,University of Minnesota-Twin Cities,Predominantly bachelor's-degree,Graduate
1575,26068.0,13288.0,13288.0,,,,,,,,,University of Minnesota-Crookston,Predominantly bachelor's-degree,Bachelor's
1576,59972.0,45484.0,45484.0,600.0,530.0,710.0,630.0,1161.0,21.0,29.0,,Minneapolis College of Art and Design,Predominantly bachelor's-degree,Graduate
1577,19683.0,6161.0,6161.0,,,,,,,,,Minneapolis Community and Technical College,Predominantly associate's-degree,Associate's
1578,26163.0,13450.0,13450.0,,,,,,,,,Herzing University-Minneapolis,Predominantly bachelor's-degree,Graduate
1580,27680.0,14610.0,20130.0,590.0,590.0,675.0,675.0,1251.0,23.0,28.0,25.0,University of Minnesota-Duluth,Predominantly bachelor's-degree,Graduate
1581,27039.0,14526.0,16710.0,,,,,1150.0,20.0,26.0,,University of Minnesota-Morris,Predominantly bachelor's-degree,Bachelor's
1583,25197.0,10428.0,10428.0,,,,,1090.0,18.0,25.0,22.0,Minnesota State University Moorhead,Predominantly bachelor's-degree,Graduate
1584,17470.0,5061.0,5061.0,,,,,,,,,North Hennepin Community College,Predominantly associate's-degree,Associate's
1585,18694.0,6329.0,6329.0,,,,,,,,,Normandale Community College,Predominantly associate's-degree,Associate's
1586,44475.0,32220.0,32220.0,,,,,,,,,North Central University,Predominantly bachelor's-degree,Graduate
1587,19638.0,6289.0,6289.0,,,,,,,,,Northland Community and Technical College,Predominantly associate's-degree,Associate's
1588,51325.0,37920.0,37920.0,430.0,438.0,608.0,663.0,1173.0,20.0,28.0,,University of Northwestern-St Paul,Predominantly bachelor's-degree,Graduate
1589,39863.0,12015.0,12015.0,,,,,,,,,Northwestern Health Sciences University,Predominantly associate's-degree,Graduate
1590,33958.0,19440.0,19440.0,,,,,,,,,Oak Hills Christian College,Predominantly bachelor's-degree,Bachelor's
1591,18479.0,4738.0,4738.0,,,,,,,,,Pine Technical & Community College,Predominantly certificate-degree,Associate's
1592,19639.0,6389.0,6389.0,,,,,,,,,Rochester Community and Technical College,Predominantly associate's-degree,Associate's
1593,68453.0,55756.0,55756.0,565.0,483.0,643.0,590.0,1151.0,20.0,27.0,24.0,College of Saint Benedict,Predominantly bachelor's-degree,Graduate
1594,14325.0,6124.0,6124.0,,,,,,,,,St Cloud Technical and Community College,Predominantly associate's-degree,Associate's
1595,21116.0,10245.0,10245.0,510.0,515.0,615.0,645.0,1092.0,17.0,25.0,21.0,Saint Cloud State University,Predominantly bachelor's-degree,Graduate
1596,68521.0,55816.0,55816.0,503.0,438.0,635.0,593.0,1183.0,21.0,27.0,25.0,Saint Johns University,Predominantly bachelor's-degree,Graduate
1597,57380.0,45080.0,45080.0,,,,,,,,,Saint Mary's University of Minnesota,Predominantly bachelor's-degree,Graduate
1598,71843.0,59760.0,59760.0,660.0,640.0,740.0,730.0,1380.0,28.0,32.0,31.0,St Olaf College,Predominantly bachelor's-degree,Bachelor's
1599,46598.0,31410.0,31410.0,,,,,,,,,Crown College,Predominantly bachelor's-degree,Graduate
1600,55103.0,41778.0,41778.0,,,,,1120.0,19.0,25.0,25.0,The College of Saint Scholastica,Predominantly bachelor's-degree,Graduate
1601,66116.0,54398.0,54398.0,640.0,620.0,713.0,710.0,1296.0,25.0,30.0,25.0,University of St Thomas,Predominantly bachelor's-degree,Graduate
1603,60476.0,51454.0,51454.0,480.0,370.0,560.0,580.0,1147.0,20.0,26.0,23.0,St Catherine University,Predominantly bachelor's-degree,Graduate
1604,25221.0,11490.0,11490.0,,,,,,,,,Rasmussen University-Minnesota,Predominantly certificate-degree,Graduate
1605,18261.0,6326.0,6326.0,,,,,,,,,Saint Paul College,Predominantly certificate-degree,Associate's
1606,24757.0,10361.0,10361.0,,,,,1050.0,16.0,23.0,,Southwest Minnesota State University,Predominantly bachelor's-degree,Graduate
1609,36587.0,27836.0,27836.0,,,,,1120.0,18.0,26.0,,Dunwoody College of Technology,Predominantly associate's-degree,Bachelor's
1610,15694.0,6121.0,6121.0,,,,,,,,,Ridgewater College,Predominantly associate's-degree,Associate's
1611,21397.0,6432.0,6432.0,,,,,,,,,Minnesota State College Southeast,Predominantly certificate-degree,Associate's
1612,23683.0,10576.0,17308.0,,,,,,,,22.0,Winona State University,Predominantly bachelor's-degree,Graduate
1614,15983.0,6214.0,6214.0,,,,,,,,,Century College,Predominantly associate's-degree,Associate's
1615,23751.0,8785.0,8785.0,400.0,270.0,513.0,485.0,904.0,15.0,19.0,22.0,Alcorn State University,Predominantly bachelor's-degree,Graduate
1616,39793.0,30250.0,30250.0,490.0,520.0,668.0,630.0,1124.0,19.0,24.0,22.0,Belhaven University,Predominantly bachelor's-degree,Graduate
1617,33197.0,20180.0,20180.0,,,,,1090.0,19.0,24.0,21.0,Blue Mountain Christian University,Predominantly bachelor's-degree,Graduate
1619,9444.0,3490.0,3490.0,,,,,,,,,Coahoma Community College,Predominantly certificate-degree,Associate's
1620,12490.0,4000.0,5000.0,,,,,,,,,Copiah-Lincoln Community College,Predominantly associate's-degree,Associate's
1621,22445.0,8605.0,8605.0,475.0,450.0,590.0,620.0,1050.0,17.0,23.0,19.0,Delta State University,Predominantly bachelor's-degree,Graduate
1622,13255.0,4160.0,6260.0,,,,,,,,,East Central Community College,Predominantly associate's-degree,Associate's
1623,11353.0,4095.0,7445.0,,,,,,,,,East Mississippi Community College,Predominantly associate's-degree,Associate's
1626,11036.0,4250.0,7300.0,,,,,,,,,Hinds Community College,Predominantly associate's-degree,Associate's
1627,12875.0,3710.0,6610.0,,,,,,,,,Holmes Community College,Predominantly associate's-degree,Associate's
1628,12079.0,3420.0,5820.0,,,,,,,,,Itawamba Community College,Predominantly associate's-degree,Associate's
1629,32415.0,8965.0,11965.0,430.0,390.0,550.0,520.0,965.0,15.0,20.0,18.0,Jackson State University,Predominantly bachelor's-degree,Graduate
1630,13670.0,4806.0,6806.0,,,,,,,,,Jones County Junior College,Predominantly associate's-degree,Associate's
1631,14334.0,4078.0,6478.0,,,,,,,,,Meridian Community College,Predominantly associate's-degree,Associate's
1632,60061.0,44680.0,44680.0,495.0,530.0,575.0,575.0,1181.0,21.0,28.0,25.0,Millsaps College,Predominantly bachelor's-degree,Graduate
1633,11379.0,3540.0,3540.0,,,,,,,,,Mississippi Delta Community College,Predominantly associate's-degree,Associate's
1634,28660.0,9772.0,28600.0,510.0,490.0,610.0,590.0,1184.0,21.0,29.0,25.0,University of Mississippi,Predominantly bachelor's-degree,Graduate
1635,22225.0,8492.0,8492.0,,,,,1090.0,17.0,24.0,21.0,Mississippi University for Women,Predominantly bachelor's-degree,Graduate
1636,21154.0,7692.0,7692.0,,,,,870.0,13.0,17.0,16.0,Mississippi Valley State University,Predominantly bachelor's-degree,Graduate
1637,41214.0,23500.0,23500.0,,,,,1090.0,19.0,25.0,24.0,Mississippi College,Predominantly bachelor's-degree,Graduate
1639,12978.0,4250.0,7850.0,,,,,,,,,Mississippi Gulf Coast Community College,Predominantly associate's-degree,Associate's
1640,29267.0,10202.0,27637.0,560.0,540.0,670.0,680.0,1219.0,21.0,29.0,26.0,Mississippi State University,Predominantly bachelor's-degree,Graduate
1641,15873.0,4470.0,7710.0,,,,,,,,,Northeast Mississippi Community College,Predominantly associate's-degree,Associate's
1642,13857.0,3740.0,3740.0,,,,,,,,,Northwest Mississippi Community College,Predominantly associate's-degree,Associate's
1643,14832.0,3700.0,6100.0,,,,,,,,,Pearl River Community College,Predominantly associate's-degree,Associate's
1644,23107.0,13265.0,13265.0,,,,,,,,,Rust College,Predominantly bachelor's-degree,Bachelor's
1645,13325.0,7425.0,7425.0,,,,,,5.0,7.0,,Southeastern Baptist College,Predominantly associate's-degree,Bachelor's
1646,11644.0,4080.0,6780.0,,,,,,,,,Southwest Mississippi Community College,Predominantly associate's-degree,Associate's
1647,26566.0,9998.0,11998.0,,,,,1190.0,20.0,29.0,23.0,University of Southern Mississippi,Predominantly bachelor's-degree,Graduate
1648,24239.0,12407.0,12407.0,,,,,,,,19.0,Tougaloo College,Predominantly bachelor's-degree,Graduate
1651,29651.0,15480.0,15480.0,540.0,500.0,690.0,600.0,1122.0,19.0,25.0,25.0,William Carey University,Predominantly bachelor's-degree,Graduate
1653,50096.0,42000.0,42000.0,430.0,370.0,500.0,460.0,972.0,16.0,21.0,20.0,Avila University,Predominantly bachelor's-degree,Graduate
1654,28448.0,16950.0,16950.0,,,,,,,,,Mission University,Predominantly bachelor's-degree,Graduate
1657,23938.0,14094.0,14094.0,500.0,480.0,610.0,530.0,1050.0,17.0,24.0,20.0,Calvary University,Predominantly bachelor's-degree,Graduate
1659,24748.0,12200.0,12200.0,,,,,,,,,Central Christian College of the Bible,Predominantly bachelor's-degree,Graduate
1660,43635.0,28260.0,28260.0,440.0,520.0,490.0,555.0,1048.0,17.0,23.0,21.0,Central Methodist University-College of Liberal Arts and Sciences,Predominantly bachelor's-degree,Bachelor's
1661,22947.0,10050.0,18600.0,,,,,1050.0,17.0,24.0,,University of Central Missouri,Predominantly bachelor's-degree,Graduate
1663,40764.0,14400.0,14400.0,,,,,,,,,Cleveland University-Kansas City,Predominantly bachelor's-degree,Graduate
1664,37207.0,25826.0,25826.0,,,,,,,,,Columbia College,Predominantly bachelor's-degree,Graduate
1665,42698.0,26206.0,26206.0,,,,,,1.0,5.0,21.0,Conception Seminary College,Predominantly bachelor's-degree,Bachelor's
1667,39269.0,27562.0,27562.0,,,,,,,,22.0,Cottey College,Predominantly bachelor's-degree,Bachelor's
1669,16291.0,6180.0,8280.0,,,,,,,,,Crowder College,Predominantly associate's-degree,Associate's
1670,44112.0,30875.0,30875.0,,,,,,,,22.0,Culver-Stockton College,Predominantly bachelor's-degree,Graduate
1671,48846.0,36745.0,36745.0,570.0,560.0,670.0,620.0,1218.0,22.0,29.0,27.0,Drury University,Predominantly bachelor's-degree,Graduate
1672,19386.0,4272.0,7680.0,,,,,,,,,East Central College,Predominantly associate's-degree,Associate's
1675,39956.0,28548.0,28548.0,540.0,500.0,640.0,620.0,1188.0,21.0,27.0,,Evangel University,Predominantly bachelor's-degree,Graduate
1677,37936.0,18345.0,18345.0,,,,,,,,,Four Rivers Career Center,Predominantly certificate-degree,Certificate
1678,13188.0,4512.0,7200.0,,,,,,,,,Ozarks Technical Community College,Predominantly associate's-degree,Bachelor's
1679,40839.0,26880.0,26880.0,,,,,1090.0,15.0,24.0,22.0,Hannibal-LaGrange University,Predominantly bachelor's-degree,Graduate
1680,21493.0,7008.0,11640.0,,,,,,,,,Harris-Stowe State University,Predominantly bachelor's-degree,Bachelor's
1683,13572.0,5250.0,8850.0,,,,,,,,,Jefferson College,Predominantly associate's-degree,Associate's
1686,57410.0,44550.0,44550.0,,,,,,,,,Kansas City Art Institute,Predominantly bachelor's-degree,Bachelor's
1690,23704.0,9796.0,17692.0,,,,,,,,,Lincoln University,Predominantly bachelor's-degree,Graduate
1691,35436.0,21600.0,21600.0,,,,,1190.0,22.0,28.0,24.0,Lindenwood University,Predominantly bachelor's-degree,Graduate
1692,19026.0,8160.0,14610.0,,,,,,,,,State Technical College of Missouri,Predominantly associate's-degree,Associate's
1693,26928.0,9000.0,9000.0,,,,,,,,,Logan University,Predominantly bachelor's-degree,Graduate
1694,14665.0,3630.0,9600.0,,,,,,,,,Metropolitan Community College-Kansas City,Predominantly associate's-degree,Associate's
1695,41959.0,27166.0,27166.0,,,,,,,,23.0,Maryville University of Saint Louis,Predominantly bachelor's-degree,Graduate
1698,29080.0,10120.0,10120.0,,,,,,,,,Midwestern Baptist Theological Seminary,Predominantly bachelor's-degree,Graduate
1699,18497.0,5660.0,8570.0,,,,,,,,,Mineral Area College,Predominantly associate's-degree,Associate's
1700,49257.0,34612.0,34612.0,,,,,910.0,12.0,18.0,23.0,Missouri Baptist University,Predominantly bachelor's-degree,Graduate
1701,19568.0,8960.0,17080.0,540.0,610.0,690.0,730.0,1065.0,17.0,24.0,21.0,Missouri Southern State University,Predominantly bachelor's-degree,Graduate
1702,37899.0,23700.0,23700.0,405.0,490.0,540.0,575.0,974.0,16.0,20.0,19.0,Missouri Valley College,Predominantly bachelor's-degree,Graduate
1703,21595.0,10306.0,20866.0,,,,,,,,,Missouri Western State University,Predominantly bachelor's-degree,Graduate
1704,31713.0,14837.0,36056.0,580.0,570.0,670.0,660.0,1247.0,23.0,30.0,27.0,University of Missouri-Columbia,Predominantly bachelor's-degree,Graduate
1705,25320.0,12587.0,30227.0,640.0,650.0,760.0,790.0,1204.0,20.0,28.0,26.0,University of Missouri-Kansas City,Predominantly bachelor's-degree,Graduate
1706,29231.0,14984.0,33248.0,580.0,610.0,690.0,730.0,1317.0,25.0,31.0,29.0,Missouri University of Science and Technology,Predominantly bachelor's-degree,Graduate
1707,31199.0,14112.0,35112.0,510.0,550.0,630.0,660.0,1199.0,19.0,27.0,26.0,University of Missouri-St Louis,Predominantly bachelor's-degree,Graduate
1708,14134.0,4110.0,8640.0,,,,,,,,,Moberly Area Community College,Predominantly associate's-degree,Associate's
1711,25115.0,9838.0,18566.0,600.0,570.0,700.0,670.0,1320.0,25.0,31.0,27.0,Truman State University,Predominantly bachelor's-degree,Graduate
1712,24945.0,10611.0,17324.0,478.0,498.0,593.0,600.0,1119.0,19.0,24.0,22.0,Northwest Missouri State University,Predominantly bachelor's-degree,Graduate
1713,28485.0,16000.0,16000.0,,,,,,,,,Ozark Christian College,Predominantly bachelor's-degree,Graduate
1714,33734.0,22320.0,22320.0,540.0,510.0,630.0,590.0,1118.0,20.0,25.0,23.0,College of the Ozarks,Predominantly bachelor's-degree,Bachelor's
1715,29427.0,17500.0,17500.0,,,,,,,,,Park University,Predominantly bachelor's-degree,Graduate
1716,24808.0,14332.0,14332.0,,,,,,,,,Stevens-The Institute of Business & Arts,Predominantly bachelor's-degree,Bachelor's
1717,29450.0,18008.0,18008.0,,,,,,,,,Ranken Technical College,Predominantly associate's-degree,Bachelor's
1719,59898.0,44966.0,44966.0,,,,,1120.0,19.0,26.0,23.0,Rockhurst University,Predominantly bachelor's-degree,Graduate
1720,71932.0,55760.0,55760.0,600.0,600.0,700.0,710.0,1317.0,25.0,31.0,30.0,Saint Louis University,Predominantly bachelor's-degree,Graduate
1722,54802.0,32550.0,32550.0,530.0,525.0,620.0,620.0,1131.0,18.0,25.0,24.0,University of Health Sciences and Pharmacy in St. Louis,Predominantly bachelor's-degree,Graduate
1723,14560.0,3660.0,6990.0,,,,,,,,,Saint Louis Community College,Predominantly associate's-degree,Associate's
1725,40301.0,30566.0,30566.0,430.0,380.0,610.0,600.0,1088.0,17.0,26.0,22.0,Southwest Baptist University,Predominantly bachelor's-degree,Graduate
1726,16592.0,5936.0,8106.0,,,,,,,,,Missouri State University-West Plains,Predominantly associate's-degree,Associate's
1728,14719.0,4176.0,7416.0,,,,,,,,,State Fair Community College,Predominantly associate's-degree,Associate's
1729,46643.0,28300.0,28300.0,,,,,,,,21.0,Stephens College,Predominantly bachelor's-degree,Graduate
1730,25177.0,9903.0,9903.0,,,,,950.0,15.0,20.0,,Southeast Missouri State University,Predominantly bachelor's-degree,Graduate
1731,25048.0,9502.0,18770.0,510.0,510.0,640.0,630.0,1122.0,19.0,26.0,23.0,Missouri State University-Springfield,Predominantly bachelor's-degree,Graduate
1732,18637.0,4950.0,6180.0,,,,,,,,,Three Rivers College,Predominantly associate's-degree,Associate's
1733,18498.0,5370.0,8820.0,,,,,,,,,North Central Missouri College,Predominantly associate's-degree,Associate's
1735,88488.0,65790.0,65790.0,730.0,770.0,770.0,800.0,1530.0,33.0,35.0,34.0,Washington University in St Louis,Predominantly bachelor's-degree,Graduate
1736,51188.0,31750.0,31750.0,580.0,530.0,660.0,650.0,1102.0,18.0,25.0,24.0,Webster University,Predominantly bachelor's-degree,Graduate
1737,51532.0,35214.0,35214.0,480.0,510.0,630.0,620.0,1118.0,19.0,24.0,21.0,Westminster College,Predominantly bachelor's-degree,Bachelor's
1738,35785.0,20610.0,20610.0,540.0,540.0,630.0,640.0,1095.0,18.0,24.0,24.0,William Jewell College,Predominantly bachelor's-degree,Graduate
1739,49094.0,30340.0,30340.0,,,,,,,,,William Woods University,Predominantly bachelor's-degree,Graduate
1741,11405.0,3610.0,3610.0,,,,,,,,,Blackfeet Community College,Predominantly associate's-degree,Bachelor's
1742,18476.0,4130.0,10950.0,,,,,,,,,Highlands College of Montana Tech,Predominantly certificate-degree,Associate's
1744,55626.0,41484.0,41484.0,540.0,510.0,660.0,640.0,1200.0,21.0,27.0,25.0,Carroll College,Predominantly bachelor's-degree,Graduate
1745,16105.0,5010.0,9810.0,,,,,,,,,Dawson Community College,Predominantly associate's-degree,Associate's
1746,17734.0,1960.0,1960.0,,,,,,,,,Chief Dull Knife College,Predominantly associate's-degree,Associate's
1747,20054.0,7280.0,22897.0,,,,,,,,,Montana State University Billings,Predominantly bachelor's-degree,Graduate
1748,14882.0,4912.0,11659.0,,,,,,,,,Flathead Valley Community College,Predominantly associate's-degree,Associate's
1749,14974.0,3080.0,3080.0,,,,,,,,,Aaniiih Nakoda College,Predominantly associate's-degree,Bachelor's
1750,10164.0,2250.0,2250.0,,,,,,,,,Fort Peck Community College,Predominantly associate's-degree,Associate's
1751,16664.0,4028.0,12911.0,,,,,,,,,Great Falls College Montana State University,Predominantly associate's-degree,Associate's
1752,43477.0,30448.0,30448.0,,,,,980.0,15.0,23.0,20.0,University of Providence,Predominantly bachelor's-degree,Graduate
1753,15819.0,4146.0,11318.0,,,,,,,,,Helena College University of Montana,Predominantly certificate-degree,Associate's
1754,11635.0,3200.0,3200.0,,,,,,,,,Little Big Horn College,Predominantly associate's-degree,Associate's
1755,17452.0,5818.0,10626.0,,,,,,,,,Miles Community College,Predominantly associate's-degree,Associate's
1756,22786.0,8340.0,26150.0,510.0,530.0,630.0,630.0,1126.0,19.0,25.0,24.0,Montana Technological University,Predominantly bachelor's-degree,Graduate
1757,25905.0,8460.0,33287.0,540.0,525.0,645.0,640.0,1183.0,21.0,27.0,24.0,Montana State University,Predominantly bachelor's-degree,Graduate
1758,23570.0,8552.0,33671.0,,,,,1190.0,23.0,28.0,22.0,The University of Montana,Predominantly bachelor's-degree,Graduate
1759,16578.0,6982.0,21875.0,,,,,,,,,Montana State University-Northern,Predominantly bachelor's-degree,Graduate
1760,46093.0,35582.0,35582.0,488.0,405.0,565.0,568.0,1083.0,18.0,24.0,22.0,Rocky Mountain College,Predominantly bachelor's-degree,Graduate
1761,13047.0,4311.0,11583.0,,,,,,,,,Salish Kootenai College,Predominantly bachelor's-degree,Graduate
1762,21403.0,6670.0,20130.0,,,,,,,,,The University of Montana-Western,Predominantly bachelor's-degree,Graduate
1763,23531.0,9903.0,9903.0,,,,,,,,,Bellevue University,Predominantly bachelor's-degree,Graduate
1764,24670.0,16104.0,16104.0,,,,,,,,,Clarkson College,Predominantly bachelor's-degree,Graduate
1765,32845.0,20640.0,20640.0,,,,,,,,,Bryan College of Health Sciences,Predominantly bachelor's-degree,Graduate
1766,14128.0,3360.0,4800.0,,,,,,,,,Central Community College,Predominantly certificate-degree,Associate's
1767,21132.0,8290.0,8290.0,,,,,,,,,Chadron State College,Predominantly bachelor's-degree,Graduate
1769,53292.0,40640.0,40640.0,,,,,,,,23.0,Concordia University-Nebraska,Predominantly bachelor's-degree,Graduate
1770,63423.0,48856.0,48856.0,620.0,623.0,708.0,720.0,1321.0,26.0,31.0,28.0,Creighton University,Predominantly bachelor's-degree,Graduate
1771,57836.0,43985.0,43985.0,,,,,,,,,Doane University,Predominantly bachelor's-degree,Graduate
1772,51422.0,37770.0,37770.0,,,,,1320.0,26.0,30.0,,Hastings College,Predominantly bachelor's-degree,Graduate
1775,25808.0,8676.0,15284.0,495.0,410.0,575.0,550.0,1118.0,19.0,26.0,22.0,University of Nebraska at Kearney,Predominantly bachelor's-degree,Graduate
1776,32835.0,17885.0,17885.0,,,,,,,,,Nebraska Methodist College of Nursing & Allied Health,Predominantly bachelor's-degree,Graduate
1777,11667.0,3375.0,4950.0,,,,,,,,,Metropolitan Community College Area,Predominantly associate's-degree,Associate's
1778,13197.0,3600.0,4530.0,,,,,,,,,Mid-Plains Community College,Predominantly associate's-degree,Associate's
1779,55719.0,42050.0,42050.0,490.0,473.0,590.0,580.0,1086.0,17.0,23.0,21.0,Midland University,Predominantly bachelor's-degree,Graduate
1780,21120.0,8718.0,23206.0,,,,,1120.0,19.0,26.0,22.0,University of Nebraska at Omaha,Predominantly bachelor's-degree,Graduate
1781,32757.0,4080.0,4080.0,,,,,,,,,Nebraska Indian Community College,Predominantly associate's-degree,Associate's
1783,53569.0,43572.0,43572.0,490.0,530.0,660.0,630.0,1189.0,22.0,27.0,26.0,Nebraska Wesleyan University,Predominantly bachelor's-degree,Graduate
1784,26697.0,10434.0,28584.0,560.0,538.0,670.0,660.0,1191.0,22.0,28.0,25.0,University of Nebraska-Lincoln,Predominantly bachelor's-degree,Graduate
1785,14437.0,3840.0,5130.0,,,,,,,,,Northeast Community College,Predominantly associate's-degree,Associate's
1786,22240.0,8640.0,8640.0,,,,,,,,,Peru State College,Predominantly bachelor's-degree,Graduate
1788,35971.0,24510.0,24510.0,,,,,1150.0,18.0,26.0,,College of Saint Mary,Predominantly bachelor's-degree,Graduate
1789,13186.0,3690.0,4320.0,,,,,,,,,Southeast Community College Area,Predominantly associate's-degree,Associate's
1790,42099.0,29334.0,29334.0,,,,,,,,21.0,Union Adventist University,Predominantly bachelor's-degree,Graduate
1791,19998.0,5926.0,5926.0,,,,,,,,,Nebraska College of Technical Agriculture,Predominantly associate's-degree,Associate's
1792,22565.0,8216.0,8216.0,,,,,,,,,Wayne State College,Predominantly bachelor's-degree,Graduate
1793,13939.0,3840.0,4410.0,,,,,,,,,Western Nebraska Community College,Predominantly associate's-degree,Associate's
1794,34268.0,23000.0,23000.0,450.0,430.0,540.0,570.0,1022.0,16.0,23.0,19.0,York University,Predominantly bachelor's-degree,Graduate
1796,13665.0,4358.0,13024.0,,,,,,,,,College of Southern Nevada,Predominantly associate's-degree,Bachelor's
1797,34126.0,17495.0,17495.0,,,,,,,,,Las Vegas College,Predominantly associate's-degree,Bachelor's
1798,19638.0,9748.0,27411.0,510.0,500.0,630.0,610.0,1094.0,18.0,25.0,,University of Nevada-Las Vegas,Predominantly bachelor's-degree,Graduate
1799,25786.0,9578.0,27720.0,540.0,520.0,650.0,640.0,1132.0,19.0,26.0,23.0,University of Nevada-Reno,Predominantly bachelor's-degree,Graduate
1800,12947.0,3923.0,13883.0,,,,,,,,,Great Basin College,Predominantly certificate-degree,Bachelor's
1801,15247.0,3352.0,12018.0,,,,,,,,,Truckee Meadows Community College,Predominantly certificate-degree,Bachelor's
1802,20248.0,4168.0,12834.0,,,,,,,,,Western Nevada College,Predominantly associate's-degree,Bachelor's
1803,38527.0,19125.0,19125.0,,,,,,,,,Colby-Sawyer College,Predominantly bachelor's-degree,Graduate
1804,87793.0,68268.0,68268.0,740.0,760.0,780.0,790.0,1534.0,33.0,35.0,34.0,Dartmouth College,Predominantly bachelor's-degree,Graduate
1807,64185.0,46442.0,46442.0,545.0,512.0,632.0,650.0,1175.0,,,,Franklin Pierce University,Predominantly bachelor's-degree,Graduate
1810,59350.0,41938.0,41938.0,,,,,,,,,New England College,Predominantly bachelor's-degree,Graduate
1811,40918.0,17200.0,17200.0,,,,,,,,,Southern New Hampshire University,Predominantly bachelor's-degree,Graduate
1812,35537.0,19202.0,39852.0,550.0,540.0,670.0,660.0,1218.0,26.0,30.0,28.0,University of New Hampshire-Main Campus,Predominantly bachelor's-degree,Graduate
1813,29993.0,14784.0,26840.0,,,,,,,,25.0,Keene State College,Predominantly bachelor's-degree,Graduate
1814,20020.0,15838.0,36418.0,520.0,453.0,623.0,613.0,1100.0,,,,University of New Hampshire at Manchester,Predominantly bachelor's-degree,Graduate
1815,29644.0,14626.0,25566.0,,,,,,,,,Plymouth State University,Predominantly bachelor's-degree,Graduate
1816,23726.0,7200.0,15450.0,,,,,,,,,NHTI-Concord's Community College,Predominantly associate's-degree,Associate's
1817,21739.0,7050.0,15300.0,,,,,,,,,White Mountains Community College,Predominantly certificate-degree,Associate's
1818,23244.0,6940.0,15190.0,,,,,,,,,River Valley Community College,Predominantly associate's-degree,Associate's
1819,21494.0,6720.0,14970.0,,,,,,,,,Lakes Region Community College,Predominantly associate's-degree,Associate's
1820,20703.0,7090.0,15340.0,,,,,,,,,Manchester Community College,Predominantly associate's-degree,Associate's
1821,29014.0,7140.0,15390.0,,,,,,,,,Nashua Community College,Predominantly associate's-degree,Associate's
1822,21963.0,7200.0,15450.0,,,,,,,,,Great Bay Community College,Predominantly associate's-degree,Associate's
1824,53499.0,39488.0,39488.0,545.0,510.0,590.0,585.0,1070.0,,,,Rivier University,Predominantly bachelor's-degree,Graduate
1825,67213.0,48920.0,48920.0,570.0,540.0,658.0,620.0,1201.0,24.0,30.0,27.0,Saint Anselm College,Predominantly bachelor's-degree,Graduate
1827,15451.0,7724.0,9284.0,,,,,,,,,University of New Hampshire College of Professional Studies Online,Predominantly bachelor's-degree,Graduate
1828,42082.0,30400.0,30400.0,,,,,,,,,Thomas More College of Liberal Arts,Predominantly bachelor's-degree,Bachelor's
1829,33359.0,18075.0,18075.0,,,,,,,,,Eastwick College-Hackensack,Predominantly associate's-degree,Bachelor's
1831,15597.0,6068.0,9068.0,,,,,,,,,Atlantic Cape Community College,Predominantly associate's-degree,Associate's
1833,17184.0,4913.0,9294.0,,,,,,,,,Bergen Community College,Predominantly associate's-degree,Associate's
1834,44691.0,29800.0,29800.0,,,,,,,,,Berkeley College-Woodland Park,Predominantly bachelor's-degree,Graduate
1836,42035.0,15912.0,26022.0,,,,,,,,,Bloomfield College of Montclair State University,Predominantly bachelor's-degree,Graduate
1837,18143.0,6270.0,10140.0,,,,,,,,,Brookdale Community College,Predominantly associate's-degree,Associate's
1838,12243.0,6990.0,9510.0,,,,,,,,,Rowan College at Burlington County,Predominantly associate's-degree,Associate's
1839,54073.0,40848.0,40848.0,540.0,590.0,630.0,740.0,1260.0,,,,Caldwell University,Predominantly bachelor's-degree,Graduate
1840,12535.0,4320.0,4416.0,,,,,,,,,Camden County College,Predominantly associate's-degree,Associate's
1841,52362.0,37732.0,37732.0,,,,,,,,19.0,Centenary University,Predominantly bachelor's-degree,Graduate
1845,15033.0,6210.0,14310.0,,,,,,,,,County College of Morris,Predominantly associate's-degree,Associate's
1846,16069.0,5160.0,6000.0,,,,,,,,,Rowan College of South Jersey-Cumberland Campus,Predominantly associate's-degree,Associate's
1847,65301.0,47100.0,47100.0,570.0,533.0,688.0,650.0,1227.0,24.0,30.0,,Drew University,Predominantly bachelor's-degree,Graduate
1849,12506.0,5415.0,9523.0,,,,,,,,,Essex County College,Predominantly associate's-degree,Associate's
1851,50305.0,38004.0,38004.0,,,,,,,,,Fairleigh Dickinson University-Metropolitan Campus,Predominantly bachelor's-degree,Graduate
1852,50316.0,39300.0,39300.0,,,,,,,,20.0,Felician University,Predominantly bachelor's-degree,Graduate
1853,54204.0,38004.0,38004.0,,,,,,,,,Fairleigh Dickinson University-Florham Campus,Predominantly bachelor's-degree,Graduate
1855,50671.0,37260.0,37260.0,,,,,,,,25.0,Georgian Court University,Predominantly bachelor's-degree,Graduate
1856,35842.0,16574.0,26932.0,560.0,550.0,660.0,650.0,1212.0,23.0,29.0,27.0,Rowan University,Predominantly bachelor's-degree,Graduate
1857,16151.0,5160.0,6000.0,,,,,,,,,Rowan College of South Jersey-Gloucester Campus,Predominantly associate's-degree,Associate's
1859,32704.0,18057.0,18057.0,,,,,,,,,Eastwick College-Ramsey,Predominantly associate's-degree,Bachelor's
1861,15469.0,5384.0,9248.0,,,,,,,,,Hudson County Community College,Predominantly associate's-degree,Associate's
1862,28255.0,14460.0,14460.0,,,,,,,,,New Jersey City University,Predominantly bachelor's-degree,Graduate
1863,26949.0,14299.0,22446.0,460.0,470.0,565.0,585.0,1040.0,,,20.0,Kean University,Predominantly bachelor's-degree,Graduate
1866,12545.0,5310.0,9174.0,,,,,,,,,Mercer County Community College,Predominantly associate's-degree,Associate's
1867,10054.0,4764.0,7356.0,,,,,,,,,Middlesex College,Predominantly associate's-degree,Associate's
1868,62904.0,46552.0,46552.0,580.0,560.0,660.0,650.0,1223.0,24.0,29.0,24.0,Monmouth University,Predominantly bachelor's-degree,Graduate
1869,28305.0,15912.0,26022.0,480.0,430.0,620.0,590.0,1070.0,,,,Montclair State University,Predominantly bachelor's-degree,Graduate
1870,47124.0,24916.0,31336.0,,,,,,,,,JFK Muhlenberg Harold B. and Dorothy A. Snyder Schools,Predominantly certificate-degree,Certificate
1871,26454.0,15848.0,15848.0,,,,,,,,,Eastwick College-Nutley,Predominantly associate's-degree,Associate's
1874,32859.0,19974.0,37664.0,600.0,610.0,710.0,750.0,1337.0,27.0,34.0,30.0,New Jersey Institute of Technology,Predominantly bachelor's-degree,Graduate
1875,18207.0,4906.0,6970.0,,,,,,,,,Ocean County College,Predominantly associate's-degree,Associate's
1878,13754.0,6300.0,10560.0,,,,,,,,,Passaic County Community College,Predominantly associate's-degree,Associate's
1881,84040.0,62688.0,62688.0,740.0,770.0,780.0,800.0,1553.0,34.0,35.0,34.0,Princeton University,Predominantly bachelor's-degree,Graduate
1882,27300.0,10650.0,10650.0,,,,,,,,,Rabbinical College of America,Predominantly bachelor's-degree,Graduate
1883,29483.0,16777.0,27708.0,580.0,550.0,650.0,650.0,1211.0,22.0,30.0,26.0,Ramapo College of New Jersey,Predominantly bachelor's-degree,Graduate
1885,55967.0,41120.0,41120.0,550.0,550.0,670.0,650.0,1227.0,27.0,31.0,30.0,Rider University,Predominantly bachelor's-degree,Graduate
1886,35178.0,17764.0,37276.0,540.0,510.0,640.0,660.0,1178.0,19.0,25.0,21.0,Rutgers University-Camden,Predominantly bachelor's-degree,Graduate
1887,36993.0,17929.0,37441.0,650.0,660.0,730.0,770.0,1410.0,28.0,33.0,30.0,Rutgers University-New Brunswick,Predominantly bachelor's-degree,Graduate
1888,35654.0,17250.0,36762.0,,,,,,,,25.0,Rutgers University-Newark,Predominantly bachelor's-degree,Graduate
1891,50272.0,42552.0,42552.0,,,,,,,,23.0,Saint Peter's University,Predominantly bachelor's-degree,Graduate
1892,17857.0,6360.0,10260.0,,,,,,,,,Salem Community College,Predominantly associate's-degree,Associate's
1893,68263.0,53170.0,53170.0,620.0,600.0,700.0,690.0,1322.0,27.0,32.0,29.0,Seton Hall University,Predominantly bachelor's-degree,Graduate
1895,53075.0,36741.0,36741.0,,,,,,,,,Saint Elizabeth University,Predominantly bachelor's-degree,Graduate
1896,13832.0,5664.0,7584.0,,,,,,,,,Raritan Valley Community College,Predominantly associate's-degree,Associate's
1897,79790.0,63462.0,63462.0,670.0,710.0,735.0,770.0,1446.0,31.0,34.0,33.0,Stevens Institute of Technology,Predominantly bachelor's-degree,Graduate
1898,35139.0,16266.0,24524.0,530.0,500.0,620.0,610.0,1139.0,21.0,25.0,25.0,Stockton University,Predominantly bachelor's-degree,Graduate
1899,25100.0,15800.0,15800.0,,,,,,,,,Talmudical Academy-New Jersey,Predominantly bachelor's-degree,Bachelor's
1900,29400.0,16757.0,16757.0,,,,,,,,,Aviation Institute of Maintenance-Teterboro,Predominantly certificate-degree,Certificate
1902,38860.0,19632.0,25752.0,570.0,570.0,670.0,670.0,1246.0,26.0,31.0,29.0,The College of New Jersey,Predominantly bachelor's-degree,Graduate
1903,13569.0,5280.0,9500.0,,,,,,,,,UCNJ Union College of Union County New Jersey,Predominantly associate's-degree,Associate's
1904,28476.0,15704.0,25344.0,,,,,,,,,William Paterson University of New Jersey,Predominantly bachelor's-degree,Graduate
1906,11600.0,2060.0,8684.0,,,,,,,,,Central New Mexico Community College,Predominantly certificate-degree,Associate's
1907,13049.0,4346.0,4346.0,,,,,,,,,Navajo Technical University,Predominantly certificate-degree,Graduate
1908,14397.0,2322.0,6360.0,,,,,,,,,New Mexico State University-Dona Ana,Predominantly associate's-degree,Associate's
1909,10043.0,1592.0,3344.0,,,,,,,,,Clovis Community College,Predominantly certificate-degree,Associate's
1910,18940.0,7194.0,9174.0,430.0,400.0,540.0,520.0,964.0,17.0,23.0,19.0,Eastern New Mexico University-Main Campus,Predominantly bachelor's-degree,Graduate
1911,11816.0,2256.0,5616.0,,,,,,,,,Eastern New Mexico University-Roswell Campus,Predominantly certificate-degree,Associate's
1912,24854.0,5920.0,5920.0,,,,,,,,,Institute of American Indian and Alaska Native Culture and Arts Development,Predominantly bachelor's-degree,Graduate
1913,20868.0,7416.0,12336.0,,,,,,,,,New Mexico Highlands University,Predominantly bachelor's-degree,Graduate
1914,9258.0,1440.0,2280.0,,,,,,,,,New Mexico Junior College,Predominantly associate's-degree,Associate's
1915,19121.0,7190.0,14156.0,,,,,,,,,New Mexico Military Institute,Predominantly associate's-degree,Associate's
1916,11620.0,2906.0,5682.0,,,,,,,,,University of New Mexico-Gallup Campus,Predominantly associate's-degree,Associate's
1917,24967.0,9476.0,27247.0,550.0,530.0,660.0,650.0,1207.0,20.0,29.0,26.0,New Mexico Institute of Mining and Technology,Predominantly bachelor's-degree,Graduate
1918,17783.0,2214.0,5686.0,,,,,,,,,University of New Mexico-Los Alamos Campus,Predominantly associate's-degree,Associate's
1919,21259.0,10140.0,33060.0,460.0,430.0,600.0,570.0,1038.0,19.0,26.0,23.0,University of New Mexico-Main Campus,Predominantly bachelor's-degree,Graduate
1920,15728.0,2616.0,6072.0,,,,,,,,,New Mexico State University-Alamogordo,Predominantly associate's-degree,Associate's
1921,13604.0,1176.0,4008.0,,,,,,,,,Southeast New Mexico College,Predominantly associate's-degree,Associate's
1922,8514.0,2136.0,4272.0,,,,,,,,,New Mexico State University-Grants,Predominantly associate's-degree,Associate's
1923,23274.0,8183.0,25307.0,450.0,420.0,570.0,540.0,1011.0,17.0,24.0,20.0,New Mexico State University-Main Campus,Predominantly bachelor's-degree,Graduate
1924,13469.0,1878.0,5130.0,,,,,,,,,University of New Mexico-Valencia County Campus,Predominantly associate's-degree,Associate's
1925,19702.0,6400.0,14328.0,,,,,,,,,Northern New Mexico College,Predominantly associate's-degree,Bachelor's
1926,15140.0,1928.0,5412.0,,,,,,,,,San Juan College,Predominantly certificate-degree,Associate's
1927,18405.0,1851.0,4131.0,,,,,,,,,Santa Fe Community College,Predominantly certificate-degree,Associate's
1928,28210.0,16670.0,16670.0,,,,,,,,,University of the Southwest,Predominantly bachelor's-degree,Graduate
1930,12125.0,1095.0,1095.0,,,,,,,,,Southwestern Indian Polytechnic Institute,Predominantly associate's-degree,Associate's
1931,16228.0,2136.0,5136.0,,,,,,,,,University of New Mexico-Taos Campus,Predominantly certificate-degree,Associate's
1932,15975.0,2136.0,3408.0,,,,,,,,,Mesalands Community College,Predominantly certificate-degree,Associate's
1934,21562.0,7856.0,14342.0,,,,,,,,,Western New Mexico University,Predominantly bachelor's-degree,Graduate
1935,47346.0,29810.0,29810.0,,,,,,,,,Vaughn College of Aeronautics and Technology,Predominantly associate's-degree,Bachelor's
1936,63189.0,49110.0,49110.0,570.0,550.0,660.0,680.0,1219.0,24.0,30.0,26.0,Adelphi University,Predominantly bachelor's-degree,Graduate
1937,17087.0,6844.0,9616.0,,,,,,,,,SUNY Adirondack,Predominantly associate's-degree,Associate's
1938,23359.0,18374.0,18374.0,,,,,,,,,Bryant & Stratton College-Albany,Predominantly associate's-degree,Bachelor's
1939,54899.0,41475.0,41475.0,550.0,560.0,680.0,700.0,1252.0,23.0,31.0,30.0,Albany College of Pharmacy and Health Sciences,Predominantly bachelor's-degree,Graduate
1942,57445.0,41500.0,41500.0,555.0,540.0,660.0,650.0,1279.0,24.0,29.0,25.0,Alfred University,Predominantly bachelor's-degree,Graduate
1944,41968.0,14817.0,14817.0,,,,,,,,,The Ailey School,Predominantly certificate-degree,Certificate
1945,62554.0,40650.0,40650.0,,,,,,,,,American Academy of Dramatic Arts-New York,Predominantly associate's-degree,Associate's
1946,26418.0,20018.0,20018.0,,,,,,,,,American Academy McAllister Institute of Funeral Service,Predominantly associate's-degree,Associate's
1947,65647.0,46928.0,46928.0,,,,,,,,,American Musical and Dramatic Academy,Predominantly certificate-degree,Graduate
1950,32924.0,11200.0,11200.0,,,,,,,,,Associated Beth Rivkah Schools,Predominantly certificate-degree,Associate's
1952,84553.0,66436.0,66436.0,650.0,620.0,750.0,700.0,1380.0,28.0,32.0,,Bard College,Predominantly bachelor's-degree,Graduate
1953,89538.0,69888.0,69888.0,730.0,740.0,770.0,790.0,1520.0,32.0,34.0,33.0,Barnard College,Predominantly bachelor's-degree,Bachelor's
1955,45041.0,29800.0,29800.0,,,,,,,,,Berkeley College-New York,Predominantly bachelor's-degree,Graduate
1957,24208.0,12000.0,12000.0,,,,,,,,,Beth Hamedrash Shaarei Yosher Institute,Predominantly associate's-degree,Bachelor's
1960,24213.0,13025.0,13025.0,,,,,,,,,Boricua College,Predominantly bachelor's-degree,Graduate
1964,16640.0,8624.0,14288.0,,,,,,,,,SUNY Broome Community College,Predominantly associate's-degree,Associate's
1965,25249.0,18768.0,18768.0,,,,,,,,,Bryant & Stratton College-Syracuse North,Predominantly associate's-degree,Bachelor's
1966,24969.0,18910.0,18910.0,,,,,,,,,Bryant & Stratton College-Buffalo,Predominantly associate's-degree,Bachelor's
1967,24114.0,20073.0,20073.0,,,,,,,,,Bryant & Stratton College-Greece,Predominantly associate's-degree,Bachelor's
1968,44322.0,34500.0,34500.0,,,,,,,,28.0,Canisius University,Predominantly bachelor's-degree,Graduate
1970,34498.0,17433.0,17433.0,,,,,,,,,St Paul's School of Nursing-Queens,Predominantly associate's-degree,Associate's
1971,16709.0,7056.0,12336.0,,,,,,,,,Cayuga County Community College,Predominantly associate's-degree,Associate's
1972,29697.0,8400.0,8400.0,,,,,,,,,Central Yeshiva Tomchei Tmimim Lubavitz,Predominantly bachelor's-degree,Graduate
1974,41990.0,25610.0,25610.0,,,,,,,,,Circle in the Square Theatre School,Predominantly certificate-degree,Certificate
1975,79022.0,59398.0,59398.0,590.0,610.0,690.0,700.0,1304.0,25.0,32.0,29.0,Clarkson University,Predominantly bachelor's-degree,Graduate
1976,16318.0,6831.0,6831.0,,,,,,,,,Clinton Community College,Predominantly associate's-degree,Associate's
1979,87070.0,70306.0,70306.0,710.0,720.0,760.0,780.0,1508.0,33.0,34.0,33.0,Colgate University,Predominantly bachelor's-degree,Graduate
1980,34203.0,20188.0,20188.0,,,,,,,,,Metropolitan College of New York,Predominantly bachelor's-degree,Graduate
1981,89472.0,71845.0,71845.0,740.0,770.0,780.0,800.0,1553.0,34.0,35.0,35.0,Columbia University in the City of New York,Predominantly bachelor's-degree,Graduate
1982,14261.0,6048.0,11448.0,,,,,,,,,Columbia-Greene Community College,Predominantly associate's-degree,Associate's
1985,64190.0,46820.0,46820.0,653.0,642.0,748.0,753.0,1410.0,28.0,34.0,,The Cooper Union for the Advancement of Science and Art,Predominantly bachelor's-degree,Graduate
1986,88140.0,69314.0,69314.0,730.0,770.0,770.0,800.0,1535.0,33.0,35.0,34.0,Cornell University,Predominantly bachelor's-degree,Graduate
1988,14197.0,6534.0,10326.0,,,,,,,,,SUNY Corning Community College,Predominantly associate's-degree,Associate's
1990,58790.0,39850.0,39850.0,478.0,450.0,600.0,583.0,1060.0,17.0,23.0,,Culinary Institute of America,Predominantly associate's-degree,Graduate
1991,14170.0,7464.0,15414.0,550.0,550.0,690.0,710.0,1280.0,,,,CUNY Bernard M Baruch College,Predominantly bachelor's-degree,Graduate
1992,12866.0,5170.0,8050.0,,,,,,,,,CUNY Borough of Manhattan Community College,Predominantly associate's-degree,Associate's
1993,12677.0,5206.0,8086.0,,,,,,,,,CUNY Bronx Community College,Predominantly associate's-degree,Associate's
1994,14151.0,7452.0,15402.0,460.0,490.0,660.0,680.0,1140.0,,,,CUNY Brooklyn College,Predominantly bachelor's-degree,Graduate
1995,14795.0,7490.0,15440.0,460.0,430.0,620.0,630.0,1040.0,,,,College of Staten Island CUNY,Predominantly bachelor's-degree,Graduate
1996,14403.0,7340.0,15290.0,540.0,530.0,700.0,730.0,1260.0,,,,CUNY City College,Predominantly bachelor's-degree,Graduate
1998,13069.0,5254.0,8134.0,,,,,,,,,CUNY Hostos Community College,Predominantly associate's-degree,Associate's
1999,13905.0,7382.0,15332.0,550.0,550.0,700.0,720.0,1280.0,,,,CUNY Hunter College,Predominantly bachelor's-degree,Graduate
2000,14212.0,7470.0,15420.0,480.0,450.0,620.0,600.0,1080.0,,,,CUNY John Jay College of Criminal Justice,Predominantly bachelor's-degree,Graduate
2001,13580.0,5252.0,8132.0,,,,,,,,,CUNY Kingsborough Community College,Predominantly associate's-degree,Associate's
2002,13648.0,5218.0,8098.0,,,,,,,,,CUNY LaGuardia Community College,Predominantly associate's-degree,Associate's
2003,14121.0,7410.0,15360.0,440.0,410.0,590.0,560.0,970.0,,,,CUNY Lehman College,Predominantly bachelor's-degree,Graduate
2004,14771.0,7352.0,15302.0,440.0,410.0,520.0,500.0,920.0,,,,CUNY Medgar Evers College,Predominantly bachelor's-degree,Bachelor's
2005,14110.0,7332.0,15282.0,460.0,440.0,570.0,570.0,1010.0,,,,CUNY New York City College of Technology,Predominantly bachelor's-degree,Bachelor's
2006,14367.0,7538.0,15488.0,500.0,510.0,650.0,640.0,1120.0,,,,CUNY Queens College,Predominantly bachelor's-degree,Graduate
2007,12392.0,5210.0,8090.0,,,,,,,,,CUNY Queensborough Community College,Predominantly associate's-degree,Associate's
2009,14330.0,7358.0,15308.0,410.0,380.0,480.0,480.0,880.0,,,,CUNY York College,Predominantly bachelor's-degree,Graduate
2011,48539.0,34940.0,34940.0,510.0,485.0,610.0,610.0,1130.0,,,24.0,D'Youville  University,Predominantly bachelor's-degree,Graduate
2012,45192.0,35218.0,35218.0,,,,,,,,,Daemen University,Predominantly bachelor's-degree,Graduate
2013,21150.0,10800.0,10800.0,,,,,,,,,Yeshiva of Far Rockaway Derech Ayson Rabbinical Seminary,Predominantly bachelor's-degree,Non-degree-granting
2014,47802.0,34220.0,34220.0,,,,,,,,,Dominican University New York,Predominantly bachelor's-degree,Graduate
2015,17159.0,5670.0,10670.0,,,,,,,,,Dutchess Community College,Predominantly associate's-degree,Associate's
2016,18492.0,12444.0,12444.0,,,,,,,,,Belanger School of Nursing,Predominantly associate's-degree,Associate's
2017,52449.0,38976.0,38976.0,568.0,522.0,694.0,691.0,1314.0,26.0,29.0,,Elmira College,Predominantly bachelor's-degree,Graduate
2018,14348.0,6100.0,11300.0,,,,,,,,,Erie Community College,Predominantly associate's-degree,Associate's
2019,26838.0,6294.0,16874.0,,,,,,,,,Fashion Institute of Technology,Predominantly associate's-degree,Graduate
2020,19900.0,6234.0,8418.0,,,,,,,,,Finger Lakes Community College,Predominantly associate's-degree,Associate's
2021,42458.0,30250.0,30250.0,,,,,,,,,Five Towns College,Predominantly bachelor's-degree,Graduate
2022,82762.0,64915.0,64915.0,660.0,660.0,730.0,750.0,1418.0,30.0,33.0,32.0,Fordham University,Predominantly bachelor's-degree,Graduate
2023,14226.0,6198.0,6798.0,,,,,,,,,Fulton-Montgomery Community College,Predominantly associate's-degree,Associate's
2025,15959.0,5900.0,6500.0,,,,,,,,,Genesee Community College,Predominantly associate's-degree,Associate's
2026,84230.0,68960.0,68960.0,720.0,730.0,770.0,780.0,1506.0,33.0,35.0,34.0,Hamilton College,Predominantly bachelor's-degree,Bachelor's
2027,68614.0,54962.0,54962.0,540.0,530.0,670.0,620.0,1200.0,,,25.0,Hartwick College,Predominantly bachelor's-degree,Bachelor's
2028,51340.0,25852.0,25852.0,,,,,,,,,Helene Fuld College of Nursing,Predominantly associate's-degree,Bachelor's
2029,20149.0,5776.0,5776.0,,,,,,,,,Herkimer County Community College,Predominantly associate's-degree,Associate's
2030,42114.0,33740.0,33740.0,,,,,,,,,Hilbert College,Predominantly bachelor's-degree,Graduate
2031,82602.0,65117.0,65117.0,610.0,580.0,700.0,685.0,1319.0,28.0,32.0,29.0,Hobart William Smith Colleges,Predominantly bachelor's-degree,Graduate
2032,70624.0,57660.0,57660.0,620.0,610.0,700.0,700.0,1319.0,28.0,32.0,29.0,Hofstra University,Predominantly bachelor's-degree,Graduate
2033,31143.0,18430.0,18430.0,600.0,570.0,695.0,680.0,1284.0,26.0,31.0,26.0,Houghton University,Predominantly bachelor's-degree,Graduate
2034,15757.0,6796.0,11852.0,,,,,,,,,Hudson Valley Community College,Predominantly associate's-degree,Associate's
2036,60247.0,47260.0,47260.0,570.0,540.0,650.0,650.0,1217.0,24.0,29.0,26.0,Iona University,Predominantly bachelor's-degree,Graduate
2038,33633.0,19200.0,19200.0,,,,,,,,,Island Drafting and Technical Institute,Predominantly associate's-degree,Associate's
2039,68699.0,53540.0,53540.0,630.0,600.0,710.0,680.0,1312.0,27.0,30.0,,Ithaca College,Predominantly bachelor's-degree,Graduate
2040,18243.0,6840.0,6840.0,,,,,,,,,Jamestown Community College,Predominantly associate's-degree,Associate's
2041,19286.0,6264.0,11700.0,,,,,,,,,Jefferson Community College,Predominantly associate's-degree,Associate's
2042,85945.0,67357.0,67357.0,720.0,720.0,790.0,790.0,1500.0,,,33.0,Jewish Theological Seminary of America,Predominantly bachelor's-degree,Graduate
2043,83892.0,57950.0,57950.0,,,,,,,,,The Juilliard School,Predominantly bachelor's-degree,Graduate
2044,17850.0,13200.0,13200.0,,,,,,,,,Kehilath Yakov Rabbinical Seminary,Predominantly bachelor's-degree,Bachelor's
2045,54760.0,39332.0,39332.0,,,,,,,,26.0,Keuka College,Predominantly bachelor's-degree,Graduate
2046,53064.0,33504.0,33504.0,500.0,460.0,580.0,558.0,1035.0,19.0,25.0,,LIM College,Predominantly bachelor's-degree,Graduate
2047,53183.0,40330.0,40330.0,580.0,580.0,670.0,660.0,1255.0,25.0,30.0,27.0,Le Moyne College,Predominantly bachelor's-degree,Graduate
2048,55424.0,42432.0,42432.0,560.0,550.0,670.0,680.0,1224.0,21.0,30.0,28.0,Long Island University,Predominantly bachelor's-degree,Graduate
2050,30053.0,13500.0,13500.0,,,,,,,,,Machzikei Hadath Rabbinical College,Predominantly bachelor's-degree,Bachelor's
2051,43113.0,21700.0,21700.0,,,,,,,,,Mandl School-The College of Allied Health,Predominantly associate's-degree,Associate's
2052,64348.0,53400.0,53400.0,580.0,600.0,680.0,678.0,1270.0,25.0,29.0,,Manhattan University,Predominantly bachelor's-degree,Graduate
2053,77703.0,57050.0,57050.0,,,,,,,,,Manhattan School of Music,Predominantly bachelor's-degree,Graduate
2054,53499.0,44604.0,44604.0,,,,,,,,27.0,Manhattanville University,Predominantly bachelor's-degree,Graduate
2055,21798.0,18740.0,18740.0,,,,,,,,,Maria College of Albany,Predominantly associate's-degree,Graduate
2056,14370.0,12085.0,12085.0,,,,,,,,,Marion S Whelan School of Nursing of Geneva General Hospital,Predominantly certificate-degree,Certificate
2057,67574.0,47750.0,47750.0,600.0,590.0,680.0,660.0,1295.0,25.0,31.0,28.0,Marist University,Predominantly bachelor's-degree,Graduate
2058,65767.0,41870.0,41870.0,585.0,520.0,673.0,650.0,1214.0,24.0,27.0,25.0,Marymount Manhattan College,Predominantly bachelor's-degree,Bachelor's
2061,32596.0,22880.0,22880.0,,,,,,,,25.0,Mercy University,Predominantly bachelor's-degree,Graduate
2062,21810.0,15200.0,15200.0,,,,,,,,,Mesivta Torah Vodaath Rabbinical Seminary,Predominantly bachelor's-degree,Graduate
2063,21300.0,10100.0,10100.0,,,,,,,,,Mesivta of Eastern Parkway-Yeshiva Zichron Meilech,Predominantly associate's-degree,Bachelor's
2064,18560.0,13250.0,13250.0,,,,,,,,,Mesivtha Tifereth Jerusalem of America,Predominantly bachelor's-degree,Graduate
2065,31734.0,15865.0,15865.0,,,,,,,,,Mildred Elley School-Albany Campus,Predominantly certificate-degree,Associate's
2066,20614.0,13600.0,13600.0,,,,,,,,,Mirrer Yeshiva Cent Institute,Predominantly associate's-degree,Graduate
2068,16656.0,6218.0,8851.0,,,,,,,,,Mohawk Valley Community College,Predominantly associate's-degree,Associate's
2069,50720.0,39790.0,39790.0,540.0,548.0,640.0,650.0,1187.0,22.0,28.0,29.0,Molloy University,Predominantly bachelor's-degree,Graduate
2070,28285.0,18464.0,18464.0,,,,,,,,,Monroe University,Predominantly associate's-degree,Graduate
2071,14606.0,6006.0,11056.0,,,,,,,,,Monroe Community College,Predominantly associate's-degree,Associate's
2072,55014.0,43450.0,43450.0,,,,,1150.0,19.0,28.0,22.0,Mount Saint Mary College,Predominantly bachelor's-degree,Graduate
2074,54170.0,44540.0,44540.0,478.0,533.0,590.0,588.0,1090.0,,,20.0,University of Mount Saint Vincent,Predominantly bachelor's-degree,Graduate
2076,14983.0,6330.0,12130.0,,,,,,,,,Nassau Community College,Predominantly associate's-degree,Associate's
2077,58254.0,42450.0,42450.0,530.0,540.0,650.0,670.0,1216.0,23.0,32.0,,Nazareth University,Predominantly bachelor's-degree,Graduate
2078,44715.0,19000.0,19000.0,,,,,,,,,Neighborhood Playhouse School of the Theater,Predominantly certificate-degree,Certificate
2079,88284.0,58694.0,58694.0,,,,,,,,,The New School,Predominantly bachelor's-degree,Graduate
2084,84374.0,62796.0,62796.0,720.0,760.0,760.0,800.0,1520.0,34.0,35.0,34.0,New York University,Predominantly bachelor's-degree,Graduate
2085,13908.0,6894.0,12030.0,,,,,,,,,Niagara County Community College,Predominantly associate's-degree,Associate's
2086,51632.0,39345.0,39345.0,530.0,530.0,625.0,610.0,1168.0,22.0,28.0,25.0,Niagara University,Predominantly bachelor's-degree,Graduate
2088,18051.0,6682.0,9370.0,,,,,,,,,North Country Community College,Predominantly associate's-degree,Associate's
2090,56976.0,46560.0,46560.0,590.0,600.0,690.0,730.0,1311.0,24.0,32.0,28.0,New York Institute of Technology,Predominantly bachelor's-degree,Graduate
2091,48730.0,32330.0,32330.0,,,,,,,,,New York School of Interior Design,Predominantly certificate-degree,Graduate
2093,16585.0,6102.0,11392.0,,,,,,,,,Onondaga Community College,Predominantly associate's-degree,Associate's
2094,14807.0,6526.0,12334.0,,,,,,,,,Orange County Community College,Predominantly associate's-degree,Associate's
2096,69550.0,53290.0,53290.0,600.0,580.0,680.0,660.0,1266.0,24.0,29.0,26.0,Pace University,Predominantly bachelor's-degree,Graduate
2097,51506.0,33009.0,33009.0,,,,,,,,,Paul Smiths College of Arts and Science,Predominantly bachelor's-degree,Graduate
2099,26525.0,15450.0,15450.0,,,,,,,,,Plaza College,Predominantly associate's-degree,Bachelor's
2100,24830.0,18000.0,18000.0,,,,,,,,,Davis College,Predominantly bachelor's-degree,Bachelor's
2101,80049.0,61845.0,61845.0,590.0,560.0,700.0,690.0,1290.0,26.0,31.0,30.0,Pratt Institute-Main,Predominantly bachelor's-degree,Graduate
2102,20400.0,10800.0,10800.0,,,,,,,,,Rabbinical Academy Mesivta Rabbi Chaim Berlin,Predominantly bachelor's-degree,Graduate
2103,20075.0,10000.0,10000.0,,,,,,,,,Rabbinical College Bobover Yeshiva Bnei Zion,Predominantly bachelor's-degree,Graduate
2105,17750.0,8450.0,8450.0,,,,,,,,,Rabbinical Seminary Mkor Chaim,Predominantly bachelor's-degree,Bachelor's
2106,21600.0,10290.0,10290.0,,,,,,,,,Rabbinical College of Long Island,Predominantly associate's-degree,Bachelor's
2107,19700.0,10000.0,10000.0,,,,,,,,,Rabbinical Seminary of America,Predominantly bachelor's-degree,Graduate
2108,82404.0,64081.0,64081.0,670.0,705.0,740.0,770.0,1456.0,30.0,34.0,33.0,Rensselaer Polytechnic Institute,Predominantly bachelor's-degree,Graduate
2109,52919.0,38826.0,38826.0,505.0,485.0,670.0,635.0,1170.0,,,26.0,Roberts Wesleyan University,Predominantly bachelor's-degree,Graduate
2110,74626.0,59274.0,59274.0,650.0,650.0,720.0,740.0,1383.0,29.0,33.0,31.0,Rochester Institute of Technology,Predominantly bachelor's-degree,Graduate
2111,85962.0,67080.0,67080.0,680.0,730.0,750.0,790.0,1488.0,31.0,34.0,33.0,University of Rochester,Predominantly bachelor's-degree,Graduate
2113,18713.0,6862.0,6862.0,,,,,,,,,Rockland Community College,Predominantly associate's-degree,Associate's
2115,50607.0,38164.0,38164.0,,,,,,,,,Russell Sage College,Predominantly bachelor's-degree,Graduate
2117,57271.0,41735.0,41735.0,535.0,530.0,650.0,640.0,1197.0,24.0,30.0,24.0,St Bonaventure University,Predominantly bachelor's-degree,Graduate
2118,38098.0,28775.0,28775.0,,,,,,,,24.0,St. Francis College,Predominantly bachelor's-degree,Graduate
2120,82000.0,65900.0,65900.0,645.0,610.0,710.0,710.0,1371.0,30.0,33.0,31.0,St Lawrence University,Predominantly bachelor's-degree,Graduate
2121,53370.0,39450.0,39450.0,410.0,470.0,520.0,565.0,1000.0,,,29.0,St. Thomas Aquinas College,Predominantly bachelor's-degree,Graduate
2123,82467.0,66862.0,66862.0,650.0,590.0,740.0,690.0,1366.0,28.0,31.0,31.0,Sarah Lawrence College,Predominantly bachelor's-degree,Graduate
2124,16830.0,6190.0,8974.0,,,,,,,,,Schenectady County Community College,Predominantly associate's-degree,Associate's
2126,64870.0,46580.0,46580.0,550.0,560.0,680.0,680.0,1254.0,27.0,33.0,,Siena College,Predominantly bachelor's-degree,Graduate
2127,85270.0,67290.0,67290.0,680.0,660.0,750.0,730.0,1405.0,31.0,33.0,31.0,Skidmore College,Predominantly bachelor's-degree,Bachelor's
2128,41897.0,36550.0,36550.0,560.0,550.0,640.0,630.0,1190.0,24.0,29.0,26.0,St. Joseph's University-New York,Predominantly bachelor's-degree,Graduate
2131,55201.0,41190.0,41190.0,560.0,560.0,650.0,650.0,1214.0,23.0,28.0,26.0,St. John Fisher University,Predominantly bachelor's-degree,Graduate
2132,44677.0,17492.0,17492.0,,,,,,,,,St Paul's School of Nursing-Staten Island,Predominantly associate's-degree,Associate's
2133,65527.0,53020.0,53020.0,580.0,570.0,670.0,670.0,1244.0,24.0,29.0,26.0,St. John's University-New York,Predominantly bachelor's-degree,Graduate
2134,16601.0,6468.0,12132.0,,,,,,,,,Sullivan County Community College,Predominantly associate's-degree,Associate's
2135,25385.0,8892.0,16837.0,500.0,490.0,600.0,600.0,1094.0,20.0,24.0,,SUNY College of Technology at Alfred,Predominantly associate's-degree,Bachelor's
2136,24906.0,8742.0,13572.0,,,,,,,,20.0,SUNY College of Technology at Canton,Predominantly bachelor's-degree,Bachelor's
2137,26944.0,8772.0,12762.0,450.0,460.0,580.0,580.0,1004.0,18.0,23.0,,SUNY College of Technology at Delhi,Predominantly bachelor's-degree,Graduate
2138,27786.0,8768.0,18678.0,,,,,,,,19.0,SUNY College of Agriculture and Technology at Cobleskill,Predominantly bachelor's-degree,Bachelor's
2139,18966.0,8626.0,18536.0,520.0,520.0,620.0,620.0,1147.0,20.0,28.0,24.0,Farmingdale State College,Predominantly bachelor's-degree,Graduate
2140,26833.0,8825.0,19245.0,510.0,480.0,620.0,610.0,1130.0,,,,SUNY Morrisville,Predominantly associate's-degree,Bachelor's
2141,28802.0,10866.0,31256.0,,,,,,,,26.0,University at Albany,Predominantly bachelor's-degree,Graduate
2142,30345.0,10567.0,30447.0,670.0,670.0,740.0,760.0,1415.0,30.0,32.0,32.0,Binghamton University,Predominantly bachelor's-degree,Graduate
2143,30785.0,10936.0,31536.0,600.0,610.0,680.0,700.0,1295.0,27.0,32.0,28.0,University at Buffalo,Predominantly bachelor's-degree,Graduate
2144,30539.0,10931.0,32741.0,650.0,680.0,730.0,770.0,1419.0,29.0,33.0,31.0,Stony Brook University,Predominantly bachelor's-degree,Graduate
2145,28133.0,9303.0,22263.0,,,,,,,,,SUNY College of Environmental Science and Forestry,Predominantly bachelor's-degree,Graduate
2146,23741.0,8625.0,21215.0,505.0,520.0,680.0,690.0,1201.0,22.0,30.0,27.0,SUNY Polytechnic Institute,Predominantly bachelor's-degree,Graduate
2147,26046.0,8752.0,15822.0,550.0,550.0,640.0,640.0,1193.0,23.0,26.0,26.0,SUNY Brockport,Predominantly bachelor's-degree,Graduate
2148,24279.0,8533.0,19653.0,490.0,490.0,630.0,610.0,1070.0,,,,SUNY Buffalo State University,Predominantly bachelor's-degree,Graduate
2149,28108.0,8874.0,18784.0,,,,,,,,25.0,State University of New York at Cortland,Predominantly bachelor's-degree,Graduate
2150,25879.0,8831.0,19771.0,590.0,570.0,680.0,690.0,1250.0,23.0,28.0,27.0,SUNY at Fredonia,Predominantly bachelor's-degree,Graduate
2151,27709.0,8999.0,19569.0,600.0,590.0,670.0,670.0,1286.0,26.0,31.0,28.0,SUNY College at Geneseo,Predominantly bachelor's-degree,Graduate
2152,28428.0,8572.0,18822.0,600.0,570.0,690.0,650.0,1265.0,25.0,29.0,27.0,State University of New York at New Paltz,Predominantly bachelor's-degree,Graduate
2153,28821.0,8831.0,19781.0,570.0,550.0,660.0,650.0,1230.0,25.0,30.0,,SUNY Oneonta,Predominantly bachelor's-degree,Graduate
2154,27052.0,8825.0,18735.0,530.0,540.0,630.0,640.0,1187.0,23.0,29.0,27.0,State University of New York at Oswego,Predominantly bachelor's-degree,Graduate
2155,25083.0,8768.0,18678.0,,,,,,,,,SUNY College at Potsdam,Predominantly bachelor's-degree,Graduate
2156,29043.0,8953.0,19203.0,620.0,565.0,710.0,670.0,1312.0,27.0,30.0,29.0,SUNY at Purchase College,Predominantly bachelor's-degree,Graduate
2158,21287.0,8422.0,18842.0,,,,,,,,,SUNY Old Westbury,Predominantly bachelor's-degree,Graduate
2159,28244.0,9035.0,18945.0,540.0,540.0,640.0,610.0,1165.0,22.0,28.0,26.0,State University of New York at Plattsburgh,Predominantly bachelor's-degree,Graduate
2161,19699.0,7648.0,17558.0,,,,,,,,,Empire State University,Predominantly bachelor's-degree,Graduate
2162,29786.0,8589.0,19159.0,570.0,553.0,640.0,648.0,1214.0,22.0,28.0,26.0,SUNY Maritime College,Predominantly bachelor's-degree,Graduate
2164,35629.0,27066.0,27066.0,,,,,,,,,Swedish Institute a College of Health Sciences,Predominantly associate's-degree,Associate's
2165,84517.0,65528.0,65528.0,640.0,630.0,720.0,720.0,1375.0,29.0,32.0,30.0,Syracuse University,Predominantly bachelor's-degree,Graduate
2166,20353.0,8750.0,8750.0,,,,,,,,,Talmudical Seminary Oholei Torah,Predominantly bachelor's-degree,Bachelor's
2167,16850.0,6150.0,6150.0,,,,,,,,,Talmudical Institute of Upstate New York,Predominantly bachelor's-degree,Bachelor's
2169,20222.0,6970.0,12855.0,,,,,,,,,Tompkins Cortland Community College,Predominantly associate's-degree,Associate's
2170,34000.0,9600.0,9600.0,,,,,,,,,Torah Temimah Talmudical Seminary,Predominantly bachelor's-degree,Bachelor's
2171,40500.0,22450.0,22450.0,630.0,588.0,730.0,723.0,1348.0,24.0,32.0,,Touro University,Predominantly bachelor's-degree,Graduate
2172,29845.0,20640.0,20640.0,,,,,,,,,Trocaire College,Predominantly associate's-degree,Bachelor's
2174,14925.0,6666.0,12146.0,,,,,,,,,Ulster County Community College,Predominantly associate's-degree,Associate's
2175,84561.0,69039.0,69039.0,660.0,650.0,720.0,760.0,1395.0,29.0,33.0,30.0,Union College,Predominantly bachelor's-degree,Bachelor's
2177,22754.0,15000.0,15000.0,,,,,,,,,United Talmudical Seminary,Predominantly bachelor's-degree,Bachelor's
2178,9168.0,895.0,895.0,560.0,550.0,650.0,650.0,1207.0,22.0,29.0,27.0,United States Merchant Marine Academy,Predominantly bachelor's-degree,Graduate
2180,37205.0,26930.0,26930.0,480.0,510.0,660.0,590.0,1110.0,,,,Utica University,Predominantly bachelor's-degree,Graduate
2181,87419.0,71030.0,71030.0,730.0,720.0,770.0,780.0,1494.0,33.0,35.0,33.0,Vassar College,Predominantly bachelor's-degree,Bachelor's
2182,36335.0,28670.0,28670.0,,,,,,,,,Villa Maria College,Predominantly bachelor's-degree,Bachelor's
2183,78051.0,51400.0,51400.0,610.0,578.0,730.0,760.0,1320.0,,,26.0,School of Visual Arts,Predominantly bachelor's-degree,Graduate
2184,65574.0,53200.0,53200.0,600.0,590.0,660.0,630.0,1243.0,23.0,28.0,,Wagner College,Predominantly bachelor's-degree,Graduate
2185,81950.0,63214.0,63214.0,710.0,720.0,750.0,780.0,1496.0,32.0,34.0,33.0,Webb Institute,Predominantly bachelor's-degree,Bachelor's
2186,31660.0,25191.0,25191.0,,,,,,,,,The College of Westchester,Predominantly bachelor's-degree,Bachelor's
2187,15316.0,5948.0,12486.0,,,,,,,,,SUNY Westchester Community College,Predominantly associate's-degree,Associate's
2189,22600.0,11500.0,11500.0,,,,,,,,,Word of Life Bible Institute,Predominantly certificate-degree,Certificate
2190,18612.0,13300.0,13300.0,,,,,,,,,Yeshiva Karlin Stolin,Predominantly bachelor's-degree,Bachelor's
2191,24200.0,12700.0,12700.0,,,,,,,,,Yeshiva Derech Chaim,Predominantly associate's-degree,Graduate
2192,23300.0,14000.0,14000.0,,,,,,,,,Yeshiva of Nitra Rabbinical College,Predominantly bachelor's-degree,Graduate
2193,22150.0,19550.0,19550.0,,,,,,,,,Yeshivath Shaar Hatorah,Predominantly bachelor's-degree,Bachelor's
2194,70892.0,51800.0,51800.0,670.0,670.0,740.0,770.0,1426.0,29.0,33.0,,Yeshiva University,Predominantly bachelor's-degree,Graduate
2195,20397.0,12000.0,12000.0,,,,,,,,,Yeshivath Viznitz,Predominantly bachelor's-degree,Bachelor's
2196,20440.0,10880.0,10880.0,,,,,,,,,Yeshivath Zichron Moshe,Predominantly associate's-degree,Bachelor's
2197,13621.0,2242.0,7652.0,,,,,,,,,College of the Albemarle,Predominantly associate's-degree,Associate's
2198,16111.0,2022.0,6630.0,,,,,,,,,South Piedmont Community College,Predominantly associate's-degree,Associate's
2199,23169.0,7579.0,25212.0,570.0,550.0,660.0,620.0,1214.0,21.0,27.0,27.0,Appalachian State University,Predominantly bachelor's-degree,Graduate
2200,16061.0,2882.0,9026.0,,,,,,,,,Asheville-Buncombe Technical Community College,Predominantly certificate-degree,Associate's
2201,51935.0,37250.0,37250.0,,,,,,,,20.0,Barton College,Predominantly bachelor's-degree,Graduate
2202,16245.0,2540.0,8684.0,,,,,,,,,Beaufort County Community College,Predominantly certificate-degree,Associate's
2203,34788.0,19500.0,19500.0,490.0,470.0,610.0,590.0,1099.0,18.0,26.0,22.0,Belmont Abbey College,Predominantly bachelor's-degree,Graduate
2204,41296.0,19140.0,19140.0,410.0,410.0,580.0,480.0,925.0,,,,Bennett College,Predominantly bachelor's-degree,Bachelor's
2205,12613.0,2618.0,8762.0,,,,,,,,,Bladen Community College,Predominantly associate's-degree,Associate's
2206,13274.0,2660.0,8804.0,,,,,,,,,Blue Ridge Community College,Predominantly certificate-degree,Associate's
2207,47288.0,32280.0,32280.0,440.0,430.0,620.0,600.0,1060.0,16.0,26.0,,Brevard College,Predominantly bachelor's-degree,Graduate
2208,12836.0,2553.0,8697.0,,,,,,,,,Brunswick Community College,Predominantly associate's-degree,Associate's
2209,26375.0,16550.0,16550.0,,,,,1150.0,21.0,23.0,23.0,Cabarrus College of Health Sciences,Predominantly associate's-degree,Graduate
2210,20188.0,2526.0,6526.0,,,,,,,,,Caldwell Community College and Technical Institute,Predominantly associate's-degree,Associate's
2211,62187.0,41600.0,41600.0,,,,,,,,22.0,Campbell University,Predominantly bachelor's-degree,Graduate
2212,14740.0,2748.0,8892.0,,,,,,,,,Cape Fear Community College,Predominantly associate's-degree,Associate's
2213,19621.0,2310.0,8222.0,,,,,,,,,Carteret Community College,Predominantly certificate-degree,Associate's
2214,49516.0,34300.0,34300.0,520.0,510.0,650.0,650.0,1096.0,17.0,25.0,22.0,Catawba College,Predominantly bachelor's-degree,Graduate
2215,20446.0,2427.0,7803.0,,,,,,,,,Catawba Valley Community College,Predominantly associate's-degree,Associate's
2216,14901.0,2711.0,8855.0,,,,,,,,,Central Carolina Community College,Predominantly associate's-degree,Associate's
2217,10546.0,2792.0,8936.0,,,,,,,,,Central Piedmont Community College,Predominantly certificate-degree,Associate's
2218,39027.0,27910.0,27910.0,,,,,,,,18.0,Chowan University,Predominantly bachelor's-degree,Graduate
2219,5565.0,2602.0,8746.0,,,,,,,,,Cleveland Community College,Predominantly associate's-degree,Associate's
2220,16793.0,2512.0,8656.0,,,,,,,,,Coastal Carolina Community College,Predominantly associate's-degree,Associate's
2221,10735.0,2022.0,6630.0,,,,,,,,,Craven Community College,Predominantly associate's-degree,Associate's
2222,14280.0,1980.0,6588.0,,,,,,,,,Davidson-Davie Community College,Predominantly certificate-degree,Associate's
2223,79475.0,64410.0,64410.0,695.0,705.0,750.0,780.0,1469.0,31.0,34.0,,Davidson College,Predominantly bachelor's-degree,Bachelor's
2224,87072.0,68758.0,68758.0,740.0,760.0,770.0,800.0,1548.0,34.0,35.0,34.0,Duke University,Predominantly bachelor's-degree,Graduate
2225,10430.0,1986.0,6594.0,,,,,,,,,Durham Technical Community College,Predominantly associate's-degree,Associate's
2226,23867.0,7361.0,23638.0,540.0,530.0,630.0,610.0,1180.0,21.0,26.0,,East Carolina University,Predominantly bachelor's-degree,Graduate
2227,9330.0,2640.0,8784.0,,,,,,,,,Edgecombe Community College,Predominantly certificate-degree,Associate's
2228,17701.0,6536.0,10536.0,470.0,450.0,560.0,520.0,1019.0,16.0,22.0,17.0,Elizabeth City State University,Predominantly bachelor's-degree,Graduate
2229,62266.0,46958.0,46958.0,580.0,550.0,650.0,630.0,1208.0,23.0,28.0,,Elon University,Predominantly bachelor's-degree,Graduate
2230,11277.0,2628.0,8772.0,,,,,,,,,Fayetteville Technical Community College,Predominantly certificate-degree,Associate's
2231,16652.0,4353.0,8353.0,460.0,430.0,550.0,540.0,959.0,15.0,19.0,17.0,Fayetteville State University,Predominantly bachelor's-degree,Graduate
2232,14101.0,2276.0,6884.0,,,,,,,,,Forsyth Technical Community College,Predominantly associate's-degree,Associate's
2233,47091.0,34760.0,34760.0,495.0,480.0,608.0,590.0,1113.0,19.0,25.0,21.0,Gardner-Webb University,Predominantly bachelor's-degree,Graduate
2234,16866.0,3186.0,9330.0,,,,,,,,,Gaston College,Predominantly certificate-degree,Associate's
2235,35165.0,21000.0,21000.0,,,,,,,,,Greensboro College,Predominantly bachelor's-degree,Graduate
2236,55689.0,41362.0,41362.0,550.0,570.0,650.0,610.0,1105.0,18.0,24.0,20.0,Guilford College,Predominantly bachelor's-degree,Graduate
2237,20529.0,2320.0,7696.0,,,,,,,,,Guilford Technical Community College,Predominantly associate's-degree,Associate's
2238,16938.0,2608.0,8752.0,,,,,,,,,Halifax Community College,Predominantly associate's-degree,Associate's
2239,17011.0,2580.0,8724.0,,,,,,,,,Haywood Community College,Predominantly associate's-degree,Associate's
2240,24868.0,8688.0,8688.0,,,,,,,,,Heritage Bible College,Predominantly bachelor's-degree,Bachelor's
2241,65548.0,45312.0,45312.0,560.0,550.0,670.0,650.0,1288.0,24.0,33.0,26.0,High Point University,Predominantly bachelor's-degree,Graduate
2242,18132.0,2030.0,6638.0,,,,,,,,,Isothermal Community College,Predominantly certificate-degree,Associate's
2243,11870.0,2592.0,8736.0,,,,,,,,,James Sprunt Community College,Predominantly certificate-degree,Associate's
2244,34923.0,21300.0,21300.0,,,,,,,,,Johnson C Smith University,Predominantly bachelor's-degree,Graduate
2245,11230.0,2756.0,8900.0,,,,,,,,,Johnston Community College,Predominantly certificate-degree,Associate's
2246,49498.0,33250.0,33250.0,,,,,,,,23.0,Lees-McRae College,Predominantly bachelor's-degree,Graduate
2247,14929.0,2578.0,8722.0,,,,,,,,,Lenoir Community College,Predominantly certificate-degree,Associate's
2248,44621.0,31900.0,31900.0,,,,,,,,,Lenoir-Rhyne University,Predominantly bachelor's-degree,Graduate
2250,28305.0,18296.0,18296.0,,,,,,,,14.0,Livingstone College,Predominantly bachelor's-degree,Graduate
2251,38833.0,24120.0,24120.0,,,,,,,,,Louisburg College,Predominantly associate's-degree,Associate's
2252,50099.0,37736.0,37736.0,,,,,,,,,Mars Hill University,Predominantly bachelor's-degree,Graduate
2253,11275.0,2523.0,8667.0,,,,,,,,,Martin Community College,Predominantly certificate-degree,Associate's
2254,14932.0,2626.0,8770.0,,,,,,,,,Mayland Community College,Predominantly associate's-degree,Associate's
2255,18783.0,2032.0,6640.0,,,,,,,,,McDowell Technical Community College,Predominantly associate's-degree,Associate's
2256,57313.0,45630.0,45630.0,588.0,510.0,668.0,680.0,1204.0,23.0,29.0,26.0,Meredith College,Predominantly bachelor's-degree,Graduate
2257,55796.0,41250.0,41250.0,550.0,530.0,630.0,620.0,1182.0,22.0,27.0,24.0,Methodist University,Predominantly bachelor's-degree,Graduate
2259,16661.0,2641.0,8785.0,,,,,,,,,Mitchell Community College,Predominantly certificate-degree,Associate's
2260,17669.0,2538.0,8682.0,,,,,,,,,Montgomery Community College,Predominantly certificate-degree,Associate's
2261,47133.0,36450.0,36450.0,,,,,,,,25.0,Montreat College,Predominantly bachelor's-degree,Graduate
2262,38569.0,27366.0,27366.0,,,,,1050.0,18.0,24.0,19.0,University of Mount Olive,Predominantly bachelor's-degree,Graduate
2264,10062.0,2866.0,8866.0,,,,,,,,,Nash Community College,Predominantly certificate-degree,Associate's
2265,20427.0,6813.0,20673.0,510.0,510.0,600.0,590.0,1074.0,17.0,23.0,19.0,North Carolina A & T State University,Predominantly bachelor's-degree,Graduate
2266,21685.0,7501.0,24849.0,600.0,570.0,700.0,660.0,1251.0,23.0,29.0,26.0,University of North Carolina Asheville,Predominantly bachelor's-degree,Graduate
2267,26055.0,8994.0,41203.0,690.0,700.0,750.0,780.0,1439.0,28.0,34.0,25.0,University of North Carolina at Chapel Hill,Predominantly bachelor's-degree,Graduate
2268,23010.0,7239.0,22492.0,570.0,570.0,660.0,670.0,1231.0,21.0,28.0,24.0,University of North Carolina at Charlotte,Predominantly bachelor's-degree,Graduate
2269,21373.0,7661.0,24012.0,590.0,560.0,685.0,670.0,1193.0,22.0,27.0,24.0,University of North Carolina at Greensboro,Predominantly bachelor's-degree,Graduate
2270,26556.0,6699.0,19735.0,,,,,1050.0,19.0,22.0,18.0,North Carolina Central University,Predominantly bachelor's-degree,Graduate
2271,26470.0,9477.0,27211.0,600.0,540.0,720.0,650.0,1260.0,22.0,29.0,25.0,University of North Carolina School of the Arts,Predominantly bachelor's-degree,Graduate
2272,26425.0,8799.0,32847.0,650.0,650.0,720.0,750.0,1376.0,28.0,32.0,30.0,North Carolina State University at Raleigh,Predominantly bachelor's-degree,Graduate
2273,49974.0,35736.0,35736.0,,,,,,,,18.0,North Carolina Wesleyan University,Predominantly bachelor's-degree,Graduate
2274,26547.0,7277.0,24152.0,620.0,610.0,680.0,660.0,1287.0,24.0,29.0,26.0,University of North Carolina Wilmington,Predominantly bachelor's-degree,Graduate
2275,8227.0,1867.0,6475.0,,,,,,,,,Pamlico Community College,Predominantly certificate-degree,Associate's
2276,49362.0,34176.0,34176.0,545.0,535.0,630.0,595.0,1170.0,22.0,27.0,24.0,William Peace University,Predominantly bachelor's-degree,Bachelor's
2277,17261.0,3648.0,7648.0,490.0,480.0,600.0,600.0,1056.0,18.0,23.0,19.0,University of North Carolina at Pembroke,Predominantly bachelor's-degree,Graduate
2278,45542.0,35070.0,35070.0,,,,,,,,22.0,Pfeiffer University,Predominantly bachelor's-degree,Graduate
2279,12039.0,2556.0,8700.0,,,,,,,,,Piedmont Community College,Predominantly associate's-degree,Associate's
2280,15979.0,2580.0,8724.0,,,,,,,,,Pitt Community College,Predominantly associate's-degree,Associate's
2281,65742.0,45846.0,45846.0,560.0,580.0,670.0,670.0,1206.0,20.0,27.0,24.0,Queens University of Charlotte,Predominantly bachelor's-degree,Graduate
2282,16435.0,2416.0,8176.0,,,,,,,,,Randolph Community College,Predominantly certificate-degree,Associate's
2283,15667.0,1956.0,6564.0,,,,,,,,,Richmond Community College,Predominantly certificate-degree,Associate's
2284,33011.0,17280.0,17280.0,390.0,440.0,640.0,570.0,1000.0,,,18.0,Mid-Atlantic Christian University,Predominantly bachelor's-degree,Bachelor's
2285,9415.0,2642.0,8786.0,,,,,,,,,Roanoke-Chowan Community College,Predominantly associate's-degree,Associate's
2286,12628.0,2581.0,8725.0,,,,,,,,,Robeson Community College,Predominantly associate's-degree,Associate's
2287,10933.0,1966.0,6574.0,,,,,,,,,Rockingham Community College,Predominantly associate's-degree,Associate's
2288,17338.0,2064.0,6672.0,,,,,,,,,Rowan-Cabarrus Community College,Predominantly certificate-degree,Associate's
2289,33179.0,16896.0,16896.0,,,,,,,,,Saint Augustine's University,Predominantly bachelor's-degree,Bachelor's
2290,48532.0,33848.0,33848.0,553.0,513.0,643.0,600.0,1082.0,16.0,22.0,19.0,Salem College,Predominantly bachelor's-degree,Graduate
2291,13142.0,2877.0,9789.0,,,,,,,,,Sampson Community College,Predominantly associate's-degree,Associate's
2292,14709.0,2040.0,6648.0,,,,,,,,,Sandhills Community College,Predominantly associate's-degree,Associate's
2293,30861.0,17538.0,17538.0,,,,,,,,,Shaw University,Predominantly bachelor's-degree,Graduate
2295,50681.0,32388.0,32388.0,,,,,,,,,St. Andrews University,Predominantly bachelor's-degree,Graduate
2296,15193.0,2600.0,8744.0,,,,,,,,,Southeastern Community College,Predominantly associate's-degree,Associate's
2297,15856.0,4112.0,13184.0,,,,,,,,,Southwestern Community College,Predominantly certificate-degree,Associate's
2298,15370.0,2672.0,8816.0,,,,,,,,,Stanly Community College,Predominantly certificate-degree,Associate's
2299,22632.0,11318.0,11318.0,540.0,460.0,660.0,590.0,1127.0,21.0,24.0,,Southeastern Baptist Theological Seminary,Predominantly bachelor's-degree,Graduate
2300,14271.0,2668.0,8812.0,,,,,,,,,Surry Community College,Predominantly certificate-degree,Associate's
2301,15922.0,2592.0,8736.0,,,,,,,,,Alamance Community College,Predominantly certificate-degree,Associate's
2302,18830.0,2636.0,8780.0,,,,,,,,,Tri-County Community College,Predominantly associate's-degree,Associate's
2303,13153.0,1944.0,6552.0,,,,,,,,,Vance-Granville Community College,Predominantly associate's-degree,Associate's
2304,87499.0,67642.0,67642.0,700.0,710.0,750.0,770.0,1475.0,32.0,34.0,,Wake Forest University,Predominantly bachelor's-degree,Graduate
2305,15953.0,2254.0,6862.0,,,,,,,,,Wake Technical Community College,Predominantly certificate-degree,Associate's
2306,56966.0,41500.0,41500.0,,,,,1350.0,25.0,29.0,27.0,Warren Wilson College,Predominantly bachelor's-degree,Graduate
2308,11096.0,2566.0,8710.0,,,,,,,,,Wayne Community College,Predominantly certificate-degree,Associate's
2309,16642.0,2650.0,8794.0,,,,,,,,,Western Piedmont Community College,Predominantly associate's-degree,Associate's
2310,9844.0,2572.0,8716.0,,,,,,,,,Wilkes Community College,Predominantly certificate-degree,Associate's
2311,10765.0,2572.0,8716.0,,,,,,,,,Wilson Community College,Predominantly associate's-degree,Associate's
2312,57473.0,41636.0,41636.0,510.0,500.0,610.0,600.0,1111.0,18.0,25.0,,Wingate University,Predominantly bachelor's-degree,Graduate
2313,28817.0,9970.0,9970.0,,,,,,,,,Carolina Christian College,Predominantly bachelor's-degree,Bachelor's
2315,23147.0,6126.0,16782.0,430.0,400.0,520.0,500.0,945.0,15.0,20.0,17.0,Winston-Salem State University,Predominantly bachelor's-degree,Graduate
2316,19992.0,4630.0,8630.0,560.0,520.0,660.0,610.0,1157.0,19.0,25.0,22.0,Western Carolina University,Predominantly bachelor's-degree,Graduate
2318,15771.0,5247.0,7331.0,,,,,,,,,Bismarck State College,Predominantly associate's-degree,Bachelor's
2319,20567.0,9118.0,9118.0,,,,,,,,19.0,Dickinson State University,Predominantly bachelor's-degree,Graduate
2320,14090.0,3870.0,3870.0,,,,,,,,,Nueta Hidatsa Sahnish College,Predominantly associate's-degree,Bachelor's
2322,38013.0,24990.0,24990.0,,,,,,,,21.0,University of Jamestown,Predominantly bachelor's-degree,Graduate
2323,18731.0,5520.0,5520.0,,,,,,,,,Lake Region State College,Predominantly associate's-degree,Associate's
2324,11969.0,3950.0,3950.0,,,,,,,,,Cankdeska Cikana Community College,Predominantly associate's-degree,Associate's
2325,33672.0,22356.0,22356.0,580.0,530.0,680.0,660.0,1159.0,21.0,26.0,,University of Mary,Predominantly bachelor's-degree,Graduate
2326,20657.0,7979.0,11237.0,,,,,,,,20.0,Mayville State University,Predominantly bachelor's-degree,Graduate
2327,19339.0,8702.0,8702.0,500.0,430.0,570.0,570.0,1051.0,18.0,24.0,20.0,Minot State University,Predominantly bachelor's-degree,Graduate
2328,25605.0,10951.0,15570.0,,,,,,,,23.0,University of North Dakota,Predominantly bachelor's-degree,Graduate
2329,17265.0,5974.0,6973.0,,,,,,,,,North Dakota State College of Science,Predominantly associate's-degree,Associate's
2330,16774.0,5388.0,6294.0,,,,,,,,,Dakota College at Bottineau,Predominantly associate's-degree,Associate's
2331,23716.0,11110.0,15764.0,,,,,1150.0,19.0,25.0,23.0,North Dakota State University-Main Campus,Predominantly bachelor's-degree,Graduate
2332,16651.0,6128.0,6128.0,,,,,,,,,Williston State College,Predominantly associate's-degree,Associate's
2333,10012.0,4010.0,4010.0,,,,,,,,,Sitting Bull College,Predominantly associate's-degree,Graduate
2334,31544.0,19700.0,19700.0,,,,,,,,,Trinity Bible College and Graduate School,Predominantly bachelor's-degree,Graduate
2335,13655.0,2794.0,2794.0,,,,,,,,,Turtle Mountain Community College,Predominantly certificate-degree,Bachelor's
2336,14309.0,4632.0,4632.0,,,,,,,,,United Tribes Technical College,Predominantly associate's-degree,Bachelor's
2337,20468.0,8514.0,13544.0,420.0,410.0,530.0,540.0,1041.0,17.0,24.0,20.0,Valley City State University,Predominantly bachelor's-degree,Graduate
2338,22732.0,11350.0,11350.0,,,,,,,,,ETI Technical College of Niles,Predominantly certificate-degree,Associate's
2340,27417.0,13450.0,13450.0,,,,,,,,,Herzing University-Akron,Predominantly associate's-degree,Bachelor's
2341,26284.0,13135.0,20815.0,460.0,440.0,600.0,590.0,1081.0,17.0,25.0,,University of Akron Main Campus,Predominantly bachelor's-degree,Graduate
2342,15993.0,7723.0,15403.0,440.0,390.0,550.0,550.0,1040.0,16.0,23.0,,University of Akron Wayne College,Predominantly bachelor's-degree,Bachelor's
2343,14612.0,6800.0,6800.0,,,,,,,,,Allegheny Wesleyan College,Predominantly bachelor's-degree,Bachelor's
2345,53879.0,41375.0,41375.0,,,,,,,,,Art Academy of Cincinnati,Predominantly bachelor's-degree,Graduate
2347,43434.0,31210.0,31210.0,505.0,530.0,610.0,598.0,1120.0,20.0,25.0,23.0,Ashland University,Predominantly bachelor's-degree,Graduate
2351,28979.0,20230.0,20230.0,,,,,1020.0,15.0,25.0,21.0,Aultman College of Nursing and Health Sciences,Predominantly bachelor's-degree,Bachelor's
2352,55606.0,39832.0,39832.0,550.0,510.0,650.0,640.0,1194.0,22.0,29.0,24.0,Baldwin Wallace University,Predominantly bachelor's-degree,Graduate
2353,12680.0,4698.0,7200.0,,,,,,,,,Belmont College,Predominantly associate's-degree,Associate's
2354,51862.0,37362.0,37362.0,430.0,430.0,550.0,580.0,976.0,16.0,22.0,,Bluffton University,Predominantly bachelor's-degree,Graduate
2355,22070.0,6407.0,14395.0,,,,,,,,,Bowling Green State University-Firelands,Predominantly associate's-degree,Bachelor's
2356,33007.0,14460.0,22448.0,500.0,500.0,610.0,600.0,1117.0,19.0,26.0,23.0,Bowling Green State University-Main Campus,Predominantly bachelor's-degree,Graduate
2357,23917.0,19580.0,19580.0,,,,,,,,,Bryant & Stratton College-Parma,Predominantly associate's-degree,Bachelor's
2361,57130.0,43234.0,43234.0,450.0,460.0,590.0,590.0,1068.0,18.0,25.0,23.0,Capital University,Predominantly bachelor's-degree,Graduate
2362,85851.0,66608.0,66608.0,700.0,730.0,760.0,780.0,1513.0,32.0,34.0,34.0,Case Western Reserve University,Predominantly bachelor's-degree,Graduate
2363,49320.0,37150.0,37150.0,580.0,550.0,690.0,670.0,1241.0,22.0,29.0,26.0,Cedarville University,Predominantly bachelor's-degree,Graduate
2364,14764.0,5256.0,8016.0,,,,,,,,,Central Ohio Technical College,Predominantly associate's-degree,Bachelor's
2366,21929.0,8058.0,10058.0,,,,,,,,16.0,Central State University,Predominantly bachelor's-degree,Graduate
2367,23858.0,14415.0,14415.0,,,,,,,,,Choffin Career  and Technical Center,Predominantly certificate-degree,Certificate
2368,28094.0,16836.0,16836.0,,,,,1090.0,15.0,25.0,20.0,The Christ College of Nursing and Health Sciences,Predominantly bachelor's-degree,Bachelor's
2370,32171.0,13976.0,29310.0,570.0,590.0,670.0,700.0,1282.0,24.0,29.0,27.0,University of Cincinnati-Main Campus,Predominantly bachelor's-degree,Graduate
2371,12229.0,5517.0,10044.0,,,,,,,,,Cincinnati State Technical and Community College,Predominantly certificate-degree,Bachelor's
2372,19165.0,6750.0,13982.0,,,,,,,,,University of Cincinnati-Clermont College,Predominantly associate's-degree,Bachelor's
2373,21784.0,7200.0,15998.0,,,,,,,,,University of Cincinnati-Blue Ash College,Predominantly associate's-degree,Bachelor's
2374,35017.0,24600.0,24600.0,,,,,,,,,Ohio Christian University,Predominantly bachelor's-degree,Graduate
2375,16812.0,4393.0,8049.0,,,,,,,,,Clark State College,Predominantly certificate-degree,Bachelor's
2376,64587.0,49400.0,49400.0,500.0,480.0,660.0,620.0,1193.0,23.0,29.0,23.0,Cleveland Institute of Art,Predominantly bachelor's-degree,Bachelor's
2377,61212.0,52880.0,52880.0,,,,,,,,,Cleveland Institute of Music,Predominantly bachelor's-degree,Graduate
2378,27159.0,12988.0,18510.0,,,,,,,,23.0,Cleveland State University,Predominantly bachelor's-degree,Graduate
2380,54443.0,40825.0,40825.0,,,,,,,,,Columbus College of Art & Design,Predominantly bachelor's-degree,Graduate
2381,13381.0,5488.0,11224.0,,,,,,,,,Columbus State Community College,Predominantly certificate-degree,Associate's
2382,11189.0,3249.0,7249.0,,,,,,,,,Cuyahoga Community College District,Predominantly certificate-degree,Associate's
2383,29862.0,14130.0,14130.0,,,,,,,,,Davis College,Predominantly associate's-degree,Associate's
2385,65881.0,49140.0,49140.0,600.0,600.0,690.0,690.0,1335.0,25.0,31.0,26.0,University of Dayton,Predominantly bachelor's-degree,Graduate
2386,53667.0,29320.0,29320.0,,,,,,,,20.0,Defiance College,Predominantly bachelor's-degree,Graduate
2387,81900.0,67000.0,67000.0,660.0,660.0,730.0,760.0,1410.0,30.0,33.0,30.0,Denison University,Predominantly bachelor's-degree,Bachelor's
2388,13472.0,4499.0,8346.0,,,,,,,,,Edison State Community College,Predominantly certificate-degree,Associate's
2390,54580.0,41164.0,41164.0,,,,,,,,23.0,The University of Findlay,Predominantly bachelor's-degree,Graduate
2391,30696.0,9577.0,9577.0,,,,,,,,,Franklin University,Predominantly bachelor's-degree,Graduate
2393,18358.0,7710.0,7710.0,,,,,,,,,Gods Bible School and College,Predominantly associate's-degree,Graduate
2394,26627.0,15470.0,15470.0,,,,,,,,21.0,Good Samaritan College of Nursing and Health Science,Predominantly associate's-degree,Bachelor's
2399,47025.0,33650.0,33650.0,,,,,,,,22.0,Heidelberg University,Predominantly bachelor's-degree,Graduate
2400,40572.0,27600.0,27600.0,,,,,,,,,Hiram College,Predominantly bachelor's-degree,Graduate
2402,19171.0,5540.0,10290.0,,,,,,,,,Hocking College,Predominantly associate's-degree,Associate's
2404,65827.0,50500.0,50500.0,600.0,580.0,660.0,670.0,1298.0,25.0,32.0,27.0,John Carroll University,Predominantly bachelor's-degree,Graduate
2405,30681.0,14817.0,14817.0,,,,,,,,,Hondros College of Nursing,Predominantly certificate-degree,Associate's
2407,17513.0,7492.0,17342.0,,,,,,,,,Kent State University at Ashtabula,Predominantly associate's-degree,Bachelor's
2408,18635.0,7492.0,17342.0,,,,,,,,,Kent State University at East Liverpool,Predominantly associate's-degree,Bachelor's
2409,15936.0,7492.0,17342.0,,,,,,,,,Kent State University at Stark,Predominantly associate's-degree,Bachelor's
2410,18371.0,7492.0,17342.0,,,,,,,,,Kent State University at Trumbull,Predominantly associate's-degree,Bachelor's
2411,17539.0,7492.0,17342.0,,,,,,,,,Kent State University at Tuscarawas,Predominantly associate's-degree,Bachelor's
2412,18446.0,7492.0,17342.0,,,,,,,,,Kent State University at Salem,Predominantly associate's-degree,Bachelor's
2413,30567.0,13232.0,23082.0,510.0,500.0,630.0,610.0,1099.0,18.0,25.0,22.0,Kent State University at Kent,Predominantly bachelor's-degree,Graduate
2414,16480.0,7492.0,17342.0,,,,,,,,,Kent State University at Geauga,Predominantly associate's-degree,Bachelor's
2415,87590.0,71520.0,71520.0,680.0,678.0,743.0,760.0,1429.0,31.0,33.0,33.0,Kenyon College,Predominantly bachelor's-degree,Bachelor's
2416,32839.0,16320.0,16320.0,,,,,1050.0,19.0,24.0,20.0,Kettering College,Predominantly bachelor's-degree,Graduate
2417,50790.0,37634.0,37634.0,,,,,,,,20.0,Lake Erie College,Predominantly bachelor's-degree,Graduate
2418,11859.0,3872.0,9235.0,,,,,,,,,Lakeland Community College,Predominantly associate's-degree,Associate's
2420,14578.0,4560.0,9120.0,,,,,,,,,James A. Rhodes State College,Predominantly certificate-degree,Associate's
2421,34607.0,11534.0,11534.0,,,,,,,,,Ohio Business College-Sheffield,Predominantly certificate-degree,Associate's
2422,37348.0,13695.0,13695.0,,,,,,,,,Ohio Business College-Sandusky,Predominantly certificate-degree,Associate's
2423,9860.0,4265.0,8860.0,,,,,,,,,Lorain County Community College,Predominantly associate's-degree,Bachelor's
2424,45378.0,29500.0,29500.0,,,,,,,,20.0,Lourdes University,Predominantly bachelor's-degree,Graduate
2425,49754.0,37160.0,37160.0,470.0,460.0,590.0,590.0,1081.0,18.0,24.0,21.0,Malone University,Predominantly bachelor's-degree,Graduate
2426,53709.0,39652.0,39652.0,510.0,530.0,600.0,600.0,1088.0,17.0,24.0,21.0,Marietta College,Predominantly bachelor's-degree,Graduate
2427,13026.0,6595.0,11225.0,,,,,,,,,Marion Technical College,Predominantly associate's-degree,Bachelor's
2429,30260.0,19470.0,19470.0,410.0,380.0,510.0,500.0,947.0,15.0,20.0,19.0,Mercy College of Ohio,Predominantly bachelor's-degree,Graduate
2431,15352.0,7491.0,19407.0,,,,,,,,,Miami University-Hamilton,Predominantly bachelor's-degree,Graduate
2432,14890.0,7491.0,19407.0,,,,,,,,,Miami University-Middletown,Predominantly bachelor's-degree,Bachelor's
2433,38757.0,18161.0,41221.0,610.0,610.0,690.0,700.0,1317.0,25.0,30.0,27.0,Miami University-Oxford,Predominantly bachelor's-degree,Graduate
2436,21446.0,22080.0,22080.0,,,,,,,,19.0,Mount Carmel College of Nursing,Predominantly bachelor's-degree,Graduate
2437,49276.0,36600.0,36600.0,460.0,450.0,620.0,620.0,1088.0,18.0,25.0,22.0,University of Mount Union,Predominantly bachelor's-degree,Graduate
2438,49858.0,37158.0,37158.0,528.0,518.0,645.0,670.0,1131.0,18.0,25.0,22.0,Mount Vernon Nazarene University,Predominantly bachelor's-degree,Graduate
2439,46719.0,38150.0,38150.0,470.0,460.0,580.0,560.0,1183.0,20.0,28.0,24.0,Mount St. Joseph University,Predominantly bachelor's-degree,Graduate
2440,13935.0,6006.0,11766.0,,,,,,,,,Zane State College,Predominantly associate's-degree,Bachelor's
2441,44658.0,32665.0,32665.0,460.0,450.0,560.0,545.0,1017.0,17.0,22.0,,Muskingum University,Predominantly bachelor's-degree,Graduate
2443,10118.0,4624.0,9103.0,,,,,,,,,North Central State College,Predominantly associate's-degree,Bachelor's
2445,17994.0,4698.0,9170.0,,,,,,,,,Northwest State Community College,Predominantly associate's-degree,Associate's
2448,26266.0,13875.0,13875.0,,,,,,,,,University of Northwestern Ohio,Predominantly associate's-degree,Graduate
2449,87404.0,67366.0,67366.0,700.0,660.0,760.0,760.0,1447.0,31.0,34.0,32.0,Oberlin College,Predominantly bachelor's-degree,Graduate
2451,47621.0,35720.0,35720.0,,,,,,,,,Ohio Dominican University,Predominantly bachelor's-degree,Graduate
2452,53580.0,39800.0,39800.0,585.0,590.0,690.0,710.0,1252.0,24.0,29.0,25.0,Ohio Northern University,Predominantly bachelor's-degree,Graduate
2453,24595.0,9584.0,36362.0,,,,,,,,,Ohio State University Agricultural Technical Institute,Predominantly associate's-degree,Associate's
2454,19487.0,9488.0,36266.0,,,,,,,,,Ohio State University-Lima Campus,Predominantly bachelor's-degree,Bachelor's
2455,23623.0,9488.0,36266.0,,,,,,,,,Ohio State University-Mansfield Campus,Predominantly associate's-degree,Bachelor's
2456,18928.0,9488.0,36266.0,,,,,,,,,Ohio State University-Marion Campus,Predominantly associate's-degree,Bachelor's
2457,22063.0,9488.0,36266.0,,,,,,,,,Ohio State University-Newark Campus,Predominantly associate's-degree,Bachelor's
2462,30305.0,13244.0,40022.0,640.0,670.0,720.0,760.0,1387.0,28.0,32.0,29.0,Ohio State University-Main Campus,Predominantly bachelor's-degree,Graduate
2463,10777.0,6362.0,9444.0,,,,,,,,,Ohio University-Eastern Campus,Predominantly bachelor's-degree,Bachelor's
2464,11356.0,6362.0,9444.0,,,,,,,,,Ohio University-Chillicothe Campus,Predominantly bachelor's-degree,Bachelor's
2465,11607.0,6362.0,9444.0,,,,,,,,,Ohio University-Southern Campus,Predominantly associate's-degree,Bachelor's
2466,10984.0,6362.0,9444.0,,,,,,,,,Ohio University-Lancaster Campus,Predominantly associate's-degree,Bachelor's
2467,30586.0,14158.0,24838.0,550.0,540.0,650.0,640.0,1212.0,22.0,28.0,25.0,Ohio University-Main Campus,Predominantly bachelor's-degree,Graduate
2468,11041.0,6362.0,9444.0,,,,,,,,,Ohio University-Zanesville Campus,Predominantly bachelor's-degree,Bachelor's
2469,22500.0,14798.0,14798.0,,,,,,,,,East Ohio College,Predominantly associate's-degree,Associate's
2470,14032.0,9619.0,10453.0,,,,,,,,,Trinity Health System School of Nursing,Predominantly certificate-degree,Certificate
2471,68424.0,53888.0,53888.0,,,,,,,,25.0,Ohio Wesleyan University,Predominantly bachelor's-degree,Bachelor's
2472,48321.0,35548.0,35548.0,,,,,1220.0,22.0,28.0,23.0,Otterbein University,Predominantly bachelor's-degree,Graduate
2473,14436.0,5870.0,10502.0,,,,,,,,,Owens Community College,Predominantly associate's-degree,Associate's
2478,27427.0,15884.0,15884.0,,,,,,,,,Professional Skills Institute,Predominantly associate's-degree,Bachelor's
2480,25000.0,18000.0,18000.0,,,,,,,,,Rabbinical College Telshe,Predominantly bachelor's-degree,Graduate
2482,35305.0,14440.0,14440.0,,,,,,,,,Fortis College-Centerville,Predominantly certificate-degree,Associate's
2483,33716.0,20560.0,20560.0,,,,,,,,,University of Rio Grande,Predominantly associate's-degree,Graduate
2484,47229.0,31468.0,31468.0,,,,,,,,,The Modern College of Design,Predominantly associate's-degree,Bachelor's
2485,21974.0,10626.0,17358.0,,,,,,,,,Shawnee State University,Predominantly bachelor's-degree,Graduate
2486,11003.0,3675.0,8556.0,,,,,,,,,Sinclair Community College,Predominantly certificate-degree,Bachelor's
2487,10755.0,4790.0,7886.0,,,,,,,,,Stark State College,Predominantly certificate-degree,Associate's
2488,27696.0,16699.0,16699.0,,,,,,,,,Stautzenberger College-Maumee,Predominantly certificate-degree,Associate's
2489,44580.0,34100.0,34100.0,590.0,520.0,700.0,650.0,1220.0,22.0,29.0,25.0,Franciscan University of Steubenville,Predominantly bachelor's-degree,Graduate
2490,15244.0,5912.0,10818.0,,,,,,,,,Southern State Community College,Predominantly associate's-degree,Associate's
2491,23647.0,5748.0,8544.0,,,,,,,,,Terra State Community College,Predominantly certificate-degree,Associate's
2493,48004.0,34790.0,34790.0,470.0,440.0,555.0,555.0,986.0,15.0,21.0,,Tiffin University,Predominantly bachelor's-degree,Graduate
2494,26512.0,12744.0,22104.0,550.0,550.0,650.0,650.0,1235.0,23.0,29.0,25.0,University of Toledo,Predominantly bachelor's-degree,Graduate
2500,50523.0,38990.0,38990.0,523.0,483.0,578.0,555.0,1097.0,20.0,26.0,23.0,Ursuline College,Predominantly bachelor's-degree,Graduate
2501,47575.0,35745.0,35745.0,510.0,530.0,630.0,650.0,1193.0,20.0,27.0,23.0,Walsh University,Predominantly bachelor's-degree,Graduate
2502,12847.0,4128.0,4152.0,,,,,,,,,Washington State College of Ohio,Predominantly associate's-degree,Associate's
2503,25676.0,16448.0,16448.0,,,,,,,,18.0,Wilberforce University,Predominantly bachelor's-degree,Graduate
2504,43431.0,32082.0,32082.0,450.0,400.0,610.0,610.0,1029.0,16.0,23.0,20.0,Wilmington College,Predominantly bachelor's-degree,Graduate
2506,57799.0,45940.0,45940.0,500.0,480.0,650.0,625.0,1179.0,21.0,28.0,23.0,Wittenberg University,Predominantly bachelor's-degree,Graduate
2507,75656.0,61640.0,61640.0,630.0,590.0,740.0,720.0,1353.0,27.0,33.0,29.0,The College of Wooster,Predominantly bachelor's-degree,Bachelor's
2508,24373.0,11522.0,21222.0,,,,,,,,21.0,Wright State University-Main Campus,Predominantly bachelor's-degree,Graduate
2509,16340.0,7728.0,17428.0,,,,,,,,21.0,Wright State University-Lake Campus,Predominantly bachelor's-degree,Bachelor's
2510,65476.0,50640.0,50640.0,553.0,550.0,660.0,650.0,1217.0,22.0,29.0,25.0,Xavier University,Predominantly bachelor's-degree,Graduate
2511,21708.0,11113.0,11473.0,510.0,500.0,620.0,610.0,1120.0,19.0,25.0,21.0,Youngstown State University,Predominantly bachelor's-degree,Graduate
2512,44743.0,33550.0,33550.0,,,,,,,,20.0,Oklahoma Wesleyan University,Predominantly bachelor's-degree,Graduate
2513,46465.0,31190.0,31190.0,,,,,,,,,Southern Nazarene University,Predominantly bachelor's-degree,Graduate
2515,19862.0,7095.0,16515.0,,,,,,,,,Cameron University,Predominantly bachelor's-degree,Graduate
2516,23617.0,4380.0,9098.0,,,,,,,,,Carl Albert State College,Predominantly associate's-degree,Associate's
2518,26392.0,8818.0,19704.0,,,,,1090.0,18.0,24.0,21.0,University of Central Oklahoma,Predominantly bachelor's-degree,Graduate
2519,17957.0,3792.0,7530.0,,,,,,,,,Connors State College,Predominantly associate's-degree,Associate's
2520,18459.0,8032.0,17842.0,460.0,440.0,560.0,560.0,1049.0,17.0,24.0,20.0,East Central University,Predominantly bachelor's-degree,Graduate
2521,18546.0,4947.0,8384.0,,,,,,,,,Eastern Oklahoma State College,Predominantly associate's-degree,Associate's
2522,15510.0,5385.0,7951.0,,,,,,,,,Redlands Community College,Predominantly associate's-degree,Associate's
2525,26126.0,17714.0,17714.0,,,,,980.0,16.0,20.0,18.0,Randall University,Predominantly bachelor's-degree,Graduate
2526,21394.0,6863.0,14616.0,,,,,,,,,Langston University,Predominantly bachelor's-degree,Graduate
2527,20726.0,7230.0,11430.0,,,,,,,,,Murray State College,Predominantly associate's-degree,Associate's
2528,36273.0,20940.0,20940.0,,,,,,,,,Spartan College of Aeronautics and Technology,Predominantly associate's-degree,Bachelor's
2529,21551.0,7810.0,17290.0,438.0,428.0,593.0,543.0,1049.0,18.0,23.0,20.0,Northeastern State University,Predominantly bachelor's-degree,Graduate
2530,15242.0,5083.0,12202.0,,,,,,,,,Northern Oklahoma College,Predominantly associate's-degree,Associate's
2531,18885.0,5213.0,11363.0,,,,,,,,,Northeastern Oklahoma A&M College,Predominantly associate's-degree,Associate's
2532,18672.0,5970.0,11664.0,420.0,383.0,518.0,518.0,1003.0,16.0,21.0,20.0,Northwestern Oklahoma State University,Predominantly bachelor's-degree,Graduate
2534,39106.0,27180.0,27180.0,500.0,510.0,640.0,630.0,1122.0,19.0,26.0,23.0,Oklahoma Christian University,Predominantly bachelor's-degree,Graduate
2536,15055.0,8092.0,8673.0,,,,,,,,,Oklahoma Panhandle State University,Predominantly bachelor's-degree,Bachelor's
2537,28290.0,10234.0,25754.0,530.0,510.0,630.0,620.0,1150.0,20.0,27.0,24.0,Oklahoma State University-Main Campus,Predominantly bachelor's-degree,Graduate
2538,12881.0,3779.0,9564.0,,,,,,,,,Oklahoma State University-Oklahoma City,Predominantly associate's-degree,Bachelor's
2539,48695.0,35570.0,35570.0,540.0,530.0,630.0,610.0,1024.0,17.0,19.0,22.0,Oklahoma Baptist University,Predominantly bachelor's-degree,Graduate
2540,11439.0,4059.0,9810.0,,,,,,,,,Oklahoma City Community College,Predominantly associate's-degree,Associate's
2541,47247.0,35648.0,35648.0,540.0,510.0,650.0,610.0,1177.0,21.0,27.0,25.0,Oklahoma City University,Predominantly bachelor's-degree,Graduate
2542,28872.0,9797.0,27377.0,580.0,560.0,670.0,660.0,1246.0,23.0,29.0,26.0,University of Oklahoma-Norman Campus,Predominantly bachelor's-degree,Graduate
2543,17256.0,5774.0,11384.0,,,,,,,,,Oklahoma State University Institute of Technology,Predominantly associate's-degree,Bachelor's
2544,50004.0,35470.0,35470.0,580.0,540.0,660.0,650.0,1196.0,22.0,28.0,23.0,Oral Roberts University,Predominantly bachelor's-degree,Graduate
2545,21064.0,7750.0,16410.0,,,,,,,,,Rogers State University,Predominantly bachelor's-degree,Graduate
2546,18655.0,5030.0,11407.0,,,,,,,,,Rose State College,Predominantly associate's-degree,Associate's
2548,20662.0,9000.0,20190.0,580.0,510.0,700.0,580.0,1152.0,21.0,26.0,,University of Science and Arts of Oklahoma,Predominantly bachelor's-degree,Bachelor's
2549,23353.0,5460.0,11790.0,,,,,,,,,Seminole State College,Predominantly associate's-degree,Associate's
2551,18594.0,7530.0,16740.0,490.0,490.0,593.0,593.0,1087.0,18.0,24.0,20.0,Southeastern Oklahoma State University,Predominantly bachelor's-degree,Graduate
2552,33305.0,21900.0,21900.0,,,,,,,,,Southwestern Christian University,Predominantly bachelor's-degree,Graduate
2553,23334.0,8469.0,8499.0,,,,,,,,20.0,Southwestern Oklahoma State University,Predominantly bachelor's-degree,Graduate
2554,12900.0,3792.0,9720.0,,,,,,,,,Tulsa Community College,Predominantly associate's-degree,Associate's
2556,64459.0,50061.0,50061.0,610.0,613.0,760.0,770.0,1389.0,25.0,34.0,26.0,University of Tulsa,Predominantly bachelor's-degree,Graduate
2557,15372.0,5586.0,9954.0,,,,,,,,,Western Oklahoma State College,Predominantly associate's-degree,Associate's
2560,20650.0,7076.0,9754.0,,,,,,,,,Blue Mountain Community College,Predominantly associate's-degree,Associate's
2561,19753.0,5049.0,13545.0,,,,,,,,,Central Oregon Community College,Predominantly associate's-degree,Associate's
2562,16151.0,6345.0,14040.0,,,,,,,,,Chemeketa Community College,Predominantly associate's-degree,Associate's
2563,11085.0,6345.0,14265.0,,,,,,,,,Clackamas Community College,Predominantly associate's-degree,Associate's
2564,18567.0,5110.0,9610.0,,,,,,,,,Clatsop Community College,Predominantly associate's-degree,Associate's
2569,26718.0,11076.0,25431.0,,,,,,,,,Eastern Oregon University,Predominantly bachelor's-degree,Graduate
2570,30849.0,17620.0,17620.0,,,,,,,,,New Hope Christian College-Eugene,Predominantly bachelor's-degree,Bachelor's
2571,58644.0,42750.0,42750.0,560.0,510.0,680.0,660.0,1197.0,20.0,29.0,23.0,George Fox University,Predominantly bachelor's-degree,Graduate
2573,18699.0,6202.0,13078.0,,,,,,,,,Lane Community College,Predominantly associate's-degree,Associate's
2574,79987.0,64828.0,64828.0,,,,,,,,30.0,Lewis & Clark College,Predominantly bachelor's-degree,Graduate
2575,65935.0,50850.0,50850.0,,,,,,,,,Linfield University,Predominantly bachelor's-degree,Graduate
2576,18789.0,7317.0,15901.0,,,,,,,,,Linn-Benton Community College,Predominantly associate's-degree,Associate's
2581,17462.0,5247.0,9819.0,,,,,,,,,Mt Hood Community College,Predominantly associate's-degree,Associate's
2583,47143.0,35800.0,35800.0,,,,,1020.0,18.0,20.0,18.0,Bushnell University,Predominantly bachelor's-degree,Graduate
2585,27524.0,13260.0,37196.0,500.0,500.0,650.0,620.0,1150.0,18.0,27.0,25.0,Oregon Institute of Technology,Predominantly bachelor's-degree,Graduate
2586,31653.0,14400.0,38190.0,580.0,560.0,700.0,700.0,1290.0,24.0,31.0,25.0,Oregon State University,Predominantly bachelor's-degree,Graduate
2587,34793.0,16137.0,44598.0,580.0,550.0,690.0,670.0,1272.0,23.0,30.0,,University of Oregon,Predominantly bachelor's-degree,Graduate
2588,70376.0,49006.0,49006.0,,,,,,,,,Pacific Northwest College of Art,Predominantly bachelor's-degree,Graduate
2589,72374.0,56374.0,56374.0,480.0,420.0,630.0,610.0,1090.0,18.0,29.0,23.0,Pacific University,Predominantly bachelor's-degree,Graduate
2595,17934.0,5220.0,10440.0,,,,,,,,,Portland Community College,Predominantly associate's-degree,Associate's
2596,21590.0,11679.0,31074.0,,,,,,,,21.0,Portland State University,Predominantly bachelor's-degree,Graduate
2597,73224.0,58100.0,58100.0,580.0,580.0,670.0,700.0,1277.0,25.0,31.0,29.0,University of Portland,Predominantly bachelor's-degree,Graduate
2598,86376.0,69350.0,69350.0,680.0,610.0,750.0,770.0,1437.0,30.0,34.0,,Reed College,Predominantly bachelor's-degree,Graduate
2599,18962.0,5256.0,6300.0,,,,,,,,,Rogue Community College,Predominantly associate's-degree,Associate's
2600,27636.0,12762.0,31887.0,,,,,,,,22.0,Southern Oregon University,Predominantly bachelor's-degree,Graduate
2601,16274.0,7192.0,7192.0,,,,,,,,,Southwestern Oregon Community College,Predominantly associate's-degree,Associate's
2602,14990.0,6345.0,6795.0,,,,,,,,,Treasure Valley Community College,Predominantly certificate-degree,Associate's
2603,17440.0,6104.0,6104.0,,,,,,,,,Umpqua Community College,Predominantly certificate-degree,Associate's
2604,38948.0,22220.0,22220.0,,,,,,,,,Warner Pacific University,Predominantly bachelor's-degree,Bachelor's
2605,52019.0,40280.0,40280.0,,,,,,,,24.0,Corban University,Predominantly bachelor's-degree,Graduate
2607,67501.0,51156.0,51156.0,640.0,600.0,730.0,710.0,1377.0,28.0,33.0,,Willamette University,Predominantly bachelor's-degree,Graduate
2608,25062.0,11879.0,32534.0,,,,,,,,,Western Oregon University,Predominantly bachelor's-degree,Graduate
2610,41093.0,28917.0,28917.0,,,,,,,,28.0,Bryn Athyn College of the New Church,Predominantly bachelor's-degree,Graduate
2612,43711.0,29082.0,29082.0,,,,,,,,,Albright College,Predominantly bachelor's-degree,Graduate
2614,19716.0,4842.0,12583.0,,,,,,,,,Community College of Allegheny County,Predominantly associate's-degree,Associate's
2615,71348.0,56550.0,56550.0,610.0,563.0,690.0,668.0,1275.0,25.0,30.0,26.0,Allegheny College,Predominantly bachelor's-degree,Bachelor's
2617,62745.0,46800.0,46800.0,550.0,540.0,640.0,620.0,1186.0,27.0,28.0,26.0,DeSales University,Predominantly bachelor's-degree,Graduate
2619,57565.0,45000.0,45000.0,570.0,523.0,658.0,628.0,1170.0,,,,Alvernia University,Predominantly bachelor's-degree,Graduate
2623,12556.0,7500.0,20700.0,,,,,,,,,Community College of Beaver County,Predominantly associate's-degree,Associate's
2624,64645.0,49610.0,49610.0,550.0,515.0,650.0,615.0,1190.0,,,25.0,Arcadia University,Predominantly bachelor's-degree,Graduate
2626,83250.0,65920.0,65920.0,660.0,620.0,750.0,760.0,1396.0,29.0,33.0,,Bryn Mawr College,Predominantly bachelor's-degree,Graduate
2627,83756.0,67812.0,67812.0,650.0,660.0,730.0,740.0,1410.0,30.0,33.0,31.0,Bucknell University,Predominantly bachelor's-degree,Graduate
2628,11688.0,5683.0,13963.0,,,,,,,,,Bucks County Community College,Predominantly associate's-degree,Associate's
2631,12340.0,5910.0,12000.0,,,,,,,,,Butler County Community College,Predominantly associate's-degree,Associate's
2632,49327.0,35874.0,35874.0,500.0,460.0,598.0,570.0,1080.0,,,23.0,Carlow University,Predominantly bachelor's-degree,Graduate
2633,83654.0,66246.0,66246.0,730.0,770.0,770.0,800.0,1546.0,34.0,35.0,34.0,Carnegie Mellon University,Predominantly bachelor's-degree,Graduate
2634,57206.0,46314.0,46314.0,,,,,,,,25.0,Cedar Crest College,Predominantly bachelor's-degree,Graduate
2635,27116.0,19854.0,19854.0,,,,,,,,,Central Penn College,Predominantly bachelor's-degree,Graduate
2636,61261.0,44626.0,44626.0,550.0,520.0,670.0,625.0,1198.0,21.0,30.0,,Chatham University,Predominantly bachelor's-degree,Graduate
2637,58168.0,39870.0,39870.0,,,,,,,,,Chestnut Hill College,Predominantly bachelor's-degree,Graduate
2638,26782.0,10904.0,18870.0,,,,,,,,,Cheyney University of Pennsylvania,Predominantly bachelor's-degree,Bachelor's
2642,13530.0,6930.0,15540.0,,,,,,,,,Delaware County Community College,Predominantly associate's-degree,Associate's
2643,59933.0,44850.0,44850.0,560.0,530.0,663.0,640.0,1204.0,23.0,30.0,26.0,Delaware Valley University,Predominantly bachelor's-degree,Graduate
2644,82902.0,65650.0,65650.0,670.0,640.0,740.0,720.0,1391.0,30.0,33.0,,Dickinson College,Predominantly bachelor's-degree,Graduate
2645,32767.0,19450.0,19450.0,,,,,,,,,Douglas Education Center,Predominantly certificate-degree,Associate's
2646,76835.0,62412.0,62412.0,620.0,620.0,700.0,740.0,1345.0,27.0,32.0,29.0,Drexel University,Predominantly bachelor's-degree,Graduate
2647,67776.0,48986.0,48986.0,600.0,580.0,670.0,670.0,1276.0,26.0,32.0,27.0,Duquesne University,Predominantly bachelor's-degree,Graduate
2648,27917.0,11536.0,19502.0,500.0,500.0,590.0,590.0,1084.0,22.0,23.0,23.0,East Stroudsburg University of Pennsylvania,Predominantly bachelor's-degree,Graduate
2649,55001.0,38400.0,38400.0,,,,,,,,,Eastern University,Predominantly bachelor's-degree,Graduate
2650,50865.0,37950.0,37950.0,560.0,545.0,660.0,650.0,1204.0,26.0,31.0,26.0,Elizabethtown College,Predominantly bachelor's-degree,Graduate
2661,38471.0,15264.0,15264.0,,,,,,,,,Erie Institute of Technology Inc,Predominantly certificate-degree,Associate's
2662,85776.0,70794.0,70794.0,660.0,650.0,730.0,733.0,1392.0,30.0,33.0,,Franklin and Marshall College,Predominantly bachelor's-degree,Bachelor's
2663,52869.0,40656.0,40656.0,,,,,,,,24.0,Gannon University,Predominantly bachelor's-degree,Graduate
2664,45407.0,33450.0,33450.0,,,,,,,,,Geneva College,Predominantly bachelor's-degree,Graduate
2665,81960.0,66640.0,66640.0,640.0,630.0,720.0,740.0,1379.0,29.0,32.0,30.0,Gettysburg College,Predominantly bachelor's-degree,Graduate
2669,55786.0,40122.0,40122.0,530.0,493.0,598.0,588.0,1090.0,,,,Gwynedd Mercy University,Predominantly bachelor's-degree,Graduate
2670,42997.0,32000.0,32000.0,,,,,,,,,Harcum College,Predominantly associate's-degree,Associate's
2671,18369.0,6975.0,12472.0,,,,,,,,,Harrisburg Area Community College,Predominantly associate's-degree,Associate's
2672,90382.0,70688.0,70688.0,720.0,740.0,770.0,780.0,1513.0,33.0,35.0,34.0,Haverford College,Predominantly bachelor's-degree,Bachelor's
2673,20876.0,7714.0,7714.0,,,,,,,,,Commonwealth Technical Institute,Predominantly certificate-degree,Associate's
2674,40539.0,35330.0,35330.0,480.0,430.0,580.0,570.0,1060.0,,,21.0,Holy Family University,Predominantly bachelor's-degree,Graduate
2675,43979.0,29330.0,29330.0,578.0,578.0,660.0,663.0,1260.0,,,25.0,Immaculata University,Predominantly bachelor's-degree,Graduate
2676,26898.0,11380.0,16297.0,490.0,480.0,600.0,580.0,1082.0,20.0,27.0,21.0,Indiana University of Pennsylvania-Main Campus,Predominantly bachelor's-degree,Graduate
2677,29863.0,15940.0,15940.0,,,,,,,,,UPMC Jameson School of Nursing,Predominantly certificate-degree,Certificate
2679,27354.0,21225.0,21225.0,,,,,,,,,Johnson College,Predominantly associate's-degree,Associate's
2680,71850.0,58580.0,58580.0,570.0,560.0,670.0,650.0,1227.0,22.0,30.0,,Juniata College,Predominantly bachelor's-degree,Graduate
2681,32071.0,18300.0,18300.0,,,,,,,,,Keystone College,Predominantly bachelor's-degree,Graduate
2682,57973.0,44100.0,44100.0,540.0,530.0,650.0,620.0,1170.0,,,,King's College,Predominantly bachelor's-degree,Graduate
2684,29866.0,11314.0,16068.0,570.0,550.0,670.0,640.0,1210.0,,,21.0,Kutztown University of Pennsylvania,Predominantly bachelor's-degree,Graduate
2685,47111.0,34052.0,34052.0,480.0,460.0,600.0,600.0,1055.0,15.0,22.0,21.0,La Roche University,Predominantly bachelor's-degree,Graduate
2686,48337.0,37800.0,37800.0,,,,,,,,,La Salle University,Predominantly bachelor's-degree,Graduate
2687,28770.0,18400.0,18400.0,,,,,,,,,Lackawanna College,Predominantly associate's-degree,Bachelor's
2688,83133.0,65398.0,65398.0,670.0,680.0,740.0,760.0,1424.0,31.0,33.0,32.0,Lafayette College,Predominantly bachelor's-degree,Bachelor's
2689,44066.0,29990.0,29990.0,530.0,540.0,665.0,615.0,1180.0,,,23.0,Lancaster Bible College,Predominantly bachelor's-degree,Graduate
2692,31825.0,12150.0,12150.0,,,,,,,,,Lansdale School of Business,Predominantly certificate-degree,Associate's
2694,66497.0,52080.0,52080.0,580.0,560.0,652.0,650.0,1240.0,,,,Lebanon Valley College,Predominantly bachelor's-degree,Graduate
2695,15405.0,5280.0,13270.0,,,,,,,,,Lehigh Carbon Community College,Predominantly associate's-degree,Associate's
2697,80856.0,64980.0,64980.0,680.0,690.0,730.0,770.0,1440.0,31.0,34.0,32.0,Lehigh University,Predominantly bachelor's-degree,Graduate
2700,28505.0,12512.0,19384.0,420.0,400.0,500.0,460.0,920.0,,,19.0,Lincoln University,Predominantly bachelor's-degree,Graduate
2701,31582.0,16190.0,16190.0,,,,,,,,,UPMC St. Margaret School of Nursing,Predominantly certificate-degree,Certificate
2703,14499.0,6600.0,16260.0,,,,,,,,,Luzerne County Community College,Predominantly associate's-degree,Associate's
2704,64105.0,50029.0,50029.0,540.0,540.0,650.0,650.0,1160.0,,,25.0,Lycoming College,Predominantly bachelor's-degree,Bachelor's
2705,27557.0,21780.0,21780.0,360.0,365.0,445.0,490.0,820.0,,,,Manor College,Predominantly associate's-degree,Bachelor's
2706,55582.0,41420.0,41420.0,530.0,530.0,640.0,610.0,1162.0,18.0,30.0,22.0,Marywood University,Predominantly bachelor's-degree,Graduate
2707,24268.0,17320.0,17320.0,,,,,,,,,Vet Tech Institute,Predominantly associate's-degree,Associate's
2709,59557.0,45770.0,45770.0,,,,,,,,,Mercyhurst University,Predominantly bachelor's-degree,Graduate
2710,55875.0,42240.0,42240.0,570.0,540.0,680.0,670.0,1236.0,26.0,31.0,27.0,Messiah University,Predominantly bachelor's-degree,Graduate
2711,18252.0,12147.0,12147.0,,,,,,,,,ASPIRA City College,Predominantly associate's-degree,Associate's
2712,26913.0,11128.0,22952.0,520.0,500.0,620.0,590.0,1110.0,,,,Millersville University of Pennsylvania,Predominantly bachelor's-degree,Graduate
2713,53648.0,40370.0,40370.0,,,,,,,,,Misericordia University,Predominantly bachelor's-degree,Graduate
2714,16233.0,6690.0,17250.0,,,,,,,,,Montgomery County Community College,Predominantly associate's-degree,Associate's
2715,71327.0,52812.0,52812.0,620.0,560.0,710.0,670.0,1282.0,26.0,32.0,,Moore College of Art and Design,Predominantly bachelor's-degree,Graduate
2716,65601.0,53500.0,53500.0,540.0,530.0,655.0,630.0,1183.0,24.0,29.0,,Moravian University,Predominantly bachelor's-degree,Graduate
2717,40435.0,27072.0,27072.0,473.0,445.0,598.0,570.0,1070.0,,,,Mount Aloysius College,Predominantly bachelor's-degree,Graduate
2718,77270.0,62805.0,62805.0,640.0,610.0,710.0,700.0,1343.0,29.0,33.0,30.0,Muhlenberg College,Predominantly bachelor's-degree,Graduate
2719,57180.0,39100.0,39100.0,,,,,,,,21.0,Neumann University,Predominantly bachelor's-degree,Graduate
2721,18119.0,5550.0,15270.0,,,,,,,,,Northampton County Area Community College,Predominantly associate's-degree,Associate's
2722,29767.0,22800.0,22800.0,,,,,,,,,Heritage Valley Health System School of Nursing,Predominantly certificate-degree,Certificate
2725,23995.0,14850.0,14850.0,,,,,,,,,Pennsylvania Institute of Technology,Predominantly certificate-degree,Associate's
2726,34081.0,15972.0,26958.0,560.0,560.0,650.0,660.0,1228.0,25.0,31.0,,Pennsylvania State University-Penn State Erie-Behrend College,Predominantly bachelor's-degree,Graduate
2728,26863.0,14408.0,24134.0,580.0,530.0,625.0,640.0,1190.0,,,,Pennsylvania State University-Penn State New Kensington,Predominantly bachelor's-degree,Bachelor's
2729,26821.0,14024.0,23560.0,,,,,,,,,Pennsylvania State University-Penn State Shenango,Predominantly bachelor's-degree,Bachelor's
2730,25994.0,14280.0,24006.0,550.0,540.0,680.0,650.0,1200.0,,,,Pennsylvania State University-Penn State Wilkes-Barre,Predominantly bachelor's-degree,Graduate
2731,27862.0,15208.0,25392.0,560.0,540.0,650.0,620.0,1190.0,,,,Pennsylvania State University-Penn State Scranton,Predominantly bachelor's-degree,Bachelor's
2732,28109.0,15208.0,25392.0,580.0,550.0,660.0,660.0,1210.0,,,,Pennsylvania State University-Penn State Lehigh Valley,Predominantly bachelor's-degree,Bachelor's
2733,32559.0,15972.0,26958.0,530.0,540.0,650.0,640.0,1187.0,22.0,28.0,,Pennsylvania State University-Penn State Altoona,Predominantly bachelor's-degree,Bachelor's
2734,26210.0,14408.0,24134.0,530.0,550.0,630.0,660.0,1214.0,24.0,27.0,,Pennsylvania State University-Penn State Beaver,Predominantly bachelor's-degree,Bachelor's
2735,32242.0,15972.0,26958.0,550.0,540.0,640.0,635.0,1174.0,18.0,27.0,,Pennsylvania State University-Penn State Berks,Predominantly bachelor's-degree,Graduate
2736,32521.0,15972.0,26958.0,550.0,570.0,650.0,660.0,1227.0,22.0,31.0,,Pennsylvania State University-Penn State Harrisburg,Predominantly bachelor's-degree,Graduate
2737,31088.0,15208.0,25392.0,550.0,530.0,650.0,660.0,1200.0,,,,Pennsylvania State University-Penn State Brandywine,Predominantly bachelor's-degree,Bachelor's
2738,28530.0,14408.0,24134.0,490.0,500.0,630.0,580.0,1080.0,,,,Pennsylvania State University-Penn State DuBois,Predominantly associate's-degree,Bachelor's
2739,25154.0,14408.0,24134.0,580.0,540.0,660.0,590.0,1170.0,,,,Pennsylvania State University-Penn State Fayette- Eberly,Predominantly bachelor's-degree,Bachelor's
2740,29677.0,15208.0,25392.0,550.0,540.0,660.0,630.0,1200.0,,,,Pennsylvania State University-Penn State Hazleton,Predominantly bachelor's-degree,Bachelor's
2741,39694.0,20644.0,41790.0,620.0,620.0,700.0,720.0,1337.0,27.0,32.0,,Pennsylvania State University-Main Campus,Predominantly bachelor's-degree,Graduate
2742,26214.0,14408.0,24134.0,560.0,520.0,620.0,660.0,1160.0,,,,Pennsylvania State University-Penn State Greater Allegheny,Predominantly bachelor's-degree,Bachelor's
2743,28841.0,14408.0,24134.0,500.0,480.0,650.0,650.0,1160.0,,,,Pennsylvania State University-Penn State Mont Alto,Predominantly bachelor's-degree,Bachelor's
2744,28795.0,15268.0,25664.0,540.0,530.0,635.0,630.0,1181.0,23.0,27.0,,Pennsylvania State University-Penn State Abington,Predominantly bachelor's-degree,Bachelor's
2745,30065.0,15208.0,25392.0,520.0,500.0,630.0,600.0,1130.0,,,,Pennsylvania State University-Penn State Schuylkill,Predominantly bachelor's-degree,Bachelor's
2746,27826.0,15208.0,25392.0,530.0,520.0,620.0,625.0,1140.0,22.0,28.0,,Pennsylvania State University-Penn State York,Predominantly bachelor's-degree,Graduate
2747,18660.0,15060.0,15060.0,,,,,,,,,Peirce College,Predominantly bachelor's-degree,Graduate
2748,23804.0,13654.0,13654.0,,,,,,,,,Penn Commercial Business/Technical School,Predominantly certificate-degree,Associate's
2750,66106.0,44600.0,44600.0,,,,,,,,,Pennsylvania Academy of the Fine Arts,Predominantly bachelor's-degree,Graduate
2753,43815.0,32150.0,32150.0,,,,,,,,,Pennsylvania College of Art and Design,Predominantly bachelor's-degree,Bachelor's
2754,89028.0,68686.0,68686.0,740.0,770.0,770.0,800.0,1553.0,34.0,36.0,34.0,University of Pennsylvania,Predominantly bachelor's-degree,Graduate
2755,46233.0,34009.0,34009.0,540.0,460.0,590.0,570.0,1110.0,,,,Cairn University-Langhorne,Predominantly bachelor's-degree,Graduate
2757,19172.0,4632.0,12744.0,,,,,,,,,Community College of Philadelphia,Predominantly associate's-degree,Associate's
2758,30478.0,14770.0,26644.0,510.0,500.0,620.0,580.0,1125.0,20.0,28.0,24.0,University of Pittsburgh-Bradford,Predominantly bachelor's-degree,Bachelor's
2759,30141.0,14710.0,26584.0,545.0,510.0,633.0,620.0,1160.0,17.0,26.0,22.0,University of Pittsburgh-Greensburg,Predominantly bachelor's-degree,Bachelor's
2760,30349.0,14906.0,26780.0,500.0,485.0,610.0,610.0,1105.0,22.0,27.0,24.0,University of Pittsburgh-Johnstown,Predominantly bachelor's-degree,Bachelor's
2761,38105.0,21926.0,41430.0,640.0,640.0,720.0,740.0,1370.0,29.0,33.0,31.0,University of Pittsburgh-Pittsburgh Campus,Predominantly bachelor's-degree,Graduate
2762,25231.0,11918.0,22210.0,,,,,,,,,University of Pittsburgh-Titusville,Predominantly associate's-degree,Associate's
2763,37350.0,18730.0,18730.0,,,,,,,,,Pittsburgh Institute of Aeronautics,Predominantly certificate-degree,Associate's
2766,52643.0,39570.0,39570.0,,,,,,,,22.0,Point Park University,Predominantly bachelor's-degree,Graduate
2769,14563.0,6480.0,12510.0,,,,,,,,,Reading Area Community College,Predominantly associate's-degree,Associate's
2770,29377.0,12225.0,12225.0,,,,,,,,,Reading Hospital School of Health Sciences,Predominantly certificate-degree,Certificate
2772,35504.0,29499.0,29499.0,,,,,,,,,Walnut Hill College,Predominantly associate's-degree,Bachelor's
2773,51621.0,35970.0,35970.0,,,,,,,,,Robert Morris University,Predominantly bachelor's-degree,Graduate
2774,29468.0,17402.0,17402.0,,,,,,,,,Rosedale Technical College,Predominantly associate's-degree,Associate's
2775,38498.0,23845.0,23845.0,,,,,,,,21.0,Rosemont College,Predominantly bachelor's-degree,Graduate
2776,59815.0,44000.0,44000.0,530.0,520.0,620.0,610.0,1155.0,21.0,27.0,,Saint Francis University,Predominantly bachelor's-degree,Graduate
2777,67954.0,53260.0,53260.0,590.0,580.0,680.0,670.0,1258.0,28.0,31.0,28.0,Saint Joseph's University - Philadelphia,Predominantly bachelor's-degree,Graduate
2778,56752.0,42396.0,42396.0,510.0,510.0,620.0,610.0,1116.0,20.0,27.0,25.0,Saint Vincent College,Predominantly bachelor's-degree,Graduate
2781,69552.0,53983.0,53983.0,590.0,570.0,660.0,658.0,1237.0,25.0,30.0,26.0,University of Scranton,Predominantly bachelor's-degree,Graduate
2782,56183.0,42944.0,42944.0,510.0,510.0,620.0,620.0,1117.0,19.0,27.0,,Seton Hill University,Predominantly bachelor's-degree,Graduate
2783,33489.0,16190.0,16190.0,,,,,,,,,UPMC Shadyside School of Nursing,Predominantly certificate-degree,Certificate
2784,14270.0,13431.0,13431.0,,,,,,,,,Laurel Technical Institute,Predominantly certificate-degree,Associate's
2785,30785.0,13720.0,15974.0,,,,,1120.0,16.0,28.0,,Shippensburg University of Pennsylvania,Predominantly bachelor's-degree,Graduate
2786,25537.0,10568.0,14676.0,500.0,480.0,610.0,580.0,1095.0,18.0,26.0,23.0,Slippery Rock University of Pennsylvania,Predominantly bachelor's-degree,Graduate
2789,27981.0,19905.0,19905.0,,,,,,,,,South Hills School of Business & Technology,Predominantly associate's-degree,Associate's
2792,75410.0,59850.0,59850.0,560.0,540.0,660.0,640.0,1232.0,21.0,29.0,,Susquehanna University,Predominantly bachelor's-degree,Graduate
2793,84103.0,65494.0,65494.0,740.0,750.0,770.0,790.0,1534.0,33.0,35.0,34.0,Swarthmore College,Predominantly bachelor's-degree,Bachelor's
2794,18694.0,9050.0,9050.0,,,,,,,,,Thaddeus Stevens College of Technology,Predominantly associate's-degree,Associate's
2795,22680.0,11512.0,11512.0,,,,,,,,,Talmudical Yeshiva of Philadelphia,Predominantly bachelor's-degree,Bachelor's
2796,40903.0,23011.0,38958.0,,,,,,,,,Temple University,Predominantly bachelor's-degree,Graduate
2798,53202.0,38344.0,38344.0,,,,,,,,21.0,Thiel College,Predominantly bachelor's-degree,Graduate
2799,64197.0,47505.0,47505.0,580.0,580.0,660.0,670.0,1243.0,25.0,30.0,28.0,Thomas Jefferson University,Predominantly bachelor's-degree,Graduate
2800,35574.0,18463.0,18463.0,,,,,,,,,Triangle Tech Inc-Pittsburgh,Predominantly associate's-degree,Associate's
2801,29990.0,18413.0,18413.0,,,,,,,,,Triangle Tech Inc-Greensburg,Predominantly associate's-degree,Associate's
2802,36076.0,18462.0,18462.0,,,,,,,,,Triangle Tech Inc-Dubois,Predominantly associate's-degree,Associate's
2804,76815.0,61210.0,61210.0,610.0,590.0,705.0,680.0,1310.0,28.0,32.0,30.0,Ursinus College,Predominantly bachelor's-degree,Bachelor's
2805,45422.0,25240.0,25240.0,,,,,,,,,University of Valley Forge,Predominantly bachelor's-degree,Graduate
2806,53511.0,32176.0,32176.0,,,,,,,,,Valley Forge Military College,Predominantly associate's-degree,Associate's
2808,84793.0,67776.0,67776.0,685.0,710.0,740.0,770.0,1460.0,32.0,34.0,33.0,Villanova University,Predominantly bachelor's-degree,Graduate
2810,42972.0,29392.0,29392.0,,,,,,,,26.0,Washington & Jefferson College,Predominantly bachelor's-degree,Graduate
2811,44397.0,30480.0,30480.0,470.0,460.0,630.0,620.0,1090.0,19.0,23.0,,Waynesburg University,Predominantly bachelor's-degree,Graduate
2813,28394.0,10775.0,22599.0,560.0,540.0,650.0,620.0,1187.0,24.0,28.0,26.0,West Chester University of Pennsylvania,Predominantly bachelor's-degree,Graduate
2814,29938.0,13410.0,13410.0,,,,,,,,,Western Pennsylvania Hospital School of Nursing,Predominantly certificate-degree,Certificate
2815,53003.0,40290.0,40290.0,,,,,,,,23.0,Westminster College,Predominantly bachelor's-degree,Graduate
2817,10573.0,6018.0,14424.0,,,,,,,,,Westmoreland County Community College,Predominantly associate's-degree,Associate's
2818,70621.0,55730.0,55730.0,550.0,530.0,650.0,640.0,1180.0,,,,Widener University,Predominantly bachelor's-degree,Graduate
2819,56765.0,43496.0,43496.0,530.0,490.0,630.0,620.0,1136.0,22.0,29.0,24.0,Wilkes University,Predominantly bachelor's-degree,Graduate
2820,37263.0,31611.0,31611.0,,,,,,,,,Williamson College of the Trades,Predominantly associate's-degree,Associate's
2821,39344.0,27100.0,27100.0,480.0,450.0,610.0,570.0,1000.0,,,,Wilson College,Predominantly bachelor's-degree,Graduate
2822,20400.0,10600.0,10600.0,,,,,,,,,Yeshivath Beth Moshe,Predominantly associate's-degree,Bachelor's
2823,37319.0,25588.0,25588.0,520.0,500.0,640.0,630.0,1162.0,21.0,28.0,25.0,York College of Pennsylvania,Predominantly bachelor's-degree,Graduate
2825,87648.0,71412.0,71412.0,740.0,770.0,780.0,800.0,1546.0,34.0,35.0,34.0,Brown University,Predominantly bachelor's-degree,Graduate
2826,69964.0,52677.0,52677.0,610.0,580.0,660.0,670.0,1265.0,27.0,28.0,28.0,Bryant University,Predominantly bachelor's-degree,Graduate
2827,60314.0,42419.0,42419.0,460.0,430.0,590.0,570.0,1050.0,22.0,27.0,,Johnson & Wales University-Providence,Predominantly bachelor's-degree,Graduate
2828,48543.0,37275.0,37275.0,,,,,,,,,New England Institute of Technology,Predominantly associate's-degree,Graduate
2830,80466.0,63550.0,63550.0,630.0,620.0,700.0,690.0,1346.0,29.0,32.0,29.0,Providence College,Predominantly bachelor's-degree,Graduate
2831,17454.0,11300.0,27299.0,450.0,420.0,580.0,540.0,990.0,,,,Rhode Island College,Predominantly bachelor's-degree,Graduate
2832,12725.0,5550.0,14834.0,,,,,,,,,Community College of Rhode Island,Predominantly associate's-degree,Associate's
2833,34321.0,16942.0,37146.0,520.0,500.0,650.0,630.0,1160.0,,,28.0,University of Rhode Island,Predominantly bachelor's-degree,Graduate
2834,81727.0,62688.0,62688.0,688.0,708.0,750.0,780.0,1473.0,31.0,34.0,31.0,Rhode Island School of Design,Predominantly bachelor's-degree,Graduate
2835,61950.0,44418.0,44418.0,580.0,560.0,660.0,650.0,1223.0,24.0,29.0,,Roger Williams University,Predominantly bachelor's-degree,Graduate
2836,70630.0,50100.0,50100.0,600.0,560.0,680.0,650.0,1232.0,26.0,29.0,,Salve Regina University,Predominantly bachelor's-degree,Graduate
2838,29902.0,14160.0,14160.0,,,,,,,,,Northpoint Bible College,Predominantly bachelor's-degree,Graduate
2839,13171.0,5174.0,7924.0,,,,,,,,,Aiken Technical College,Predominantly associate's-degree,Associate's
2840,23998.0,14304.0,14304.0,,,,,,,,,Allen University,Predominantly bachelor's-degree,Graduate
2841,50192.0,34970.0,34970.0,560.0,540.0,650.0,630.0,1202.0,22.0,29.0,,Anderson University,Predominantly bachelor's-degree,Graduate
2842,44558.0,32520.0,32520.0,480.0,450.0,600.0,560.0,1059.0,18.0,24.0,21.0,Charleston Southern University,Predominantly bachelor's-degree,Graduate
2843,23832.0,6156.0,11916.0,,,,,,,,,Technical College of the Lowcountry,Predominantly associate's-degree,Associate's
2844,32000.0,17440.0,17440.0,,,,,,,,,Benedict College,Predominantly bachelor's-degree,Graduate
2845,36580.0,24470.0,24470.0,,,,,,,,,Bob Jones University,Predominantly bachelor's-degree,Graduate
2846,39914.0,29800.0,29800.0,530.0,510.0,620.0,590.0,1140.0,22.0,28.0,21.0,Southern Wesleyan University,Predominantly bachelor's-degree,Graduate
2848,32362.0,12978.0,38296.0,590.0,550.0,670.0,640.0,1247.0,25.0,30.0,26.0,College of Charleston,Predominantly bachelor's-degree,Graduate
2849,18221.0,5664.0,6024.0,,,,,,,,,Northeastern Technical College,Predominantly certificate-degree,Associate's
2850,33880.0,12570.0,38508.0,540.0,545.0,640.0,645.0,1208.0,22.0,27.0,,Citadel Military College of South Carolina,Predominantly bachelor's-degree,Graduate
2851,33530.0,18282.0,18282.0,,,,,,,,,Claflin University,Predominantly bachelor's-degree,Graduate
2852,35015.0,15554.0,40866.0,620.0,620.0,700.0,710.0,1353.0,28.0,32.0,30.0,Clemson University,Predominantly bachelor's-degree,Graduate
2853,25015.0,11136.0,11136.0,,,,,,,,,Clinton College,Predominantly bachelor's-degree,Bachelor's
2854,45805.0,33416.0,33416.0,,,,,,,,20.0,Coker University,Predominantly bachelor's-degree,Graduate
2855,43045.0,27900.0,27900.0,,,,,,,,21.0,Columbia International University,Predominantly bachelor's-degree,Graduate
2856,35258.0,22214.0,22214.0,,,,,,,,,Columbia College,Predominantly bachelor's-degree,Graduate
2857,38838.0,25240.0,25240.0,510.0,500.0,630.0,620.0,1138.0,19.0,26.0,,Converse University,Predominantly bachelor's-degree,Graduate
2858,24590.0,6315.0,11955.0,,,,,,,,,Denmark Technical College,Predominantly certificate-degree,Associate's
2859,55248.0,36710.0,36710.0,,,,,,,,20.0,Erskine College,Predominantly bachelor's-degree,Graduate
2860,10731.0,4636.0,6772.0,,,,,,,,,Florence-Darlington Technical College,Predominantly associate's-degree,Associate's
2861,23850.0,11160.0,21544.0,450.0,420.0,575.0,540.0,1015.0,16.0,24.0,19.0,Francis Marion University,Predominantly bachelor's-degree,Graduate
2862,76798.0,59770.0,59770.0,650.0,610.0,720.0,710.0,1371.0,28.0,32.0,31.0,Furman University,Predominantly bachelor's-degree,Graduate
2863,20166.0,5495.0,10775.0,,,,,,,,,Greenville Technical College,Predominantly certificate-degree,Bachelor's
2864,11909.0,4468.0,8836.0,,,,,,,,,Horry-Georgetown Technical College,Predominantly associate's-degree,Associate's
2867,27277.0,11700.0,21300.0,490.0,460.0,608.0,570.0,1057.0,16.0,23.0,21.0,Lander University,Predominantly bachelor's-degree,Graduate
2868,40671.0,27800.0,27800.0,,,,,,,,,Limestone University,Predominantly bachelor's-degree,Graduate
2870,14274.0,5100.0,14700.0,,,,,,,,,Midlands Technical College,Predominantly associate's-degree,Associate's
2871,30148.0,16664.0,16664.0,,,,,,,,,Morris College,Predominantly bachelor's-degree,Bachelor's
2872,46442.0,31100.0,31100.0,,,,,,,,19.0,Newberry College,Predominantly bachelor's-degree,Graduate
2873,42034.0,25800.0,25800.0,540.0,520.0,630.0,610.0,1156.0,20.0,28.0,22.0,North Greenville University,Predominantly bachelor's-degree,Graduate
2874,15165.0,5210.0,8354.0,,,,,,,,,Orangeburg Calhoun Technical College,Predominantly certificate-degree,Associate's
2875,21746.0,4775.0,6923.0,,,,,,,,,Piedmont Technical College,Predominantly certificate-degree,Associate's
2876,60242.0,44910.0,44910.0,500.0,480.0,620.0,580.0,1118.0,21.0,26.0,23.0,Presbyterian College,Predominantly bachelor's-degree,Graduate
2877,21540.0,10760.0,21218.0,510.0,470.0,620.0,600.0,1120.0,19.0,26.0,20.0,University of South Carolina Aiken,Predominantly bachelor's-degree,Graduate
2878,24353.0,10730.0,21776.0,,,,,,,,,University of South Carolina Beaufort,Predominantly bachelor's-degree,Graduate
2879,31638.0,12688.0,35972.0,600.0,580.0,680.0,680.0,1297.0,26.0,32.0,29.0,University of South Carolina-Columbia,Predominantly bachelor's-degree,Graduate
2880,18682.0,7558.0,18238.0,,,,,,,,,University of South Carolina-Lancaster,Predominantly associate's-degree,Associate's
2881,19297.0,7558.0,18238.0,,,,,,,,,University of South Carolina-Salkehatchie,Predominantly associate's-degree,Associate's
2882,17964.0,7558.0,18238.0,,,,,,,,,University of South Carolina-Sumter,Predominantly associate's-degree,Associate's
2883,19112.0,7558.0,18238.0,,,,,,,,,University of South Carolina-Union,Predominantly associate's-degree,Associate's
2884,26692.0,11640.0,29628.0,530.0,520.0,620.0,600.0,1143.0,21.0,26.0,23.0,Coastal Carolina University,Predominantly bachelor's-degree,Graduate
2885,30015.0,11060.0,21750.0,,,,,,,,17.0,South Carolina State University,Predominantly bachelor's-degree,Graduate
2886,25124.0,11588.0,23090.0,510.0,495.0,605.0,570.0,1099.0,21.0,26.0,21.0,University of South Carolina-Upstate,Predominantly bachelor's-degree,Graduate
2888,32183.0,20650.0,20650.0,,,,,,,,,Spartanburg Methodist College,Predominantly associate's-degree,Bachelor's
2889,11505.0,5071.0,10135.0,,,,,,,,,Spartanburg Community College,Predominantly certificate-degree,Associate's
2890,13774.0,5715.0,9016.0,,,,,,,,,Central Carolina Technical College,Predominantly certificate-degree,Associate's
2891,25057.0,4448.0,11815.0,,,,,,,,,Tri-County Technical College,Predominantly certificate-degree,Associate's
2892,13408.0,4546.0,8620.0,,,,,,,,,Trident Technical College,Predominantly associate's-degree,Associate's
2893,25574.0,12630.0,12630.0,,,,,,,,,Voorhees University,Predominantly bachelor's-degree,Graduate
2894,15806.0,4488.0,8592.0,,,,,,,,,Williamsburg Technical College,Predominantly certificate-degree,Associate's
2895,30710.0,14678.0,28676.0,520.0,490.0,630.0,590.0,1139.0,20.0,27.0,23.0,Winthrop University,Predominantly bachelor's-degree,Graduate
2896,72441.0,56005.0,56005.0,608.0,590.0,680.0,663.0,1296.0,27.0,31.0,30.0,Wofford College,Predominantly bachelor's-degree,Bachelor's
2897,15395.0,8036.0,13340.0,,,,,,,,,York Technical College,Predominantly certificate-degree,Associate's
2898,55159.0,40160.0,40160.0,570.0,580.0,680.0,690.0,1195.0,21.0,27.0,25.0,Augustana University,Predominantly bachelor's-degree,Graduate
2900,21277.0,8764.0,11866.0,465.0,500.0,565.0,570.0,1087.0,18.0,24.0,21.0,Black Hills State University,Predominantly bachelor's-degree,Graduate
2901,25753.0,9654.0,12756.0,570.0,620.0,680.0,760.0,1215.0,20.0,27.0,23.0,Dakota State University,Predominantly bachelor's-degree,Graduate
2902,43864.0,33790.0,33790.0,,,,,,,,22.0,Dakota Wesleyan University,Predominantly bachelor's-degree,Graduate
2904,19637.0,6718.0,6718.0,,,,,,,,,Lake Area Technical College,Predominantly associate's-degree,Associate's
2905,16994.0,7524.0,7524.0,,,,,,,,,Mitchell Technical College,Predominantly associate's-degree,Associate's
2906,48247.0,34600.0,34600.0,,,,,1120.0,18.0,25.0,22.0,Mount Marty University,Predominantly bachelor's-degree,Graduate
2907,34452.0,16065.0,16065.0,,,,,,,,,National American University-Rapid City,Predominantly bachelor's-degree,Graduate
2909,22077.0,8845.0,11947.0,490.0,490.0,590.0,570.0,1089.0,18.0,24.0,21.0,Northern State University,Predominantly bachelor's-degree,Graduate
2910,10494.0,2684.0,2684.0,,,,,,,,,Oglala Lakota College,Predominantly associate's-degree,Graduate
2912,25385.0,10500.0,14900.0,560.0,580.0,660.0,680.0,1245.0,24.0,30.0,27.0,South Dakota School of Mines and Technology,Predominantly bachelor's-degree,Graduate
2913,24636.0,9299.0,12809.0,530.0,530.0,610.0,630.0,1120.0,19.0,25.0,22.0,South Dakota State University,Predominantly bachelor's-degree,Graduate
2914,20714.0,4714.0,4714.0,,,,,,,,,Sinte Gleska University,Predominantly associate's-degree,Graduate
2915,34274.0,21750.0,21750.0,,,,,,,,,University of Sioux Falls,Predominantly bachelor's-degree,Graduate
2917,9998.0,4330.0,4330.0,,,,,,,,,Sisseton Wahpeton College,Predominantly associate's-degree,Bachelor's
2918,20272.0,7650.0,7650.0,,,,,,,,,Southeast Technical College,Predominantly associate's-degree,Associate's
2920,24422.0,9432.0,12942.0,530.0,595.0,620.0,695.0,1125.0,19.0,25.0,22.0,University of South Dakota,Predominantly bachelor's-degree,Graduate
2921,18845.0,8294.0,8294.0,,,,,,,,,Western Dakota Technical College,Predominantly associate's-degree,Associate's
2922,27044.0,13604.0,13604.0,,,,,,,,,American Baptist College,Predominantly bachelor's-degree,Bachelor's
2925,22233.0,9006.0,14766.0,445.0,398.0,573.0,553.0,1088.0,18.0,24.0,21.0,Austin Peay State University,Predominantly bachelor's-degree,Graduate
2926,22227.0,13796.0,13796.0,,,,,1050.0,17.0,22.0,22.0,Baptist Health Sciences University,Predominantly bachelor's-degree,Graduate
2927,62570.0,42540.0,42540.0,600.0,560.0,690.0,660.0,1280.0,24.0,30.0,27.0,Belmont University,Predominantly bachelor's-degree,Graduate
2928,31203.0,18712.0,18712.0,410.0,420.0,570.0,550.0,972.0,15.0,21.0,18.0,Bethel University,Predominantly bachelor's-degree,Graduate
2929,31270.0,19800.0,19800.0,,,,,,,,,Bryan College-Dayton,Predominantly bachelor's-degree,Graduate
2930,49024.0,34700.0,34700.0,500.0,455.0,645.0,570.0,1117.0,19.0,25.0,22.0,Carson-Newman University,Predominantly bachelor's-degree,Graduate
2931,13348.0,4772.0,17756.0,,,,,,,,,Chattanooga State Community College,Predominantly associate's-degree,Associate's
2932,48038.0,38420.0,38420.0,460.0,560.0,700.0,680.0,1098.0,19.0,24.0,22.0,Christian Brothers University,Predominantly bachelor's-degree,Graduate
2935,14834.0,4762.0,17746.0,,,,,,,,,Cleveland State Community College,Predominantly certificate-degree,Associate's
2936,13179.0,5296.0,18112.0,,,,,,,,,Columbia State Community College,Predominantly associate's-degree,Associate's
2938,43358.0,27840.0,27840.0,,,,,,,,,Cumberland University,Predominantly bachelor's-degree,Graduate
2939,55117.0,40572.0,40572.0,590.0,570.0,700.0,680.0,1256.0,23.0,30.0,26.0,Lipscomb University,Predominantly bachelor's-degree,Graduate
2941,14329.0,4758.0,17742.0,,,,,,,,,Dyersburg State Community College,Predominantly associate's-degree,Associate's
2942,27042.0,10472.0,14522.0,510.0,470.0,620.0,580.0,1144.0,19.0,26.0,23.0,East Tennessee State University,Predominantly bachelor's-degree,Graduate
2943,37746.0,12709.0,12709.0,,,,,,,,,Chattanooga College Medical Dental and & Technical Careers,Predominantly certificate-degree,Certificate
2946,39450.0,25858.0,25858.0,570.0,570.0,720.0,790.0,1200.0,19.0,24.0,23.0,Fisk University,Predominantly bachelor's-degree,Graduate
2947,37072.0,21400.0,21400.0,,,,,,,,,Welch College,Predominantly bachelor's-degree,Graduate
2948,38315.0,25620.0,25620.0,481.0,471.0,549.0,538.0,1109.0,19.0,26.0,24.0,Freed-Hardeman University,Predominantly bachelor's-degree,Graduate
2953,15183.0,4740.0,17724.0,,,,,,,,,Jackson State Community College,Predominantly associate's-degree,Associate's
2954,28125.0,12223.0,12223.0,,,,,1020.0,18.0,23.0,21.0,John A Gupton College,Predominantly associate's-degree,Associate's
2955,34244.0,21122.0,21122.0,490.0,470.0,570.0,540.0,1078.0,18.0,24.0,22.0,Johnson University,Predominantly bachelor's-degree,Graduate
2957,49004.0,36194.0,36194.0,,,,,,,,21.0,King University,Predominantly bachelor's-degree,Graduate
2958,30954.0,18535.0,18535.0,,,,,,,,,South College,Predominantly associate's-degree,Graduate
2959,23441.0,11790.0,11790.0,,,,,,,,,Lane College,Predominantly bachelor's-degree,Bachelor's
2960,19001.0,12076.0,12076.0,,,,,,,,15.0,Le Moyne-Owen College,Predominantly bachelor's-degree,Bachelor's
2961,35688.0,23790.0,23790.0,540.0,500.0,630.0,600.0,1145.0,20.0,27.0,24.0,Lee University,Predominantly bachelor's-degree,Graduate
2962,41530.0,26938.0,26938.0,510.0,490.0,610.0,600.0,1092.0,18.0,24.0,22.0,Lincoln Memorial University,Predominantly bachelor's-degree,Graduate
2964,24750.0,10924.0,10924.0,435.0,470.0,555.0,555.0,1083.0,18.0,24.0,21.0,The University of Tennessee Southern,Predominantly bachelor's-degree,Graduate
2965,54622.0,39284.0,39284.0,,,,,,,,24.0,Maryville College,Predominantly bachelor's-degree,Graduate
2970,25169.0,10728.0,15384.0,480.0,435.0,600.0,580.0,1088.0,18.0,24.0,,University of Memphis,Predominantly bachelor's-degree,Graduate
2972,24289.0,10266.0,31574.0,520.0,490.0,630.0,600.0,1121.0,20.0,26.0,23.0,Middle Tennessee State University,Predominantly bachelor's-degree,Graduate
2975,24326.0,4738.0,17722.0,,,,,,,,,Motlow State Community College,Predominantly associate's-degree,Associate's
2978,14385.0,4730.0,17714.0,,,,,,,,,Nashville State Community College,Predominantly associate's-degree,Associate's
2982,71136.0,57110.0,57110.0,650.0,650.0,733.0,753.0,1362.0,26.0,32.0,30.0,Rhodes College,Predominantly bachelor's-degree,Graduate
2983,13397.0,4998.0,18630.0,,,,,,,,,Roane State Community College,Predominantly associate's-degree,Associate's
2985,12999.0,4778.0,17750.0,,,,,,,,,Southwest Tennessee Community College,Predominantly associate's-degree,Associate's
2987,71986.0,56120.0,56120.0,640.0,620.0,710.0,680.0,1344.0,27.0,31.0,29.0,The University of the South,Predominantly bachelor's-degree,Graduate
2993,13431.0,4786.0,17770.0,,,,,,,,,Pellissippi State Community College,Predominantly associate's-degree,Associate's
2994,38618.0,27300.0,27300.0,530.0,490.0,660.0,640.0,1129.0,19.0,25.0,,Southern Adventist University,Predominantly bachelor's-degree,Graduate
2996,39440.0,30814.0,30814.0,,,,,1090.0,19.0,23.0,21.0,Tennessee Wesleyan University,Predominantly bachelor's-degree,Graduate
2997,25489.0,10448.0,18512.0,513.0,500.0,620.0,590.0,1147.0,20.0,26.0,23.0,The University of Tennessee-Chattanooga,Predominantly bachelor's-degree,Graduate
2998,33678.0,13812.0,33256.0,600.0,600.0,680.0,690.0,1311.0,25.0,31.0,28.0,The University of Tennessee-Knoxville,Predominantly bachelor's-degree,Graduate
2999,23079.0,10560.0,16600.0,500.0,470.0,610.0,600.0,1120.0,19.0,25.0,22.0,The University of Tennessee-Martin,Predominantly bachelor's-degree,Graduate
3001,25637.0,8616.0,22416.0,460.0,420.0,540.0,510.0,1000.0,16.0,21.0,,Tennessee State University,Predominantly bachelor's-degree,Graduate
3002,25663.0,11376.0,15576.0,528.0,520.0,650.0,660.0,1151.0,20.0,27.0,,Tennessee Technological University,Predominantly bachelor's-degree,Graduate
3003,41548.0,31300.0,31300.0,510.0,470.0,610.0,625.0,1091.0,18.0,24.0,,Trevecca Nazarene University,Predominantly bachelor's-degree,Graduate
3004,15793.0,4782.0,17766.0,,,,,,,,,Northeast State Community College,Predominantly associate's-degree,Associate's
3005,43776.0,29250.0,29250.0,,,,,,,,22.0,Tusculum University,Predominantly bachelor's-degree,Graduate
3006,58363.0,40025.0,40025.0,600.0,560.0,710.0,680.0,1256.0,22.0,30.0,27.0,Union University,Predominantly bachelor's-degree,Graduate
3007,89590.0,67498.0,67498.0,730.0,770.0,770.0,800.0,1549.0,34.0,35.0,35.0,Vanderbilt University,Predominantly bachelor's-degree,Graduate
3008,16401.0,4756.0,17740.0,,,,,,,,,Volunteer State Community College,Predominantly associate's-degree,Associate's
3009,14313.0,4752.0,17736.0,,,,,,,,,Walters State Community College,Predominantly associate's-degree,Associate's
3010,21985.0,9723.0,9723.0,,,,,,,,,William R Moore College of Technology,Predominantly certificate-degree,Associate's
3011,59256.0,44200.0,44200.0,540.0,530.0,650.0,620.0,1194.0,22.0,28.0,25.0,Abilene Christian University,Predominantly bachelor's-degree,Graduate
3012,16962.0,1906.0,4402.0,,,,,,,,,Alvin Community College,Predominantly associate's-degree,Associate's
3013,10854.0,2136.0,4704.0,,,,,,,,,Amarillo College,Predominantly associate's-degree,Associate's
3015,14848.0,3430.0,6490.0,,,,,,,,,Angelina College,Predominantly certificate-degree,Associate's
3016,23441.0,8460.0,18300.0,470.0,440.0,590.0,560.0,1054.0,18.0,24.0,21.0,Angelo State University,Predominantly bachelor's-degree,Graduate
3017,33424.0,20830.0,20830.0,,,,,,,,,Arlington Baptist University,Predominantly bachelor's-degree,Graduate
3019,61607.0,48680.0,48680.0,550.0,550.0,660.0,650.0,1212.0,23.0,29.0,26.0,Austin College,Predominantly bachelor's-degree,Graduate
3020,15190.0,2550.0,10590.0,,,,,,,,,Austin Community College District,Predominantly associate's-degree,Bachelor's
3026,74226.0,58100.0,58100.0,610.0,590.0,700.0,700.0,1329.0,27.0,32.0,29.0,Baylor University,Predominantly bachelor's-degree,Graduate
3027,12875.0,2916.0,5226.0,,,,,,,,,Coastal Bend College,Predominantly associate's-degree,Associate's
3028,15252.0,4890.0,11370.0,,,,,,,,,Blinn College District,Predominantly associate's-degree,Associate's
3029,35534.0,15025.0,15025.0,,,,,,,,,Remington College-Dallas Campus,Predominantly certificate-degree,Bachelor's
3030,19973.0,16324.0,16324.0,,,,,,,,,Vet Tech Institute of Houston,Predominantly associate's-degree,Associate's
3031,12167.0,2388.0,4711.0,,,,,,,,,Brazosport College,Predominantly associate's-degree,Bachelor's
3032,13822.0,3750.0,7500.0,,,,,,,,,Central Texas College,Predominantly associate's-degree,Associate's
3034,17469.0,4710.0,7140.0,,,,,,,,,Cisco College,Predominantly associate's-degree,Associate's
3035,14589.0,3720.0,5400.0,,,,,,,,,Clarendon College,Predominantly certificate-degree,Associate's
3036,53020.0,23500.0,23500.0,,,,,,,,20.0,Concordia University Texas,Predominantly bachelor's-degree,Graduate
3038,10200.0,3600.0,5739.0,,,,,,,,,North Central Texas College,Predominantly associate's-degree,Associate's
3039,25210.0,9748.0,20794.0,500.0,470.0,610.0,583.0,1086.0,19.0,25.0,22.0,Texas A & M University-Corpus Christi,Predominantly bachelor's-degree,Graduate
3041,52716.0,40190.0,40190.0,490.0,470.0,620.0,593.0,1120.0,20.0,26.0,23.0,Dallas Baptist University,Predominantly bachelor's-degree,Graduate
3042,34502.0,21730.0,21730.0,397.0,391.0,522.0,566.0,931.0,15.0,19.0,,Dallas Christian College,Predominantly bachelor's-degree,Bachelor's
3043,27708.0,17640.0,17640.0,,,,,,,,,Dallas Institute of Funeral Service,Predominantly associate's-degree,Associate's
3045,68583.0,53930.0,53930.0,580.0,540.0,700.0,670.0,1227.0,22.0,29.0,28.0,University of Dallas,Predominantly bachelor's-degree,Graduate
3046,12895.0,3440.0,6050.0,,,,,,,,,Del Mar College,Predominantly associate's-degree,Bachelor's
3047,44211.0,30680.0,30680.0,,,,,,,,,East Texas Baptist University,Predominantly bachelor's-degree,Graduate
3048,23778.0,8349.0,45080.0,,,,,,,,21.0,Texas A&M University-Texarkana,Predominantly bachelor's-degree,Graduate
3049,23438.0,10026.0,22326.0,480.0,430.0,580.0,570.0,1076.0,18.0,24.0,21.0,East Texas A&M University,Predominantly bachelor's-degree,Graduate
3050,9704.0,2730.0,6900.0,,,,,,,,,Dallas College,Predominantly associate's-degree,Bachelor's
3051,13337.0,4080.0,6630.0,,,,,,,,,El Paso Community College,Predominantly associate's-degree,Associate's
3056,12877.0,3712.0,4882.0,,,,,,,,,Frank Phillips College,Predominantly certificate-degree,Associate's
3057,15338.0,2726.0,6176.0,,,,,,,,,Galveston College,Predominantly certificate-degree,Bachelor's
3059,14866.0,3052.0,6352.0,,,,,,,,,Grayson College,Predominantly certificate-degree,Bachelor's
3061,45904.0,32960.0,32960.0,510.0,500.0,600.0,590.0,1108.0,19.0,26.0,21.0,Hardin-Simmons University,Predominantly bachelor's-degree,Graduate
3062,14467.0,2640.0,5970.0,,,,,,,,,Trinity Valley Community College,Predominantly certificate-degree,Bachelor's
3063,13417.0,3570.0,3570.0,,,,,,,,,Hill College,Predominantly associate's-degree,Associate's
3064,50082.0,39430.0,39430.0,500.0,490.0,600.0,590.0,1084.0,17.0,24.0,25.0,Houston Christian University,Predominantly bachelor's-degree,Graduate
3065,24622.0,7770.0,21114.0,490.0,480.0,580.0,570.0,1060.0,20.0,25.0,20.0,University of Houston-Clear Lake,Predominantly bachelor's-degree,Graduate
3066,12009.0,2040.0,5460.0,,,,,,,,,Houston Community College,Predominantly associate's-degree,Associate's
3067,20749.0,7708.0,17548.0,480.0,460.0,560.0,550.0,1029.0,16.0,22.0,,University of Houston-Downtown,Predominantly bachelor's-degree,Graduate
3068,21401.0,7149.0,16989.0,,,,,,,,,University of Houston-Victoria,Predominantly bachelor's-degree,Graduate
3069,26185.0,9717.0,22547.0,590.0,570.0,670.0,670.0,1250.0,23.0,29.0,26.0,University of Houston,Predominantly bachelor's-degree,Graduate
3070,13858.0,2766.0,6716.0,,,,,,,,,Howard College,Predominantly associate's-degree,Associate's
3071,46766.0,34982.0,34982.0,440.0,440.0,610.0,550.0,1026.0,16.0,27.0,,Howard Payne University,Predominantly bachelor's-degree,Graduate
3072,25384.0,26709.0,26709.0,430.0,370.0,590.0,570.0,1014.0,16.0,28.0,17.0,Huston-Tillotson University,Predominantly bachelor's-degree,Graduate
3073,48681.0,37090.0,37090.0,,,,,,,,20.0,University of the Incarnate Word,Predominantly bachelor's-degree,Graduate
3074,19359.0,8850.0,8850.0,,,,,,,,,Jacksonville College-Main Campus,Predominantly associate's-degree,Associate's
3075,25185.0,11720.0,11720.0,,,,,,,,,Jarvis Christian University,Predominantly bachelor's-degree,Graduate
3076,29037.0,20521.0,20521.0,,,,,,,,,KD Conservatory College of Film and Dramatic Arts,Predominantly associate's-degree,Associate's
3077,14080.0,2160.0,5256.0,,,,,,,,,Kilgore College,Predominantly associate's-degree,Associate's
3078,22254.0,8905.0,18745.0,480.0,450.0,580.0,560.0,1061.0,18.0,25.0,20.0,Lamar University,Predominantly bachelor's-degree,Graduate
3079,7264.0,3540.0,17280.0,,,,,,,,,Lamar State College-Orange,Predominantly certificate-degree,Associate's
3080,10754.0,1770.0,8070.0,,,,,,,,,Lamar State College-Port Arthur,Predominantly associate's-degree,Associate's
3081,11469.0,3300.0,5748.0,,,,,,,,,Laredo College,Predominantly associate's-degree,Bachelor's
3082,15558.0,7894.0,19454.0,470.0,420.0,560.0,530.0,993.0,16.0,22.0,18.0,Texas A & M International University,Predominantly bachelor's-degree,Graduate
3083,12107.0,2520.0,5190.0,,,,,,,,,Lee College,Predominantly certificate-degree,Associate's
3084,51124.0,37160.0,37160.0,500.0,490.0,660.0,670.0,1208.0,21.0,30.0,26.0,LeTourneau University,Predominantly bachelor's-degree,Graduate
3086,41944.0,28540.0,28540.0,500.0,450.0,610.0,580.0,1100.0,19.0,27.0,23.0,Lubbock Christian University,Predominantly bachelor's-degree,Graduate
3087,8357.0,2310.0,4140.0,,,,,,,,,College of the Mainland,Predominantly associate's-degree,Bachelor's
3088,46874.0,32020.0,32020.0,490.0,470.0,610.0,590.0,1099.0,19.0,26.0,22.0,University of Mary Hardin-Baylor,Predominantly bachelor's-degree,Graduate
3089,12920.0,3660.0,5910.0,,,,,,,,,McLennan Community College,Predominantly associate's-degree,Associate's
3090,43778.0,32340.0,32340.0,490.0,460.0,590.0,570.0,1043.0,18.0,24.0,24.0,McMurry University,Predominantly bachelor's-degree,Graduate
3092,12707.0,3180.0,6180.0,,,,,,,,,Midland College,Predominantly certificate-degree,Bachelor's
3093,22652.0,10580.0,12530.0,,,,,,,,,Midwestern State University,Predominantly bachelor's-degree,Graduate
3095,25506.0,17692.0,17692.0,,,,,,,,,Wade College,Predominantly bachelor's-degree,Bachelor's
3098,18757.0,3008.0,6578.0,,,,,,,,,Navarro College,Predominantly associate's-degree,Bachelor's
3099,15521.0,3330.0,9390.0,,,,,,,,,Lone Star College System,Predominantly associate's-degree,Bachelor's
3100,26243.0,11309.0,21149.0,500.0,480.0,630.0,600.0,1109.0,19.0,27.0,23.0,University of North Texas,Predominantly bachelor's-degree,Graduate
3101,13564.0,2980.0,5620.0,,,,,,,,,Northeast Texas Community College,Predominantly associate's-degree,Associate's
3104,13086.0,2688.0,4926.0,,,,,,,,,Odessa College,Predominantly associate's-degree,Bachelor's
3107,42865.0,32106.0,32106.0,,,,,,,,19.0,Our Lady of the Lake University,Predominantly bachelor's-degree,Graduate
3108,16830.0,9987.0,19827.0,460.0,420.0,560.0,530.0,985.0,15.0,21.0,,The University of Texas Rio Grande Valley,Predominantly bachelor's-degree,Graduate
3109,10999.0,3148.0,4948.0,,,,,,,,,Texas Southmost College,Predominantly associate's-degree,Associate's
3110,13654.0,2352.0,5232.0,,,,,,,,,Panola College,Predominantly certificate-degree,Associate's
3111,13626.0,2700.0,5700.0,,,,,,,,,Paris Junior College,Predominantly certificate-degree,Associate's
3112,23587.0,13498.0,13498.0,,,,,,,,,Paul Quinn College,Predominantly bachelor's-degree,Graduate
3113,26362.0,11299.0,26874.0,450.0,410.0,550.0,530.0,980.0,16.0,21.0,19.0,Prairie View A & M University,Predominantly bachelor's-degree,Graduate
3114,15017.0,2766.0,9066.0,,,,,,,,,Ranger College,Predominantly associate's-degree,Associate's
3115,29992.0,16757.0,16757.0,,,,,,,,,Aviation Institute of Maintenance-Houston,Predominantly certificate-degree,Certificate
3116,79788.0,64144.0,64144.0,740.0,770.0,770.0,800.0,1553.0,34.0,35.0,35.0,Rice University,Predominantly bachelor's-degree,Graduate
3117,66719.0,51384.0,51384.0,500.0,470.0,630.0,610.0,1138.0,22.0,28.0,,Saint Edward's University,Predominantly bachelor's-degree,Graduate
3118,11985.0,3412.0,9952.0,,,,,,,,,St Philip's College,Predominantly certificate-degree,Associate's
3119,45672.0,34634.0,34634.0,500.0,480.0,610.0,600.0,1090.0,18.0,25.0,21.0,University of St Thomas,Predominantly bachelor's-degree,Graduate
3120,25505.0,9228.0,19068.0,480.0,450.0,570.0,550.0,1041.0,17.0,24.0,21.0,Sam Houston State University,Predominantly bachelor's-degree,Graduate
3121,12343.0,3412.0,9952.0,,,,,,,,,San Antonio College,Predominantly associate's-degree,Bachelor's
3122,21293.0,2490.0,6690.0,,,,,,,,,San Jacinto Community College,Predominantly associate's-degree,Bachelor's
3123,48004.0,39266.0,39266.0,,,,,,,,21.0,Schreiner University,Predominantly bachelor's-degree,Graduate
3125,47999.0,37434.0,37434.0,465.0,435.0,665.0,645.0,1089.0,15.0,27.0,,St. Mary's University,Predominantly bachelor's-degree,Graduate
3126,13784.0,2731.0,5155.0,,,,,,,,,South Plains College,Predominantly associate's-degree,Associate's
3131,85606.0,67040.0,67040.0,670.0,670.0,740.0,750.0,1428.0,30.0,34.0,33.0,Southern Methodist University,Predominantly bachelor's-degree,Graduate
3133,13554.0,2646.0,6294.0,,,,,,,,,Southwest Texas College,Predominantly associate's-degree,Associate's
3134,34504.0,25064.0,25064.0,460.0,430.0,550.0,540.0,980.0,,,20.0,Nelson University,Predominantly bachelor's-degree,Graduate
3135,67493.0,53813.0,53813.0,580.0,550.0,670.0,630.0,1241.0,26.0,30.0,28.0,Southwestern University,Predominantly bachelor's-degree,Bachelor's
3136,25791.0,11128.0,23426.0,500.0,470.0,600.0,570.0,1066.0,18.0,24.0,21.0,Stephen F Austin State University,Predominantly bachelor's-degree,Graduate
3137,28073.0,11450.0,22930.0,500.0,480.0,610.0,590.0,1103.0,19.0,25.0,22.0,Texas State University,Predominantly bachelor's-degree,Graduate
3138,35592.0,25380.0,25380.0,465.0,445.0,610.0,590.0,1031.0,17.0,25.0,21.0,Southwestern Adventist University,Predominantly bachelor's-degree,Graduate
3139,21854.0,14638.0,14638.0,,,,,,,,,Southwestern Christian College,Predominantly associate's-degree,Bachelor's
3140,24529.0,7592.0,17672.0,470.0,460.0,550.0,560.0,1024.0,15.0,24.0,16.0,Sul Ross State University,Predominantly bachelor's-degree,Graduate
3141,24100.0,8302.0,18142.0,500.0,480.0,590.0,570.0,1075.0,19.0,24.0,20.0,Tarleton State University,Predominantly bachelor's-degree,Graduate
3142,11130.0,1863.0,8370.0,,,,,,,,,Tarrant County College District,Predominantly associate's-degree,Associate's
3143,14200.0,3000.0,7224.0,,,,,,,,,Temple College,Predominantly associate's-degree,Associate's
3147,15998.0,2476.0,5332.0,,,,,,,,,Texarkana College,Predominantly certificate-degree,Associate's
3148,24060.0,9892.0,25746.0,510.0,480.0,550.0,560.0,1050.0,,,19.0,Texas A&M University-Kingsville,Predominantly bachelor's-degree,Graduate
3149,32696.0,13154.0,40124.0,580.0,570.0,690.0,710.0,1280.0,25.0,31.0,28.0,Texas A&M University-College Station,Predominantly bachelor's-degree,Graduate
3150,25261.0,11950.0,29582.0,510.0,500.0,620.0,620.0,1124.0,19.0,27.0,23.0,The University of Texas at Arlington,Predominantly bachelor's-degree,Graduate
3151,31247.0,11688.0,44908.0,630.0,620.0,740.0,770.0,1395.0,27.0,33.0,30.0,The University of Texas at Austin,Predominantly bachelor's-degree,Graduate
3152,29807.0,14644.0,40144.0,580.0,580.0,690.0,720.0,1286.0,24.0,32.0,,The University of Texas at Dallas,Predominantly bachelor's-degree,Graduate
3153,19836.0,9744.0,25502.0,450.0,410.0,550.0,530.0,962.0,17.0,22.0,,The University of Texas at El Paso,Predominantly bachelor's-degree,Graduate
3154,24505.0,9736.0,25494.0,510.0,500.0,610.0,590.0,1114.0,20.0,26.0,22.0,The University of Texas at Tyler,Predominantly bachelor's-degree,Graduate
3156,76604.0,61740.0,61740.0,580.0,560.0,680.0,670.0,1298.0,26.0,31.0,29.0,Texas Christian University,Predominantly bachelor's-degree,Graduate
3157,20339.0,10008.0,10008.0,,,,,,,,,Texas College,Predominantly bachelor's-degree,Bachelor's
3159,50002.0,36230.0,36230.0,,,,,,,,,Texas Lutheran University,Predominantly bachelor's-degree,Graduate
3160,23886.0,9236.0,21504.0,470.0,440.0,570.0,560.0,1033.0,17.0,23.0,20.0,The University of Texas Permian Basin,Predominantly bachelor's-degree,Graduate
3161,22352.0,9011.0,22051.0,510.0,490.0,620.0,600.0,1105.0,19.0,25.0,22.0,The University of Texas at San Antonio,Predominantly bachelor's-degree,Graduate
3162,27052.0,9173.0,21473.0,420.0,380.0,520.0,480.0,914.0,15.0,19.0,17.0,Texas Southern University,Predominantly bachelor's-degree,Graduate
3163,27443.0,11852.0,24451.0,550.0,540.0,640.0,640.0,1190.0,23.0,28.0,26.0,Texas Tech University,Predominantly bachelor's-degree,Graduate
3164,57451.0,39582.0,39582.0,500.0,520.0,520.0,580.0,1070.0,,,19.0,Texas Wesleyan University,Predominantly bachelor's-degree,Graduate
3165,22234.0,8640.0,18480.0,,,,,,,,21.0,Texas Woman's University,Predominantly bachelor's-degree,Graduate
3166,68224.0,53676.0,53676.0,680.0,660.0,750.0,750.0,1416.0,31.0,34.0,31.0,Trinity University,Predominantly bachelor's-degree,Graduate
3169,16654.0,2400.0,4512.0,,,,,,,,,Tyler Junior College,Predominantly associate's-degree,Bachelor's
3172,14564.0,3720.0,6120.0,,,,,,,,,Vernon College,Predominantly associate's-degree,Associate's
3174,10514.0,2976.0,5328.0,,,,,,,,,Victoria College,Predominantly associate's-degree,Associate's
3176,36323.0,23782.0,23782.0,,,,,,,,,Wayland Baptist University,Predominantly bachelor's-degree,Graduate
3177,15978.0,5250.0,10860.0,,,,,,,,,Weatherford College,Predominantly associate's-degree,Bachelor's
3178,23482.0,9101.0,10996.0,480.0,470.0,590.0,580.0,1050.0,18.0,23.0,21.0,West Texas A & M University,Predominantly bachelor's-degree,Graduate
3179,13335.0,3300.0,6150.0,,,,,,,,,Western Texas College,Predominantly associate's-degree,Associate's
3180,11463.0,3192.0,5904.0,,,,,,,,,Wharton County Junior College,Predominantly associate's-degree,Associate's
3181,19097.0,12500.0,12500.0,,,,,,,,,Wiley University,Predominantly bachelor's-degree,Bachelor's
3183,22690.0,6688.0,6688.0,640.0,630.0,730.0,730.0,1376.0,28.0,32.0,29.0,Brigham Young University,Predominantly bachelor's-degree,Graduate
3184,25098.0,6630.0,6630.0,480.0,480.0,620.0,570.0,1130.0,21.0,25.0,24.0,Brigham Young University-Hawaii,Predominantly bachelor's-degree,Bachelor's
3188,20763.0,6306.0,18246.0,,,,,,,,,Utah Tech University,Predominantly certificate-degree,Graduate
3192,33765.0,16548.0,16548.0,,,,,,,,,Eagle Gate College-Murray,Predominantly bachelor's-degree,Graduate
3193,14145.0,4004.0,4004.0,,,,,,,,,Ensign College,Predominantly certificate-degree,Bachelor's
3195,12514.0,4338.0,14288.0,,,,,,,,,Snow College,Predominantly associate's-degree,Bachelor's
3196,19416.0,6962.0,21192.0,,,,,,,,23.0,Southern Utah University,Predominantly associate's-degree,Graduate
3198,21654.0,9228.0,24802.0,540.0,530.0,650.0,640.0,1187.0,20.0,28.0,25.0,Utah State University,Predominantly certificate-degree,Graduate
3199,14765.0,6507.0,18489.0,,,,,,,,,Utah Valley University,Predominantly associate's-degree,Graduate
3200,14417.0,4426.0,14244.0,,,,,,,,,Salt Lake Community College,Predominantly associate's-degree,Associate's
3201,25557.0,9620.0,30860.0,600.0,590.0,690.0,690.0,1257.0,22.0,29.0,26.0,University of Utah,Predominantly bachelor's-degree,Graduate
3202,16035.0,6557.0,17545.0,,,,,,,,,Weber State University,Predominantly associate's-degree,Graduate
3203,57616.0,43528.0,43528.0,540.0,530.0,670.0,640.0,1220.0,23.0,29.0,27.0,Westminster University,Predominantly bachelor's-degree,Graduate
3204,87284.0,66262.0,66262.0,703.0,588.0,750.0,653.0,1364.0,30.0,32.0,,Bennington College,Predominantly bachelor's-degree,Graduate
3205,65009.0,47850.0,47850.0,620.0,600.0,700.0,680.0,1312.0,26.0,29.0,,Champlain College,Predominantly bachelor's-degree,Graduate
3206,21123.0,6920.0,13640.0,,,,,,,,,Community College of Vermont,Predominantly associate's-degree,Associate's
3207,85880.0,67600.0,67600.0,720.0,725.0,760.0,790.0,1508.0,33.0,35.0,33.0,Middlebury College,Predominantly bachelor's-degree,Graduate
3208,67357.0,49740.0,49740.0,540.0,520.0,650.0,670.0,1190.0,,,,Norwich University,Predominantly bachelor's-degree,Graduate
3210,69079.0,51450.0,51450.0,570.0,550.0,660.0,620.0,1245.0,26.0,31.0,,Saint Michael's College,Predominantly bachelor's-degree,Graduate
3212,54410.0,40760.0,40760.0,,,,,,,,,Sterling College,Predominantly bachelor's-degree,Bachelor's
3214,25988.0,11952.0,22296.0,,,,,,,,,Vermont State University,Predominantly bachelor's-degree,Graduate
3215,35649.0,19058.0,45502.0,660.0,630.0,730.0,710.0,1374.0,30.0,32.0,31.0,University of Vermont,Predominantly bachelor's-degree,Graduate
3217,23713.0,14568.0,14568.0,,,,,,,,,Advanced Technology Institute,Predominantly certificate-degree,Associate's
3218,53460.0,38550.0,38550.0,448.0,478.0,583.0,560.0,1135.0,15.0,28.0,20.0,Averett University,Predominantly bachelor's-degree,Graduate
3219,20788.0,5646.0,12084.0,,,,,,,,,Blue Ridge Community College,Predominantly certificate-degree,Associate's
3220,42539.0,26770.0,26770.0,,,,,,,,,Bluefield University,Predominantly bachelor's-degree,Graduate
3221,58702.0,16090.0,16090.0,550.0,470.0,680.0,680.0,1180.0,,,25.0,Bridgewater College,Predominantly bachelor's-degree,Graduate
3222,43035.0,25914.0,51038.0,710.0,690.0,760.0,770.0,1473.0,32.0,34.0,33.0,William & Mary,Predominantly bachelor's-degree,Graduate
3223,32838.0,21650.0,21650.0,530.0,460.0,650.0,600.0,1153.0,19.0,26.0,26.0,Regent University,Predominantly bachelor's-degree,Graduate
3225,12829.0,5157.0,11595.0,,,,,,,,,Central Virginia Community College,Predominantly certificate-degree,Associate's
3226,33766.0,16828.0,31178.0,550.0,510.0,660.0,630.0,1180.0,25.0,30.0,27.0,Christopher Newport University,Predominantly bachelor's-degree,Graduate
3227,23803.0,18489.0,18489.0,,,,,,,,,Bryant & Stratton College-Virginia Beach,Predominantly associate's-degree,Bachelor's
3228,12565.0,5022.0,11460.0,,,,,,,,,Mountain Gateway Community College,Predominantly certificate-degree,Associate's
3229,14126.0,4992.0,11430.0,,,,,,,,,Danville Community College,Predominantly certificate-degree,Associate's
3232,52854.0,39000.0,39000.0,548.0,503.0,640.0,583.0,1135.0,20.0,26.0,,Emory & Henry University,Predominantly bachelor's-degree,Graduate
3233,56756.0,43920.0,43920.0,,,,,,,,30.0,Eastern Mennonite University,Predominantly bachelor's-degree,Graduate
3234,10998.0,5082.0,11520.0,,,,,,,,,Eastern Shore Community College,Predominantly certificate-degree,Associate's
3235,54526.0,28520.0,28520.0,,,,,,,,21.0,Ferrum College,Predominantly bachelor's-degree,Graduate
3236,28604.0,14220.0,38688.0,580.0,580.0,680.0,680.0,1274.0,25.0,30.0,28.0,George Mason University,Predominantly bachelor's-degree,Graduate
3237,12249.0,5257.0,11648.0,,,,,,,,,Germanna Community College,Predominantly certificate-degree,Associate's
3238,70325.0,54550.0,54550.0,520.0,510.0,640.0,610.0,1207.0,23.0,28.0,24.0,Hampden-Sydney College,Predominantly bachelor's-degree,Bachelor's
3239,46027.0,30592.0,30592.0,411.0,379.0,558.0,532.0,969.0,13.0,22.0,,Hampton University,Predominantly bachelor's-degree,Graduate
3240,58698.0,43560.0,43560.0,610.0,540.0,700.0,640.0,1230.0,,,,Hollins University,Predominantly bachelor's-degree,Graduate
3241,12428.0,5280.0,11718.0,,,,,,,,,J Sargeant Reynolds Community College,Predominantly associate's-degree,Associate's
3242,31735.0,14250.0,31604.0,600.0,570.0,680.0,660.0,1256.0,24.0,29.0,27.0,James Madison University,Predominantly bachelor's-degree,Graduate
3243,12196.0,5082.0,11520.0,,,,,,,,,Brightpoint Community College,Predominantly associate's-degree,Associate's
3244,42025.0,22465.0,22465.0,,,,,,,,,Liberty University,Predominantly bachelor's-degree,Graduate
3245,34588.0,15744.0,27978.0,530.0,500.0,630.0,580.0,1120.0,19.0,26.0,20.0,Longwood University,Predominantly bachelor's-degree,Graduate
3246,12110.0,5072.0,11510.0,,,,,,,,,Laurel Ridge Community College,Predominantly certificate-degree,Associate's
3247,50067.0,36750.0,36750.0,520.0,460.0,620.0,610.0,1125.0,,,,University of Lynchburg,Predominantly bachelor's-degree,Graduate
3249,45935.0,34152.0,34152.0,,,,,,,,,Mary Baldwin University,Predominantly bachelor's-degree,Graduate
3250,31137.0,14640.0,27560.0,610.0,560.0,710.0,660.0,1272.0,27.0,31.0,29.0,University of Mary Washington,Predominantly bachelor's-degree,Graduate
3251,57184.0,40920.0,40920.0,,,,,,,,,Marymount University,Predominantly bachelor's-degree,Graduate
3253,15605.0,5007.0,11445.0,,,,,,,,,Mountain Empire Community College,Predominantly certificate-degree,Associate's
3254,25159.0,10961.0,10961.0,,,,,,,,,American National University,Predominantly associate's-degree,Graduate
3255,13864.0,4979.0,11417.0,,,,,,,,,New River Community College,Predominantly certificate-degree,Associate's
3257,31796.0,16337.0,16337.0,,,,,,,,,Tidewater Tech-Trades,Predominantly certificate-degree,Certificate
3258,26633.0,10180.0,21682.0,430.0,393.0,520.0,510.0,927.0,16.0,22.0,18.0,Norfolk State University,Predominantly bachelor's-degree,Graduate
3259,17153.0,5891.0,12409.0,,,,,,,,,Northern Virginia Community College,Predominantly associate's-degree,Associate's
3260,29446.0,12750.0,33780.0,570.0,530.0,650.0,630.0,1197.0,24.0,29.0,24.0,Old Dominion University,Predominantly bachelor's-degree,Graduate
3261,12043.0,5002.0,11440.0,,,,,,,,,Patrick & Henry Community College,Predominantly associate's-degree,Associate's
3262,10577.0,5012.0,11450.0,,,,,,,,,Paul D Camp Community College,Predominantly associate's-degree,Associate's
3264,13297.0,5072.0,11510.0,,,,,,,,,Piedmont Virginia Community College,Predominantly associate's-degree,Associate's
3265,28405.0,12548.0,25633.0,490.0,450.0,600.0,560.0,1060.0,19.0,26.0,21.0,Radford University,Predominantly bachelor's-degree,Graduate
3267,63985.0,49466.0,49466.0,500.0,480.0,630.0,590.0,1095.0,21.0,27.0,,Randolph-Macon College,Predominantly bachelor's-degree,Bachelor's
3268,45040.0,30310.0,30310.0,550.0,550.0,620.0,590.0,1134.0,19.0,26.0,25.0,Randolph College,Predominantly bachelor's-degree,Graduate
3269,12333.0,5102.0,11540.0,,,,,,,,,Rappahannock Community College,Predominantly certificate-degree,Associate's
3270,32005.0,14801.0,14801.0,,,,,,,,,Fortis College-Norfolk,Predominantly certificate-degree,Associate's
3271,24206.0,9090.0,14970.0,,,,,,,,,Richard Bland College,Predominantly associate's-degree,Associate's
3273,80961.0,65230.0,65230.0,700.0,710.0,750.0,780.0,1497.0,33.0,35.0,,University of Richmond,Predominantly bachelor's-degree,Graduate
3274,27018.0,17250.0,17250.0,,,,,,,,,Riverside College of Health Careers,Predominantly associate's-degree,Bachelor's
3275,54283.0,38068.0,38068.0,560.0,530.0,660.0,640.0,1211.0,24.0,31.0,25.0,Roanoke College,Predominantly bachelor's-degree,Graduate
3277,51928.0,36950.0,36950.0,,,,,,,,,Shenandoah University,Predominantly bachelor's-degree,Graduate
3278,21203.0,11739.0,11739.0,,,,,,,,,Southeastern Free Will Baptist Bible College,Predominantly bachelor's-degree,Bachelor's
3279,34431.0,21280.0,21280.0,,,,,,,,22.0,Southern Virginia University,Predominantly bachelor's-degree,Bachelor's
3280,14036.0,5007.0,11445.0,,,,,,,,,Southside Virginia Community College,Predominantly certificate-degree,Associate's
3281,13775.0,5075.0,11513.0,,,,,,,,,Southwest Virginia Community College,Predominantly certificate-degree,Associate's
3283,25158.0,13920.0,13920.0,,,,,,,,,Strayer University-Virginia,Predominantly bachelor's-degree,Graduate
3284,43898.0,26160.0,26160.0,560.0,540.0,670.0,640.0,1230.0,,,25.0,Sweet Briar College,Predominantly bachelor's-degree,Bachelor's
3285,13576.0,5088.0,11526.0,,,,,,,,,Virginia Peninsula Community College,Predominantly associate's-degree,Associate's
3286,19788.0,5588.0,12296.0,,,,,,,,,Tidewater Community College,Predominantly associate's-degree,Associate's
3288,26593.0,11780.0,28010.0,520.0,425.0,580.0,540.0,1050.0,18.0,22.0,22.0,University of Virginia's College at Wise,Predominantly bachelor's-degree,Bachelor's
3289,12955.0,5022.0,11460.0,,,,,,,,,Virginia Highlands Community College,Predominantly certificate-degree,Associate's
3290,36951.0,15948.0,37764.0,640.0,640.0,710.0,740.0,1364.0,28.0,32.0,29.0,Virginia Polytechnic Institute and State University,Predominantly bachelor's-degree,Graduate
3291,11768.0,5400.0,11838.0,,,,,,,,,Virginia Western Community College,Predominantly certificate-degree,Associate's
3292,38954.0,16945.0,40109.0,520.0,490.0,650.0,620.0,1137.0,22.0,30.0,25.0,Virginia Commonwealth University,Predominantly bachelor's-degree,Graduate
3293,39926.0,21803.0,59512.0,700.0,710.0,760.0,780.0,1480.0,32.0,35.0,34.0,University of Virginia-Main Campus,Predominantly bachelor's-degree,Graduate
3294,34824.0,21046.0,52638.0,550.0,500.0,630.0,640.0,1244.0,24.0,31.0,25.0,Virginia Military Institute,Predominantly bachelor's-degree,Bachelor's
3296,25328.0,11360.0,11360.0,,,,,,,,,Virginia University of Lynchburg,Predominantly associate's-degree,Graduate
3297,27661.0,10043.0,22650.0,440.0,400.0,550.0,520.0,948.0,14.0,20.0,18.0,Virginia State University,Predominantly bachelor's-degree,Graduate
3298,29075.0,17450.0,17450.0,450.0,400.0,475.0,410.0,850.0,,,16.0,Virginia Union University,Predominantly bachelor's-degree,Graduate
3299,51255.0,37500.0,37500.0,,,,,,,,29.0,Virginia Wesleyan University,Predominantly bachelor's-degree,Graduate
3300,87000.0,68045.0,68045.0,710.0,720.0,760.0,780.0,1498.0,33.0,34.0,34.0,Washington and Lee University,Predominantly bachelor's-degree,Graduate
3301,12111.0,5007.0,11445.0,,,,,,,,,Wytheville Community College,Predominantly certificate-degree,Associate's
3302,20309.0,4436.0,10502.0,,,,,,,,,Bellevue College,Predominantly associate's-degree,Bachelor's
3303,16104.0,4431.0,5809.0,,,,,,,,,Bellingham Technical College,Predominantly certificate-degree,Bachelor's
3304,21661.0,5059.0,5619.0,,,,,,,,,Big Bend Community College,Predominantly associate's-degree,Bachelor's
3305,28816.0,9417.0,27526.0,,,,,,,,,Central Washington University,Predominantly bachelor's-degree,Graduate
3306,19910.0,5266.0,5651.0,,,,,,,,,Centralia College,Predominantly associate's-degree,Bachelor's
3309,19668.0,5233.0,11183.0,,,,,,,,,Clark College,Predominantly associate's-degree,Bachelor's
3310,18882.0,6634.0,6634.0,,,,,,,,,Clover Park Technical College,Predominantly certificate-degree,Bachelor's
3311,18261.0,6555.0,8668.0,,,,,,,,,Columbia Basin College,Predominantly associate's-degree,Bachelor's
3312,60273.0,41684.0,41684.0,,,,,,,,,Cornish College of the Arts,Predominantly bachelor's-degree,Bachelor's
3314,24478.0,8586.0,25959.0,,,,,,,,,Eastern Washington University,Predominantly bachelor's-degree,Graduate
3315,20062.0,4810.0,10875.0,,,,,,,,,Edmonds College,Predominantly associate's-degree,Bachelor's
3316,20451.0,5032.0,11171.0,,,,,,,,,Everett Community College,Predominantly associate's-degree,Associate's
3317,28477.0,9264.0,31905.0,540.0,495.0,663.0,590.0,1216.0,23.0,29.0,23.0,The Evergreen State College,Predominantly bachelor's-degree,Graduate
3318,18085.0,5418.0,5976.0,,,,,,,,,Pierce College District,Predominantly associate's-degree,Bachelor's
3319,73178.0,55480.0,55480.0,600.0,590.0,700.0,680.0,1335.0,27.0,31.0,29.0,Gonzaga University,Predominantly bachelor's-degree,Graduate
3320,15708.0,5593.0,12553.0,,,,,,,,,Grays Harbor College,Predominantly associate's-degree,Bachelor's
3321,22040.0,4711.0,5263.0,,,,,,,,,Green River College,Predominantly associate's-degree,Bachelor's
3323,31209.0,20928.0,20928.0,,,,,,,,,Heritage University,Predominantly bachelor's-degree,Graduate
3324,18812.0,4772.0,5332.0,,,,,,,,,Highline College,Predominantly associate's-degree,Bachelor's
3326,18837.0,6027.0,12165.0,,,,,,,,,Bates Technical College,Predominantly certificate-degree,Associate's
3327,16339.0,5997.0,12062.0,,,,,,,,,Lake Washington Institute of Technology,Predominantly certificate-degree,Bachelor's
3328,16169.0,4626.0,6003.0,,,,,,,,,Lower Columbia College,Predominantly associate's-degree,Bachelor's
3330,18943.0,5238.0,5796.0,,,,,,,,,North Seattle College,Predominantly certificate-degree,Bachelor's
3331,50501.0,36035.0,36035.0,540.0,500.0,700.0,650.0,1150.0,,,28.0,Northwest University,Predominantly bachelor's-degree,Graduate
3332,15585.0,4197.0,9740.0,,,,,,,,,Olympic College,Predominantly associate's-degree,Bachelor's
3334,62459.0,52254.0,52254.0,540.0,500.0,660.0,600.0,1168.0,22.0,28.0,25.0,Pacific Lutheran University,Predominantly bachelor's-degree,Graduate
3335,18514.0,4718.0,5270.0,,,,,,,,,Peninsula College,Predominantly certificate-degree,Bachelor's
3336,78378.0,62898.0,62898.0,610.0,560.0,710.0,670.0,1296.0,27.0,31.0,29.0,University of Puget Sound,Predominantly bachelor's-degree,Graduate
3337,17585.0,6308.0,7369.0,,,,,,,,,Renton Technical College,Predominantly certificate-degree,Bachelor's
3338,62449.0,45510.0,45510.0,510.0,515.0,610.0,620.0,1093.0,16.0,20.0,21.0,Saint Martin's University,Predominantly bachelor's-degree,Graduate
3339,15385.0,5238.0,5796.0,,,,,,,,,South Seattle College,Predominantly certificate-degree,Bachelor's
3340,17889.0,5184.0,5745.0,,,,,,,,,Seattle Central College,Predominantly associate's-degree,Bachelor's
3341,56826.0,40407.0,40407.0,,,,,,,,24.0,Seattle Pacific University,Predominantly bachelor's-degree,Graduate
3342,72124.0,56721.0,56721.0,620.0,580.0,710.0,720.0,1307.0,23.0,30.0,28.0,Seattle University,Predominantly bachelor's-degree,Graduate
3343,16671.0,5115.0,7905.0,,,,,,,,,Shoreline Community College,Predominantly associate's-degree,Associate's
3344,14866.0,5400.0,7500.0,,,,,,,,,Skagit Valley College,Predominantly associate's-degree,Bachelor's
3345,17888.0,5252.0,5813.0,,,,,,,,,South Puget Sound Community College,Predominantly associate's-degree,Associate's
3346,13839.0,5461.0,6612.0,,,,,,,,,Spokane Community College,Predominantly associate's-degree,Bachelor's
3347,15685.0,5461.0,6612.0,,,,,,,,,Spokane Falls Community College,Predominantly associate's-degree,Bachelor's
3349,16766.0,5507.0,11646.0,,,,,,,,,Tacoma Community College,Predominantly associate's-degree,Bachelor's
3350,19268.0,5279.0,6700.0,,,,,,,,,Walla Walla Community College,Predominantly associate's-degree,Bachelor's
3351,45903.0,34227.0,34227.0,,,,,,,,,Walla Walla University,Predominantly bachelor's-degree,Graduate
3352,27648.0,13391.0,29950.0,,,,,,,,,Washington State University,Predominantly bachelor's-degree,Graduate
3353,32446.0,12973.0,43209.0,,,,,,,,,University of Washington-Seattle Campus,Predominantly bachelor's-degree,Graduate
3354,20827.0,5267.0,5636.0,,,,,,,,,Wenatchee Valley College,Predominantly associate's-degree,Bachelor's
3355,30359.0,9582.0,28707.0,590.0,560.0,710.0,680.0,1289.0,24.0,31.0,26.0,Western Washington University,Predominantly bachelor's-degree,Graduate
3356,19672.0,5115.0,11037.0,,,,,,,,,Whatcom Community College,Predominantly associate's-degree,Bachelor's
3357,78092.0,64050.0,64050.0,670.0,640.0,740.0,740.0,1410.0,29.0,33.0,31.0,Whitman College,Predominantly bachelor's-degree,Bachelor's
3358,68516.0,52880.0,52880.0,550.0,540.0,670.0,660.0,1220.0,21.0,29.0,25.0,Whitworth University,Predominantly bachelor's-degree,Graduate
3359,21199.0,5312.0,5873.0,,,,,,,,,Yakima Valley College,Predominantly associate's-degree,Bachelor's
3361,31423.0,18760.0,18760.0,470.0,408.0,583.0,523.0,1039.0,21.0,23.0,23.0,Appalachian Bible College,Predominantly bachelor's-degree,Graduate
3364,50758.0,36765.0,36765.0,,,,,,,,22.0,Bethany College,Predominantly bachelor's-degree,Graduate
3365,21839.0,10648.0,18376.0,440.0,430.0,540.0,540.0,989.0,17.0,22.0,20.0,Bluefield State University,Predominantly bachelor's-degree,Graduate
3368,46470.0,33800.0,33800.0,,,,,,,,,University of Charleston,Predominantly bachelor's-degree,Graduate
3370,20434.0,10664.0,22000.0,440.0,390.0,560.0,530.0,977.0,17.0,24.0,21.0,Concord University,Predominantly bachelor's-degree,Graduate
3371,44888.0,31820.0,31820.0,,,,,,,,,Davis & Elkins College,Predominantly bachelor's-degree,Bachelor's
3372,20018.0,8708.0,18924.0,450.0,360.0,560.0,510.0,996.0,17.0,23.0,20.0,Fairmont State University,Predominantly bachelor's-degree,Graduate
3373,23591.0,9578.0,11354.0,,,,,,,,,Glenville State University,Predominantly associate's-degree,Graduate
3374,17951.0,10050.0,10050.0,,,,,,,,,Huntington Junior College,Predominantly associate's-degree,Associate's
3377,22022.0,9162.0,20342.0,480.0,430.0,590.0,560.0,1061.0,19.0,24.0,22.0,Marshall University,Predominantly bachelor's-degree,Graduate
3381,9420.0,4612.0,9124.0,,,,,,,,,West Virginia University at Parkersburg,Predominantly associate's-degree,Bachelor's
3382,17619.0,5280.0,13200.0,,,,,,,,,Potomac State College of West Virginia University,Predominantly associate's-degree,Bachelor's
3384,18650.0,11900.0,11900.0,,,,,,,,,Salem University,Predominantly bachelor's-degree,Graduate
3385,19601.0,9056.0,19082.0,468.0,410.0,600.0,540.0,1034.0,19.0,24.0,23.0,Shepherd University,Predominantly bachelor's-degree,Graduate
3386,18725.0,5136.0,7872.0,,,,,,,,,Southern West Virginia Community and Technical College,Predominantly associate's-degree,Associate's
3389,19772.0,9570.0,14990.0,410.0,350.0,550.0,490.0,955.0,15.0,20.0,,West Virginia State University,Predominantly bachelor's-degree,Graduate
3391,23809.0,8893.0,17442.0,470.0,420.0,580.0,543.0,1045.0,18.0,24.0,21.0,West Liberty University,Predominantly bachelor's-degree,Graduate
3392,18907.0,8424.0,21072.0,460.0,420.0,570.0,550.0,1033.0,19.0,23.0,22.0,West Virginia University Institute of Technology,Predominantly bachelor's-degree,Bachelor's
3393,48190.0,34090.0,34090.0,472.0,420.0,600.0,560.0,1052.0,16.0,23.0,21.0,West Virginia Wesleyan College,Predominantly bachelor's-degree,Graduate
3394,22249.0,14798.0,14798.0,,,,,,,,,West Virginia Junior College-Charleston,Predominantly associate's-degree,Associate's
3395,24052.0,14798.0,14798.0,,,,,,,,,West Virginia Junior College-Morgantown,Predominantly associate's-degree,Associate's
3397,13512.0,4706.0,12698.0,,,,,,,,,West Virginia Northern Community College,Predominantly associate's-degree,Associate's
3398,26415.0,10104.0,28608.0,520.0,490.0,620.0,600.0,1122.0,20.0,26.0,24.0,West Virginia University,Predominantly bachelor's-degree,Graduate
3399,42504.0,29875.0,29875.0,,,,,,,,20.0,Wheeling University,Predominantly bachelor's-degree,Graduate
3402,51362.0,34086.0,34086.0,,,,,,,,,Alverno College,Predominantly bachelor's-degree,Graduate
3403,19434.0,4977.0,7255.0,,,,,,,,,Madison Area Technical College,Predominantly certificate-degree,Graduate
3404,42941.0,30952.0,30952.0,,,,,,,,22.0,Bellin College,Predominantly bachelor's-degree,Graduate
3405,71365.0,60886.0,60886.0,590.0,610.0,720.0,710.0,1287.0,24.0,30.0,26.0,Beloit College,Predominantly bachelor's-degree,Bachelor's
3406,15522.0,4267.0,6061.0,,,,,,,,,Blackhawk Technical College,Predominantly certificate-degree,Associate's
3407,52639.0,38890.0,38890.0,510.0,530.0,640.0,630.0,1190.0,21.0,27.0,25.0,Carroll University,Predominantly bachelor's-degree,Graduate
3408,50822.0,38750.0,38750.0,,,,,1150.0,20.0,25.0,24.0,Carthage College,Predominantly bachelor's-degree,Graduate
3409,53315.0,35470.0,35470.0,,,,,1190.0,22.0,28.0,23.0,Concordia University-Wisconsin,Predominantly bachelor's-degree,Graduate
3410,50903.0,35860.0,35860.0,,,,,,,,,Edgewood College,Predominantly bachelor's-degree,Graduate
3411,16862.0,5040.0,7283.0,,,,,,,,,Fox Valley Technical College,Predominantly certificate-degree,Associate's
3412,16242.0,4956.0,7199.0,,,,,,,,,Gateway Technical College,Predominantly certificate-degree,Associate's
3414,48840.0,33396.0,33396.0,,,,,,,,,Lakeland University,Predominantly bachelor's-degree,Graduate
3415,14599.0,4844.0,7087.0,,,,,,,,,Lakeshore Technical College,Predominantly certificate-degree,Associate's
3416,69849.0,56982.0,56982.0,610.0,590.0,710.0,710.0,1350.0,24.0,31.0,30.0,Lawrence University,Predominantly bachelor's-degree,Bachelor's
3417,37092.0,21550.0,21550.0,485.0,455.0,645.0,615.0,1170.0,20.0,28.0,24.0,Maranatha Baptist University,Predominantly bachelor's-degree,Graduate
3418,44450.0,35178.0,35178.0,,,,,,,,21.0,Marian University,Predominantly bachelor's-degree,Graduate
3419,66768.0,51170.0,51170.0,610.0,590.0,680.0,680.0,1310.0,26.0,31.0,28.0,Marquette University,Predominantly bachelor's-degree,Graduate
3421,15840.0,5002.0,7171.0,,,,,,,,,Mid-State Technical College,Predominantly certificate-degree,Associate's
3422,17359.0,5184.0,7427.0,,,,,,,,,Milwaukee Area Technical College,Predominantly certificate-degree,Associate's
3423,53528.0,43743.0,43743.0,,,,,,,,,Milwaukee Institute of Art & Design,Predominantly bachelor's-degree,Bachelor's
3424,62648.0,50480.0,50480.0,,,,,,,,27.0,Milwaukee School of Engineering,Predominantly bachelor's-degree,Graduate
3425,14583.0,4819.0,7084.0,,,,,,,,,Moraine Park Technical College,Predominantly certificate-degree,Associate's
3426,49270.0,35420.0,35420.0,,,,,1020.0,18.0,21.0,19.0,Mount Mary University,Predominantly bachelor's-degree,Graduate
3428,14072.0,4793.0,7066.0,,,,,,,,,Nicolet Area Technical College,Predominantly certificate-degree,Associate's
3429,15768.0,4889.0,7132.0,,,,,,,,,Northcentral Technical College,Predominantly certificate-degree,Associate's
3430,15436.0,4960.0,7233.0,,,,,,,,,Northeast Wisconsin Technical College,Predominantly certificate-degree,Associate's
3431,56889.0,44403.0,44403.0,500.0,450.0,550.0,590.0,1104.0,18.0,25.0,24.0,Northland College,Predominantly bachelor's-degree,Bachelor's
3432,63540.0,51900.0,51900.0,510.0,470.0,680.0,590.0,1176.0,21.0,27.0,24.0,Ripon College,Predominantly bachelor's-degree,Bachelor's
3434,59422.0,45580.0,45580.0,525.0,508.0,680.0,610.0,1182.0,21.0,28.0,27.0,Saint Norbert College,Predominantly bachelor's-degree,Graduate
3436,16662.0,4904.0,7147.0,,,,,,,,,Southwest Wisconsin Technical College,Predominantly certificate-degree,Associate's
3437,45558.0,34250.0,34250.0,,,,,1190.0,22.0,26.0,23.0,Viterbo University,Predominantly bachelor's-degree,Graduate
3438,16986.0,4844.0,7087.0,,,,,,,,,Chippewa Valley Technical College,Predominantly certificate-degree,Associate's
3439,15531.0,4872.0,7115.0,,,,,,,,,Waukesha County Technical College,Predominantly certificate-degree,Associate's
3440,16078.0,4820.0,7078.0,,,,,,,,,Western Technical College,Predominantly associate's-degree,Associate's
3441,18719.0,8616.0,18716.0,,,,,1050.0,17.0,24.0,21.0,University of Wisconsin-Whitewater,Predominantly bachelor's-degree,Graduate
3442,14981.0,4926.0,7169.0,,,,,,,,,Northwood Technical College,Predominantly certificate-degree,Associate's
3444,21705.0,9642.0,19228.0,,,,,1220.0,22.0,27.0,24.0,University of Wisconsin-Eau Claire,Predominantly bachelor's-degree,Graduate
3445,19366.0,8700.0,17288.0,,,,,1120.0,18.0,24.0,22.0,University of Wisconsin-Green Bay,Predominantly bachelor's-degree,Graduate
3446,19593.0,10070.0,19517.0,,,,,1220.0,22.0,27.0,24.0,University of Wisconsin-La Crosse,Predominantly bachelor's-degree,Graduate
3447,48785.0,36110.0,36110.0,530.0,440.0,640.0,590.0,1239.0,23.0,29.0,25.0,Wisconsin Lutheran College,Predominantly bachelor's-degree,Graduate
3448,19652.0,8532.0,16446.0,,,,,1090.0,18.0,25.0,21.0,University of Wisconsin-Oshkosh,Predominantly bachelor's-degree,Graduate
3449,18199.0,8270.0,17429.0,,,,,1090.0,17.0,25.0,21.0,University of Wisconsin-Parkside,Predominantly bachelor's-degree,Graduate
3450,27939.0,13450.0,13450.0,,,,,,,,,Herzing University-Madison,Predominantly certificate-degree,Graduate
3451,22797.0,10701.0,19265.0,,,,,1150.0,20.0,27.0,23.0,University of Wisconsin-Stout,Predominantly bachelor's-degree,Graduate
3452,19860.0,8812.0,16726.0,,,,,1090.0,18.0,24.0,21.0,University of Wisconsin-Superior,Predominantly bachelor's-degree,Graduate
3453,28679.0,11603.0,42103.0,670.0,710.0,740.0,780.0,1427.0,29.0,33.0,29.0,University of Wisconsin-Madison,Predominantly bachelor's-degree,Graduate
3454,22756.0,10398.0,22398.0,,,,,1090.0,18.0,25.0,22.0,University of Wisconsin-Milwaukee,Predominantly bachelor's-degree,Graduate
3455,21266.0,8644.0,17603.0,,,,,1190.0,21.0,28.0,23.0,University of Wisconsin-Platteville,Predominantly bachelor's-degree,Graduate
3456,19781.0,9008.0,17470.0,,,,,1150.0,19.0,26.0,22.0,University of Wisconsin-River Falls,Predominantly bachelor's-degree,Graduate
3457,20079.0,9488.0,18508.0,,,,,1150.0,20.0,26.0,22.0,University of Wisconsin-Stevens Point,Predominantly bachelor's-degree,Graduate
3458,15256.0,4470.0,10770.0,,,,,,,,,Casper College,Predominantly associate's-degree,Associate's
3459,16891.0,4800.0,11100.0,,,,,,,,,Central Wyoming College,Predominantly associate's-degree,Bachelor's
3460,14076.0,4290.0,10590.0,,,,,,,,,Eastern Wyoming College,Predominantly associate's-degree,Associate's
3461,13504.0,4613.0,10913.0,,,,,,,,,Laramie County Community College,Predominantly associate's-degree,Bachelor's
3462,16898.0,4962.0,11262.0,,,,,,,,,Northwest College,Predominantly associate's-degree,Bachelor's
3463,17001.0,4830.0,11130.0,,,,,,,,,Northern Wyoming Community College District,Predominantly associate's-degree,Associate's
3464,14532.0,4230.0,10530.0,,,,,,,,,Western Wyoming Community College,Predominantly associate's-degree,Bachelor's
3467,24818.0,7768.0,24178.0,,,,,,,,,University of Wyoming,Predominantly bachelor's-degree,Graduate
3468,10560.0,5300.0,5600.0,,,,,,,,,American Samoa Community College,Predominantly associate's-degree,Bachelor's
3469,10778.0,3414.0,4614.0,,,,,,,,,Guam Community College,Predominantly associate's-degree,Associate's
3470,14961.0,6110.0,11414.0,,,,,,,,,University of Guam,Predominantly bachelor's-degree,Graduate
3471,10545.0,4038.0,5520.0,,,,,,,,,Northern Marianas College,Predominantly associate's-degree,Bachelor's
3473,11408.0,8306.0,8306.0,,,,,,,,,American Educational College,Predominantly certificate-degree,Certificate
3475,16834.0,8350.0,8350.0,,,,,,,,,Universidad Adventista de las Antillas,Predominantly bachelor's-degree,Graduate
3476,12986.0,8280.0,8280.0,,,,,,,,,Atlantic University,Predominantly bachelor's-degree,Graduate
3477,12976.0,5986.0,5986.0,,,,,,,,,Universidad Central de Bayamon,Predominantly bachelor's-degree,Graduate
3478,13594.0,8400.0,8400.0,,,,,,,,,Columbia Central University-Caguas,Predominantly certificate-degree,Graduate
3479,18382.0,8505.0,8505.0,,,,,,,,,Albizu University-San Juan,Predominantly bachelor's-degree,Graduate
3480,9835.0,8844.0,8844.0,,,,,,,,,Caribbean University-Bayamon,Predominantly certificate-degree,Graduate
3481,10710.0,8844.0,8844.0,,,,,,,,,Caribbean University-Carolina,Predominantly bachelor's-degree,Graduate
3482,18678.0,6550.0,6550.0,,,,,,,,,Pontifical Catholic University of Puerto Rico-Arecibo,Predominantly bachelor's-degree,Graduate
3483,20508.0,6650.0,6650.0,595.0,600.0,680.0,680.0,1300.0,,,,Pontifical Catholic University of Puerto Rico-Ponce,Predominantly bachelor's-degree,Graduate
3484,19241.0,12900.0,12900.0,,,,,,,,,CEM College-San Juan,Predominantly certificate-degree,Bachelor's
3485,11510.0,6660.0,6660.0,,,,,,,,,Universidad Teologica del Caribe,Predominantly bachelor's-degree,Graduate
3486,6024.0,2580.0,2580.0,,,,,,,,,Colegio Universitario de San Juan,Predominantly bachelor's-degree,Bachelor's
3487,14214.0,7750.0,7750.0,,,,,,,,,Universidad Ana G. Mendez-Cupey Campus,Predominantly bachelor's-degree,Graduate
3488,12920.0,3370.0,3850.0,,,,,,,,,Puerto Rico Conservatory of Music,Predominantly bachelor's-degree,Graduate
3490,15680.0,7050.0,14125.0,,,,,,,,,EDP University of Puerto Rico Inc-San Sebastian,Predominantly associate's-degree,Graduate
3491,9057.0,4902.0,8502.0,,,,,,,,,Escuela de Artes Plasticas y Diseno de Puerto Rico,Predominantly bachelor's-degree,Bachelor's
3492,6073.0,1600.0,1600.0,,,,,,,,,Instituto Tecnologico de Puerto Rico-Recinto de Manati,Predominantly associate's-degree,Associate's
3493,14229.0,8750.0,8750.0,,,,,,,,,Huertas College,Predominantly certificate-degree,Bachelor's
3494,9960.0,6560.0,6560.0,,,,,,,,,Humacao Community College,Predominantly associate's-degree,Bachelor's
3495,15358.0,8664.0,8664.0,,,,,,,,,ICPR Junior College-Arecibo,Predominantly certificate-degree,Associate's
3496,15988.0,8664.0,8664.0,,,,,,,,,ICPR Junior College-Mayaguez,Predominantly certificate-degree,Associate's
3497,11845.0,3608.0,3608.0,,,,,,,,,Instituto Tecnologico de Puerto Rico-Recinto de Guayama,Predominantly associate's-degree,Associate's
3498,4451.0,1180.0,1180.0,,,,,,,,,Instituto Tecnologico de Puerto Rico-Recinto de San Juan,Predominantly associate's-degree,Associate's
3499,16380.0,5780.0,5780.0,,,,,,,,,Inter American University of Puerto Rico-San German,Predominantly bachelor's-degree,Graduate
3500,16057.0,5742.0,5742.0,,,,,,,,,Inter American University of Puerto Rico-Aguadilla,Predominantly bachelor's-degree,Graduate
3501,16625.0,5780.0,5780.0,,,,,,,,,Inter American University of Puerto Rico-Arecibo,Predominantly bachelor's-degree,Graduate
3502,16051.0,5742.0,5742.0,,,,,,,,,Inter American University of Puerto Rico-Barranquitas,Predominantly bachelor's-degree,Graduate
3503,16837.0,5780.0,5780.0,,,,,,,,,Inter American University of Puerto Rico-Metro,Predominantly bachelor's-degree,Graduate
3504,16065.0,5780.0,5780.0,,,,,,,,,Inter American University of Puerto Rico-Ponce,Predominantly bachelor's-degree,Graduate
3505,16190.0,5780.0,5780.0,,,,,,,,,Inter American University of Puerto Rico-Fajardo,Predominantly bachelor's-degree,Graduate
3506,16475.0,5780.0,5780.0,,,,,,,,,Inter American University of Puerto Rico-Guayama,Predominantly associate's-degree,Graduate
3507,16324.0,5780.0,5780.0,,,,,,,,,Inter American University of Puerto Rico-Bayamon,Predominantly bachelor's-degree,Graduate
3509,23233.0,8451.0,8451.0,,,,,,,,,Liceo de Arte y Tecnologia,Predominantly certificate-degree,Certificate
3512,15821.0,12698.0,13853.0,,,,,,,,,NUC University,Predominantly certificate-degree,Graduate
3514,14498.0,5954.0,5954.0,393.0,398.0,510.0,513.0,909.0,,,,University of Puerto Rico-Aguadilla,Predominantly bachelor's-degree,Bachelor's
3515,17710.0,5354.0,5354.0,,,,,,,,,University of Puerto Rico-Arecibo,Predominantly bachelor's-degree,Bachelor's
3516,12501.0,6284.0,6284.0,,,,,,,,,University of Puerto Rico-Bayamon,Predominantly bachelor's-degree,Bachelor's
3517,19396.0,7986.0,7986.0,411.0,398.0,538.0,519.0,932.0,,,,University of Puerto Rico-Carolina,Predominantly bachelor's-degree,Bachelor's
3518,15909.0,5354.0,5354.0,421.0,422.0,531.0,542.0,955.0,,,,University of Puerto Rico at Cayey,Predominantly bachelor's-degree,Bachelor's
3519,19547.0,5364.0,5364.0,,,,,,,,,University of Puerto Rico-Humacao,Predominantly bachelor's-degree,Bachelor's
3520,20908.0,5354.0,5354.0,,,,,,,,,University of Puerto Rico-Utuado,Predominantly associate's-degree,Bachelor's
3521,21637.0,5274.0,5274.0,,,,,,,,,University of Puerto Rico-Mayaguez,Predominantly bachelor's-degree,Graduate
3523,17193.0,5354.0,5354.0,,,,,,,,,University of Puerto Rico at Ponce,Predominantly bachelor's-degree,Bachelor's
3524,15118.0,5354.0,5354.0,,,,,,,,,University of Puerto Rico-Rio Piedras,Predominantly bachelor's-degree,Graduate
3525,14113.0,7750.0,7750.0,,,,,,,,,Universidad Ana G. Mendez-Carolina Campus,Predominantly bachelor's-degree,Graduate
3526,19728.0,6410.0,6410.0,,,,,,,,,Universidad del Sagrado Corazon,Predominantly bachelor's-degree,Graduate
3528,14642.0,7707.0,7707.0,,,,,,,,,Universidad Central Del Caribe,Predominantly certificate-degree,Graduate
3529,23368.0,9870.0,9870.0,,,,,,,,,Universidad Politecnica de Puerto Rico,Predominantly bachelor's-degree,Graduate
3530,18605.0,6550.0,6550.0,,,,,,,,,Pontifical Catholic University of Puerto Rico-Mayaguez,Predominantly bachelor's-degree,Graduate
3531,14224.0,7750.0,7750.0,,,,,,,,,Universidad Ana G. Mendez-Gurabo Campus,Predominantly bachelor's-degree,Graduate
3532,10445.0,5050.0,5050.0,,,,,,,,,College of Micronesia-FSM,Predominantly associate's-degree,Bachelor's
3533,9624.0,3730.0,3970.0,,,,,,,,,Palau Community College,Predominantly associate's-degree,Associate's
3534,17771.0,5957.0,16557.0,423.0,360.0,550.0,480.0,938.0,19.0,22.0,17.0,University of the Virgin Islands,Predominantly bachelor's-degree,Graduate
3535,87833.0,65910.0,65910.0,740.0,770.0,780.0,800.0,1553.0,34.0,35.0,35.0,Stanford University,Predominantly bachelor's-degree,Graduate
3536,24591.0,9992.0,28794.0,600.0,600.0,720.0,760.0,1364.0,27.0,34.0,30.0,Purdue University-Main Campus,Predominantly bachelor's-degree,Graduate
3537,42167.0,17893.0,17893.0,,,,,,,,,Parker University,Predominantly bachelor's-degree,Graduate
3538,15740.0,7050.0,14125.0,,,,,,,,,EDP University of Puerto Rico Inc-San Juan,Predominantly associate's-degree,Graduate
3539,15133.0,8664.0,8664.0,,,,,,,,,ICPR Junior College,Predominantly certificate-degree,Associate's
3540,39985.0,18615.0,18615.0,,,,,,,,,City College-Hollywood,Predominantly associate's-degree,Bachelor's
3542,17608.0,3104.0,10064.0,400.0,360.0,520.0,500.0,919.0,15.0,21.0,,Georgia State University-Perimeter College,Predominantly associate's-degree,Associate's
3543,21274.0,3386.0,5954.0,,,,,,,,,Georgia Piedmont Technical College,Predominantly certificate-degree,Associate's
3546,13314.0,5460.0,6360.0,,,,,,,,,Warren County Community College,Predominantly associate's-degree,Associate's
3547,55824.0,40504.0,40504.0,680.0,610.0,750.0,710.0,1426.0,28.0,34.0,28.0,St. John's College,Predominantly bachelor's-degree,Graduate
3548,19500.0,8600.0,8600.0,,,,,,,,,Bais Medrash Elyon,Predominantly bachelor's-degree,Bachelor's
3554,31313.0,21294.0,21294.0,,,,,1020.0,17.0,19.0,,Mid-America Christian University,Predominantly bachelor's-degree,Graduate
3561,11946.0,3412.0,9952.0,,,,,,,,,Palo Alto College,Predominantly associate's-degree,Associate's
3565,15783.0,3390.0,5958.0,,,,,,,,,Athens Technical College,Predominantly certificate-degree,Associate's
3570,34541.0,13295.0,13295.0,,,,,,,,,Beckfield College-Florence,Predominantly associate's-degree,Bachelor's
3571,36763.0,16990.0,16990.0,,,,,,,,,Dorsey College-Wayne,Predominantly certificate-degree,Certificate
3574,14708.0,5544.0,9024.0,,,,,,,,,Sussex County Community College,Predominantly associate's-degree,Associate's
3575,83124.0,66540.0,66540.0,,,,,,,,,Landmark College,Predominantly bachelor's-degree,Graduate
3576,19682.0,6100.0,6100.0,,,,,,,,,Yeshiva Gedolah of Greater Detroit,Predominantly bachelor's-degree,Bachelor's
3577,15237.0,2014.0,6064.0,,,,,,,,,Collin County Community College District,Predominantly associate's-degree,Bachelor's
3578,13476.0,4728.0,6432.0,,,,,,,,,Owensboro Community and Technical College,Predominantly certificate-degree,Associate's
3587,30055.0,18484.0,18484.0,,,,,,,,,ECPI University,Predominantly associate's-degree,Graduate
3590,30808.0,13955.0,13955.0,,,,,,,,,Fortis Institute-Forty Fort,Predominantly certificate-degree,Certificate
3591,15483.0,13713.0,13713.0,,,,,,,,,Laurel Business Institute,Predominantly certificate-degree,Associate's
3592,30830.0,16757.0,16757.0,,,,,,,,,Aviation Institute of Maintenance-Philadelphia,Predominantly certificate-degree,Certificate
3593,33929.0,16990.0,16990.0,,,,,,,,,Dorsey College-Roseville,Predominantly certificate-degree,Certificate
3596,13637.0,5040.0,8910.0,,,,,,,,,Southern Union State Community College,Predominantly certificate-degree,Associate's
3597,35322.0,18145.0,18145.0,,,,,,,,,South University-Columbia,Predominantly bachelor's-degree,Graduate
3599,17202.0,6030.0,6030.0,,,,,,,,,Lac Courte Oreilles Ojibwe University,Predominantly associate's-degree,Graduate
3602,32164.0,14922.0,14922.0,,,,,,,,,Platt College-Los Angeles,Predominantly associate's-degree,Bachelor's
3610,13629.0,3048.0,6096.0,,,,,,,,,St Charles Community College,Predominantly associate's-degree,Associate's
3611,35325.0,12540.0,12540.0,,,,,,,,,University of Massachusetts Global,Predominantly bachelor's-degree,Graduate
3612,24449.0,6916.0,29944.0,540.0,520.0,625.0,620.0,1150.0,21.0,26.0,26.0,New College of Florida,Predominantly bachelor's-degree,Graduate
3621,10405.0,1474.0,3418.0,,,,,,,,,Luna Community College,Predominantly associate's-degree,Associate's
3623,19300.0,9300.0,9300.0,,,,,,,,,Yeshivah Gedolah Rabbinical College,Predominantly bachelor's-degree,Non-degree-granting
3625,10000.0,8844.0,8844.0,,,,,,,,,Caribbean University-Ponce,Predominantly bachelor's-degree,Graduate
3626,9936.0,8844.0,8844.0,,,,,,,,,Caribbean University-Vega Baja,Predominantly bachelor's-degree,Graduate
3627,32794.0,19365.0,19365.0,,,,,,,,,University of Advancing Technology,Predominantly bachelor's-degree,Graduate
3628,18375.0,2358.0,8958.0,,,,,,,,,Paradise Valley Community College,Predominantly associate's-degree,Associate's
3629,17845.0,2358.0,8958.0,,,,,,,,,Chandler-Gilbert Community College,Predominantly certificate-degree,Associate's
3649,25161.0,7980.0,7980.0,,,,,,,,,South Florida Bible College and Theological Seminary,Predominantly associate's-degree,Graduate
3652,33192.0,18240.0,25980.0,,,,,,,,,Pennsylvania College of Technology,Predominantly associate's-degree,Graduate
3653,45244.0,15313.0,15313.0,498.0,498.0,678.0,593.0,1110.0,,,,Commonwealth Institute of Funeral Service,Predominantly associate's-degree,Associate's
3655,15570.0,3610.0,3610.0,,,,,,,,,Stone Child College,Predominantly associate's-degree,Bachelor's
3657,12429.0,6630.0,12460.0,,,,,,,,,Suffolk County Community College,Predominantly associate's-degree,Associate's
3658,15138.0,1168.0,9808.0,,,,,,,,,Las Positas College,Predominantly associate's-degree,Associate's
3659,17125.0,3388.0,5956.0,,,,,,,,,Ogeechee Technical College,Predominantly certificate-degree,Associate's
3660,32998.0,16411.0,16411.0,,,,,,,,,Remington College-Mobile Campus,Predominantly certificate-degree,Associate's
3661,26505.0,14894.0,14894.0,,,,,,,,,Southern Technical College,Predominantly certificate-degree,Associate's
3664,21649.0,8082.0,20682.0,,,,,,,,,California State University-San Marcos,Predominantly bachelor's-degree,Graduate
3666,21837.0,10970.0,10970.0,,,,,,,,,Interactive College of Technology-Newport,Predominantly certificate-degree,Certificate
3669,21770.0,10970.0,10970.0,,,,,,,,,Interactive College of Technology,Predominantly associate's-degree,Associate's
3671,12157.0,3342.0,5238.0,,,,,,,,,NorthWest Arkansas Community College,Predominantly associate's-degree,Associate's
3674,20495.0,12075.0,12075.0,,,,,,,,,Capital Area Career Center,Predominantly certificate-degree,Certificate
3679,27710.0,20350.0,20350.0,,,,,,,,,Nossi College of Art and Design,Predominantly bachelor's-degree,Bachelor's
3684,19660.0,3400.0,5968.0,,,,,,,,,Southeastern Technical College,Predominantly certificate-degree,Associate's
3689,30495.0,20500.0,20500.0,,,,,,,,24.0,Worsham College of Mortuary Science,Predominantly associate's-degree,Associate's
3690,26626.0,15868.0,15868.0,,,,,,,,,Bryan University,Predominantly associate's-degree,Graduate
3707,31288.0,15543.0,15543.0,,,,,,,,,Fortis College-Smyrna,Predominantly certificate-degree,Associate's
3721,15989.0,12500.0,12500.0,,,,,,,,,Yeshiva Gedolah Imrei Yosef D'spinka,Predominantly bachelor's-degree,Bachelor's
3724,29267.0,15876.0,15876.0,,,,,,,,,Remington College-Cleveland Campus,Predominantly certificate-degree,Certificate
3732,18696.0,12900.0,12900.0,,,,,,,,,CEM College-Humacao,Predominantly associate's-degree,Bachelor's
3739,17275.0,6840.0,7480.0,,,,,,,,,College of the Marshall Islands,Predominantly associate's-degree,Bachelor's
3740,31669.0,16071.0,16071.0,,,,,,,,,Remington College-Fort Worth Campus,Predominantly certificate-degree,Associate's
3746,31642.0,16637.0,16637.0,,,,,,,,,Centura College-Newport News,Predominantly certificate-degree,Certificate
3747,36328.0,16637.0,16637.0,,,,,,,,,Centura College-Norfolk,Predominantly certificate-degree,Associate's
3749,30038.0,18100.0,18100.0,,,,,,,,,Northwest College of Art & Design,Predominantly bachelor's-degree,Bachelor's
3750,26908.0,12919.0,43155.0,,,,,,,,,University of Washington-Bothell Campus,Predominantly bachelor's-degree,Graduate
3751,25346.0,13168.0,43404.0,,,,,,,,,University of Washington-Tacoma Campus,Predominantly bachelor's-degree,Graduate
3758,54944.0,11000.0,11000.0,,,,,,,,,Pacific College of Health and Science,Predominantly certificate-degree,Graduate
3765,12043.0,3480.0,3480.0,,,,,,,,,Bay Mills Community College,Predominantly certificate-degree,Bachelor's
3766,19659.0,6006.0,6006.0,,,,,,,,,Fond du Lac Tribal and Community College,Predominantly associate's-degree,Bachelor's
3767,10551.0,4365.0,4365.0,,,,,,,,,Northwest Indian College,Predominantly associate's-degree,Bachelor's
3768,30099.0,16548.0,16548.0,,,,,,,,,Provo College,Predominantly bachelor's-degree,Bachelor's
3783,13318.0,2766.0,14746.0,,,,,,,,,Southwest College for the Deaf,Predominantly certificate-degree,Associate's
3784,31646.0,15688.0,15688.0,,,,,,,,,Fortis College-Richmond,Predominantly certificate-degree,Associate's
3788,15702.0,3204.0,8340.0,,,,,,,,,Hawaii Community College,Predominantly associate's-degree,Associate's
3797,9907.0,1372.0,3268.0,,,,,,,,,Eastern New Mexico University Ruidoso Branch Community College,Predominantly certificate-degree,Associate's
3800,70775.0,51680.0,51680.0,,,,,,,,,Beacon College,Predominantly bachelor's-degree,Bachelor's
3802,18040.0,2358.0,8958.0,,,,,,,,,Estrella Mountain Community College,Predominantly certificate-degree,Associate's
3803,16727.0,5550.0,13110.0,,,,,,,,,Heartland Community College,Predominantly certificate-degree,Associate's
3805,22600.0,12700.0,12700.0,,,,,,,,,Rabbi Jacob Joseph School,Predominantly bachelor's-degree,Bachelor's
3808,29552.0,15348.0,15348.0,,,,,,,,,Fortis Institute-Scranton,Predominantly associate's-degree,Associate's
3809,38913.0,21680.0,21680.0,,,,,,,,,Everglades University,Predominantly bachelor's-degree,Graduate
3810,31285.0,12500.0,12500.0,,,,,,,,,Seminar L'moros Bais Yaakov,Predominantly certificate-degree,Associate's
3811,26664.0,13450.0,13450.0,,,,,,,,,Herzing University-Orlando,Predominantly associate's-degree,Graduate
3813,11523.0,9350.0,9350.0,,,,,,,,,College of Biblical Studies-Houston,Predominantly bachelor's-degree,Bachelor's
3823,18216.0,1390.0,13570.0,,,,,,,,,Copper Mountain Community College,Predominantly associate's-degree,Associate's
3826,13818.0,1164.0,9612.0,,,,,,,,,Santiago Canyon College,Predominantly certificate-degree,Associate's
3827,37992.0,20515.0,20515.0,,,,,,,,,Southern California Institute of Technology,Predominantly certificate-degree,Bachelor's
3828,55064.0,38728.0,38728.0,620.0,713.0,720.0,790.0,1440.0,,,26.0,Soka University of America,Predominantly bachelor's-degree,Graduate
3832,22505.0,6920.0,6920.0,,,,,,,,,World Mission University,Predominantly bachelor's-degree,Graduate
3840,19844.0,2907.0,9987.0,,,,,,,,,Coconino Community College,Predominantly certificate-degree,Associate's
3845,17880.0,8640.0,8640.0,,,,,,,,,Yeshivas Novominsk,Predominantly associate's-degree,Bachelor's
3847,41283.0,22300.0,22300.0,,,,,,,,,Rabbinical College of Ohr Shimon Yisroel,Predominantly bachelor's-degree,Bachelor's
3848,8628.0,4308.0,10158.0,,,,,,,,,Carroll Community College,Predominantly associate's-degree,Associate's
3849,34369.0,17048.0,17048.0,,,,,,,,,Galen College of Nursing-Tampa Bay,Predominantly associate's-degree,Bachelor's
3850,34565.0,17048.0,17048.0,,,,,,,,,Galen College of Nursing-San Antonio,Predominantly associate's-degree,Bachelor's
3869,28080.0,7168.0,7168.0,,,,,,,,,Pacific Bible College,Predominantly bachelor's-degree,Bachelor's
3878,33447.0,17368.0,17368.0,,,,,,,,,Florida National University-Main Campus,Predominantly associate's-degree,Graduate
3884,9561.0,4920.0,7620.0,,,,,,,,,South Texas College,Predominantly associate's-degree,Bachelor's
3888,26987.0,7779.0,20379.0,,,,,,,,,California State University-Monterey Bay,Predominantly bachelor's-degree,Graduate
3896,32443.0,17083.0,17083.0,,,,,,,,,Remington College-Memphis Campus,Predominantly certificate-degree,Associate's
3898,22820.0,14400.0,14400.0,,,,,,,,,Capella University,Predominantly bachelor's-degree,Graduate
3899,16144.0,6200.0,6200.0,,,,,,,,,College of Menominee Nation,Predominantly associate's-degree,Bachelor's
3900,16717.0,4850.0,4850.0,,,,,,,,,Leech Lake Tribal College,Predominantly associate's-degree,Associate's
3906,18206.0,11394.0,11394.0,,,,,,,,,Mech-Tech College,Predominantly certificate-degree,Associate's
3909,59356.0,15804.0,15804.0,,,,,,,,,Pacific College of Health and Science,Predominantly associate's-degree,Graduate
3911,26786.0,7176.0,7176.0,,,,,,,,,Trine University-Regional/Non-Traditional Campuses,Predominantly bachelor's-degree,Graduate
3912,12306.0,7110.0,13350.0,,,,,,,,,Pennsylvania Highlands Community College,Predominantly associate's-degree,Associate's
3924,36105.0,18612.0,18612.0,,,,,,,,,City College-Altamonte Springs,Predominantly associate's-degree,Associate's
3935,24592.0,11064.0,11064.0,,,,,1020.0,17.0,19.0,22.0,Southeast Missouri Hospital College of Nursing and Health Sciences,Predominantly associate's-degree,Bachelor's
3936,29881.0,11620.0,11620.0,,,,,,,,,Messenger College,Predominantly bachelor's-degree,Bachelor's
3941,45829.0,20230.0,20230.0,,,,,,,,,Veeb Nassau County School of Practical Nursing,Predominantly certificate-degree,Certificate
3953,20379.0,16250.0,16250.0,,,,,,,,,Northern Career Institute,Predominantly certificate-degree,Certificate
3975,14487.0,9095.0,9095.0,,,,,,,,,Automeca Technical College-Aguadilla,Predominantly certificate-degree,Certificate
3979,11600.0,4700.0,4700.0,,,,,,,,,United Technical Center,Predominantly certificate-degree,Certificate
3981,19463.0,9895.0,9895.0,,,,,,,,,Central California School of Continuing Education,Predominantly certificate-degree,Certificate
3988,28228.0,14575.0,14575.0,,,,,,,,,Jna Institute of Culinary Arts,Predominantly associate's-degree,Associate's
3991,13703.0,9095.0,9095.0,,,,,,,,,Automeca Technical College-Bayamon,Predominantly certificate-degree,Certificate
3992,14262.0,9095.0,9095.0,,,,,,,,,Automeca Technical College-Caguas,Predominantly certificate-degree,Certificate
3993,14278.0,9095.0,9095.0,,,,,,,,,Automeca Technical College-Ponce,Predominantly certificate-degree,Certificate
3994,33150.0,16637.0,16637.0,,,,,,,,,Centura College-Chesapeake,Predominantly certificate-degree,Bachelor's
3999,20600.0,9200.0,9200.0,,,,,,,,,Yeshiva D'monsey Rabbinical College,Predominantly bachelor's-degree,Bachelor's
4002,11932.0,3412.0,9952.0,,,,,,,,,Northwest Vista College,Predominantly associate's-degree,Associate's
4003,24902.0,3380.0,5948.0,,,,,,,,,Oconee Fall Line Technical College,Predominantly certificate-degree,Associate's
4004,15075.0,4156.0,7036.0,,,,,,,,,York County Community College,Predominantly associate's-degree,Associate's
4006,16071.0,3312.0,4776.0,,,,,,,,,Arkansas State University-Mountain Home,Predominantly certificate-degree,Associate's
4007,18608.0,5940.0,10260.0,,,,,,,,,Columbia Gorge Community College,Predominantly associate's-degree,Associate's
4009,13267.0,4896.0,5616.0,,,,,,,,,Tillamook Bay Community College,Predominantly associate's-degree,Associate's
4014,38153.0,26091.0,26091.0,,,,,,,,,Arizona College of Nursing-Tempe,Predominantly bachelor's-degree,Bachelor's
4017,63838.0,37450.0,37450.0,,,,,,,,,New York Conservatory for Dramatic Arts,Predominantly associate's-degree,Associate's
4018,26182.0,18383.0,18383.0,,,,,,,,,Eastern International College-Jersey City,Predominantly bachelor's-degree,Bachelor's
4027,14650.0,5544.0,5544.0,,,,,,,,,Oregon Coast Community College,Predominantly associate's-degree,Associate's
4029,30213.0,16052.0,16052.0,,,,,,,,,Mildred Elley-Pittsfield Campus,Predominantly certificate-degree,Certificate
4030,24878.0,12097.0,12097.0,520.0,520.0,630.0,610.0,1148.0,18.0,28.0,,Embry-Riddle Aeronautical University-Worldwide,Predominantly bachelor's-degree,Graduate
4033,28427.0,16757.0,16757.0,,,,,,,,,Aviation Institute of Maintenance-Norfolk,Predominantly certificate-degree,Certificate
4035,66800.0,19400.0,19400.0,,,,,,,,,Miami Ad School,Predominantly certificate-degree,Certificate
4039,37884.0,24480.0,24480.0,,,,,,,,,Southeastern College-West Palm Beach,Predominantly associate's-degree,Bachelor's
4041,15644.0,4965.0,8025.0,,,,,,,,,Klamath Community College,Predominantly certificate-degree,Associate's
4043,19353.0,7608.0,7608.0,,,,,,,,,Urban College of Boston,Predominantly associate's-degree,Associate's
4051,12341.0,6750.0,12747.0,,,,,,,,,San Juan Bautista School of Medicine,Predominantly bachelor's-degree,Graduate
4054,38884.0,14085.0,14085.0,,,,,,,,,Cayuga Onondaga BOCES-Practical Nursing Program,Predominantly certificate-degree,Certificate
4056,8846.0,7796.0,7796.0,,,,,,,,,Colegio de Cinematografia Artes y Television,Predominantly associate's-degree,Associate's
4068,35713.0,16190.0,16190.0,,,,,,,,,UPMC Mercy School of Nursing,Predominantly certificate-degree,Certificate
4074,27895.0,14922.0,14922.0,,,,,,,,,Platt College-Ontario,Predominantly associate's-degree,Bachelor's
4082,16728.0,8658.0,8658.0,,,,,,,,,Western Governors University,Predominantly bachelor's-degree,Graduate
4083,46233.0,37667.0,37667.0,,,,,,,,,California Aeronautical University,Predominantly bachelor's-degree,Graduate
4084,28414.0,13450.0,13450.0,,,,,,,,,Herzing University-New Orleans,Predominantly associate's-degree,Graduate
4085,20807.0,6118.0,25162.0,530.0,510.0,610.0,590.0,1114.0,20.0,25.0,22.0,Florida Gulf Coast University,Predominantly bachelor's-degree,Graduate
4086,12581.0,5400.0,5400.0,,,,,,,,,Little Priest Tribal College,Predominantly associate's-degree,Associate's
4087,19044.0,4210.0,4210.0,,,,,,,,,South Louisiana Community College,Predominantly certificate-degree,Associate's
4094,35500.0,16750.0,16750.0,,,,,,,,,Myotherapy Institute,Predominantly certificate-degree,Certificate
4098,14377.0,5260.0,5260.0,,,,,,,,,Ilisagvik College,Predominantly certificate-degree,Bachelor's
4099,15781.0,4432.0,11010.0,,,,,,,,,Community College of Baltimore County,Predominantly associate's-degree,Associate's
4100,20963.0,5490.0,5490.0,,,,,,,,,White Earth Tribal and Community College,Predominantly associate's-degree,Associate's
4103,11572.0,7630.0,7630.0,,,,,,,,,Dewey University-Carolina,Predominantly associate's-degree,Bachelor's
4104,25800.0,11500.0,11500.0,,,,,,,,,Yeshiva College of the Nations Capital,Predominantly bachelor's-degree,Bachelor's
4107,16783.0,4079.0,4079.0,,,,,,,,,River Parishes Community College,Predominantly certificate-degree,Associate's
4109,12575.0,9100.0,9100.0,,,,,,,,,Century College,Predominantly certificate-degree,Certificate
4110,27385.0,19450.0,19450.0,,,,,,,,,FINE Mortuary College,Predominantly associate's-degree,Associate's
4111,29112.0,13800.0,13800.0,,,,,,,,,International Baptist College and Seminary,Predominantly bachelor's-degree,Graduate
4114,22933.0,18140.0,40808.0,480.0,430.0,600.0,600.0,1060.0,,,23.0,University of Connecticut-Waterbury Campus,Predominantly bachelor's-degree,Graduate
4115,23337.0,18140.0,40808.0,490.0,470.0,610.0,580.0,1090.0,,,25.0,University of Connecticut-Avery Point,Predominantly bachelor's-degree,Graduate
4116,30122.0,18150.0,40818.0,470.0,460.0,630.0,630.0,1094.0,25.0,32.0,25.0,University of Connecticut-Stamford,Predominantly bachelor's-degree,Graduate
4118,16522.0,4321.0,4321.0,,,,,,,,,Baton Rouge Community College,Predominantly certificate-degree,Associate's
4125,38739.0,18840.0,18840.0,,,,,,,,,Professional Golfers Career College,Predominantly associate's-degree,Associate's
4136,23743.0,13527.0,13527.0,,,,,,,,,American InterContinental University-Atlanta,Predominantly bachelor's-degree,Graduate
4138,17258.0,4722.0,4722.0,,,,,,,,,Eastern West Virginia Community and Technical College,Predominantly associate's-degree,Associate's
4139,33420.0,16757.0,16757.0,,,,,,,,,Aviation Institute of Maintenance-Indianapolis,Predominantly associate's-degree,Associate's
4143,21077.0,5157.0,11296.0,,,,,,,,,Cascadia College,Predominantly associate's-degree,Bachelor's
4147,37647.0,21870.0,21870.0,,,,,,,,,MDT College of Health Sciences,Predominantly certificate-degree,Certificate
4153,18075.0,12480.0,12480.0,,,,,,,,,The King's University,Predominantly bachelor's-degree,Graduate
4154,33133.0,16467.0,16467.0,,,,,,,,,Fortis College-Baton Rouge,Predominantly certificate-degree,Associate's
4158,30435.0,14946.0,14946.0,,,,,,,,,Fortis College-Orange Park,Predominantly certificate-degree,Associate's
4161,13032.0,7203.0,7516.0,,,,,,,,,Pacific Islands University,Predominantly bachelor's-degree,Bachelor's
4163,17760.0,10088.0,10088.0,,,,,,,,,Rosedale Bible College,Predominantly associate's-degree,Associate's
4168,32167.0,16657.0,16657.0,,,,,,,,,Aviation Institute of Maintenance-Atlanta,Predominantly certificate-degree,Associate's
4171,29692.0,15837.0,15837.0,,,,,,,,,Remington College-Baton Rouge Campus,Predominantly certificate-degree,Associate's
4173,15060.0,3312.0,4752.0,,,,,,,,,Arkansas State University-Newport,Predominantly certificate-degree,Associate's
4174,15539.0,8954.0,8954.0,,,,,,,,,Atenas University,Predominantly associate's-degree,Graduate
4176,20170.0,10970.0,10970.0,,,,,,,,,Interactive College of Technology,Predominantly certificate-degree,Associate's
4177,38047.0,25900.0,25900.0,,,,,,,,,Pillar College,Predominantly bachelor's-degree,Graduate
4179,29798.0,13566.0,37356.0,605.0,538.0,670.0,648.0,1255.0,,,25.0,Oregon State University-Cascades Campus,Predominantly bachelor's-degree,Graduate
4185,19424.0,2730.0,2730.0,,,,,,,,,Saginaw Chippewa Tribal College,Predominantly associate's-degree,Associate's
4189,39461.0,19040.0,19040.0,,,,,,,,,Smith Chason College,Predominantly associate's-degree,Bachelor's
4195,28916.0,19025.0,19025.0,,,,,,,,,Texas County Technical College,Predominantly certificate-degree,Associate's
4196,31898.0,16757.0,16757.0,,,,,,,,,Aviation Institute of Maintenance-Kansas City,Predominantly certificate-degree,Certificate
4200,22780.0,13000.0,13000.0,,,,,,,,,Yeshiva Shaarei Torah of Rockland,Predominantly associate's-degree,Bachelor's
4202,42272.0,22947.0,22947.0,,,,,,,,,American Institute of Alternative Medicine,Predominantly certificate-degree,Graduate
4206,12652.0,4560.0,4560.0,,,,,,,,,Universidad Pentecostal Mizpa,Predominantly bachelor's-degree,Graduate
4207,11284.0,8700.0,8700.0,,,,,,,,,Caribbean Forensic and Technical College,Predominantly certificate-degree,Certificate
4209,19245.0,2844.0,12924.0,,,,,,,,,Lamar Institute of Technology,Predominantly associate's-degree,Associate's
4210,31817.0,16757.0,16757.0,,,,,,,,,Aviation Institute of Maintenance-Dallas,Predominantly certificate-degree,Certificate
4214,23718.0,6765.0,21833.0,,,,,,,,,Nevada State University,Predominantly bachelor's-degree,Graduate
4215,23561.0,7159.0,19759.0,,,,,,,,,California State University-Channel Islands,Predominantly bachelor's-degree,Graduate
4216,86474.0,66398.0,66398.0,723.0,770.0,768.0,790.0,1520.0,,,35.0,Franklin W Olin College of Engineering,Predominantly bachelor's-degree,Bachelor's
4223,47879.0,32933.0,32933.0,,,,,,,,,Saint Joseph's University - Lancaster,Predominantly associate's-degree,Graduate
4224,25936.0,14798.0,14798.0,,,,,,,,,West Virginia Junior College-Bridgeport,Predominantly associate's-degree,Associate's
4226,23501.0,11210.0,11210.0,,,,,,,,,Interactive College of Technology-Gainesville,Predominantly certificate-degree,Associate's
4228,23944.0,9660.0,9660.0,,,,,,,,,Alaska Christian College,Predominantly associate's-degree,Associate's
4229,15318.0,8520.0,8520.0,,,,,,,,,University of Arkansas Grantham,Predominantly bachelor's-degree,Graduate
4234,8282.0,932.0,932.0,,,,,,,,,Tohono O'odham Community College,Predominantly associate's-degree,Associate's
4243,31368.0,8850.0,8850.0,,,,,,,,,Faith International University,Predominantly bachelor's-degree,Graduate
4254,39014.0,25080.0,25080.0,,,,,,,,,Southeastern College-Charleston,Predominantly certificate-degree,Associate's
4258,55938.0,36854.0,36854.0,,,,,,,,,West Coast University-Los Angeles,Predominantly bachelor's-degree,Bachelor's
4260,31868.0,18628.0,18628.0,,,,,,,,,Triangle Tech Inc-Sunbury,Predominantly associate's-degree,Associate's
4261,55588.0,38950.0,38950.0,590.0,560.0,700.0,700.0,1297.0,27.0,29.0,28.0,DigiPen Institute of Technology,Predominantly bachelor's-degree,Graduate
4262,14707.0,5762.0,13660.0,,,,,,,,,Pierpont Community and Technical College,Predominantly associate's-degree,Associate's
4263,11993.0,8180.0,8180.0,,,,,,,,,Dewey University-Hato Rey,Predominantly bachelor's-degree,Graduate
4265,29923.0,13040.0,13040.0,,,,,,,,,American College of Healthcare Sciences,Predominantly certificate-degree,Graduate
4270,21968.0,10970.0,10970.0,,,,,,,,,Interactive College of Technology,Predominantly associate's-degree,Associate's
4272,25158.0,13920.0,13920.0,,,,,,,,,Strayer University-Tennessee,Predominantly bachelor's-degree,Graduate
4280,12185.0,8695.0,8695.0,,,,,,,,,Bayamon Community College,Predominantly certificate-degree,Certificate
4281,13901.0,1288.0,12616.0,,,,,,,,,Folsom Lake College,Predominantly associate's-degree,Associate's
4291,13755.0,9180.0,9180.0,,,,,,,,,Baptist University of the Americas,Predominantly bachelor's-degree,Graduate
4293,20540.0,10480.0,10480.0,,,,,,,,,Beis Medrash Heichal Dovid,Predominantly bachelor's-degree,Bachelor's
4300,32893.0,18827.0,18827.0,,,,,,,,,Culinary Institute Inc,Predominantly associate's-degree,Associate's
4301,23183.0,15462.0,15462.0,,,,,,,,,Escuela Hotelera de San Juan,Predominantly certificate-degree,Certificate
4303,10907.0,8400.0,8400.0,,,,,,,,,Industrial Technical College,Predominantly certificate-degree,Certificate
4311,39250.0,25080.0,25080.0,,,,,,,,,Southeastern College-Columbia,Predominantly certificate-degree,Associate's
4314,15667.0,4938.0,12304.0,,,,,,,,,Mountwest Community and Technical College,Predominantly associate's-degree,Associate's
4315,22256.0,12397.0,12397.0,,,,,,,,,American InterContinental University System,Predominantly bachelor's-degree,Graduate
4317,26087.0,14829.0,14829.0,,,,,,,,,American InterContinental University-Houston,Predominantly bachelor's-degree,Graduate
4318,39665.0,15623.0,49823.0,,,,,,,,,University of California-Merced,Predominantly bachelor's-degree,Graduate
4319,31706.0,16373.0,16373.0,,,,,,,,,Remington College-North Houston Campus,Predominantly certificate-degree,Associate's
4322,34630.0,16258.0,16258.0,,,,,,,,,Remington College-Nashville Campus,Predominantly certificate-degree,Associate's
4323,22310.0,7440.0,7440.0,,,,,1120.0,19.0,25.0,,Central Methodist University-College of Graduate and Extended Studies,Predominantly bachelor's-degree,Graduate
4329,45890.0,27360.0,27360.0,410.0,460.0,585.0,490.0,1093.0,21.0,26.0,,Neumont College of Computer Science,Predominantly bachelor's-degree,Bachelor's
4330,58022.0,42419.0,42419.0,450.0,430.0,570.0,560.0,1007.0,16.0,23.0,,Johnson & Wales University-Charlotte,Predominantly associate's-degree,Bachelor's
4332,31929.0,14839.0,14839.0,,,,,,,,,Fortis Institute-Port Saint Lucie,Predominantly certificate-degree,Associate's
4333,30992.0,16757.0,16757.0,,,,,,,,,Aviation Institute of Maintenance-Manassas,Predominantly certificate-degree,Certificate
4344,46129.0,30198.0,30198.0,,,,,,,,,Ave Maria University,Predominantly bachelor's-degree,Graduate
4347,28779.0,18168.0,18168.0,,,,,,,,,Cambridge College of Healthcare & Technology,Predominantly certificate-degree,Associate's
4349,32225.0,14895.0,14895.0,,,,,,,,,ATA Career Education,Predominantly certificate-degree,Associate's
4350,27218.0,9675.0,9675.0,,,,,,,,,Community Christian College,Predominantly associate's-degree,Associate's
4353,31571.0,16850.0,16850.0,,,,,,,,,Ecclesia College,Predominantly bachelor's-degree,Bachelor's
4355,12400.0,9180.0,9180.0,,,,,,,,,Estelle Medical Academy,Predominantly certificate-degree,Certificate
4359,25581.0,10140.0,10140.0,,,,,,,,,John D Rockefeller IV Career Center,Predominantly certificate-degree,Certificate
4360,49705.0,30540.0,30540.0,,,,,,,,,Los Angeles College of Music,Predominantly bachelor's-degree,Bachelor's
4361,8467.0,7277.0,7277.0,,,,,,,,,Rosslyn Training Academy of Cosmetology,Predominantly certificate-degree,Certificate
4362,29991.0,17514.0,17514.0,,,,,,,,,SAE Institute of Technology-Nashville,Predominantly certificate-degree,Bachelor's
4365,24110.0,11822.0,11822.0,,,,,,,,,Universal College of Healing Arts,Predominantly certificate-degree,Certificate
4366,21682.0,16000.0,16000.0,,,,,,,,,Uta Mesivta of Kiryas Joel,Predominantly bachelor's-degree,Bachelor's
4367,35893.0,24400.0,24400.0,,,,,,,,,Harrisburg University of Science and Technology,Predominantly bachelor's-degree,Graduate
4368,11522.0,4752.0,8808.0,,,,,,,,,Blue Ridge Community and Technical College,Predominantly associate's-degree,Associate's
4375,30016.0,21680.0,21680.0,,,,,,,,,Joyce University of Nursing and Health Sciences,Predominantly associate's-degree,Graduate
4380,12132.0,5156.0,9646.0,,,,,,,,,New River Community and Technical College,Predominantly associate's-degree,Associate's
4384,22547.0,4532.0,13844.0,,,,,,,,20.0,Georgia Gwinnett College,Predominantly bachelor's-degree,Bachelor's
4396,48190.0,44975.0,44975.0,,,,,,,,,Aviator College of Aeronautical Science and Technology,Predominantly certificate-degree,Associate's
4402,31920.0,14200.0,14200.0,,,,,,,,,ATA College,Predominantly associate's-degree,Associate's
4403,24956.0,10460.0,10460.0,,,,,,,,,SUM Bible College and Theological Seminary,Predominantly bachelor's-degree,Graduate
4420,21457.0,1384.0,10954.0,,,,,,,,,Lemoore College,Predominantly associate's-degree,Associate's
4421,29518.0,16699.0,16699.0,,,,,,,,,Stautzenberger College-Brecksville,Predominantly associate's-degree,Associate's
4423,27601.0,14078.0,14078.0,,,,,,,,,Rasmussen University-Illinois,Predominantly associate's-degree,Associate's
4427,31485.0,18513.0,18513.0,,,,,,,,,Triangle Tech Inc-Bethlehem,Predominantly associate's-degree,Associate's
4429,25158.0,13920.0,13920.0,,,,,,,,,Strayer University-Florida,Predominantly bachelor's-degree,Graduate
4431,24550.0,14030.0,14030.0,,,,,,,,,CBT Technology Institute-Main Campus,Predominantly certificate-degree,Associate's
4432,17988.0,14030.0,14030.0,,,,,,,,,CBT Technology Institute-Hialeah,Predominantly certificate-degree,Associate's
4433,11572.0,7630.0,7630.0,,,,,,,,,Dewey University-Juana Diaz,Predominantly certificate-degree,Graduate
4437,18768.0,8400.0,8400.0,,,,,,,,,American Public University System,Predominantly bachelor's-degree,Graduate
4440,54947.0,37635.0,37635.0,,,,,,,,,Gnomon,Predominantly bachelor's-degree,Bachelor's
4448,27241.0,14580.0,14580.0,,,,,,,,,Taylor College,Predominantly associate's-degree,Associate's
4450,30162.0,15575.0,15575.0,,,,,,,,,Louisiana Culinary Institute,Predominantly associate's-degree,Associate's
4451,14000.0,8100.0,8100.0,,,,,,,,,Bais Medrash Toras Chesed,Predominantly bachelor's-degree,Bachelor's
4454,33911.0,18122.0,18122.0,,,,,,,,,Dayton School of Medical Massage,Predominantly certificate-degree,Certificate
4455,30905.0,18850.0,18850.0,,,,,,,,,ATA College,Predominantly associate's-degree,Associate's
4456,31820.0,22000.0,22000.0,,,,,1050.0,19.0,30.0,19.0,Visible Music College,Predominantly bachelor's-degree,Graduate
4462,21278.0,15446.0,15446.0,,,,,,,,,University of the West,Predominantly bachelor's-degree,Graduate
4464,30414.0,18145.0,18145.0,,,,,,,,,South University-Tampa,Predominantly bachelor's-degree,Graduate
4472,34877.0,14935.0,14935.0,,,,,,,,,Fortis College-Columbus,Predominantly certificate-degree,Associate's
4473,36925.0,14763.0,14763.0,,,,,,,,,Fortis College-Cincinnati,Predominantly certificate-degree,Associate's
4475,25158.0,13920.0,13920.0,,,,,,,,,Strayer University-Delaware,Predominantly bachelor's-degree,Graduate
4490,18226.0,6760.0,6760.0,,,,,,,,,Columbia Southern University,Predominantly bachelor's-degree,Graduate
4512,38136.0,25080.0,25080.0,,,,,,,,,Southeastern College-Charlotte,Predominantly certificate-degree,Associate's
4513,36850.0,11450.0,11450.0,,,,,,,,,Yeshivas Be'er Yitzchok,Predominantly bachelor's-degree,Bachelor's
4514,23250.0,12750.0,12750.0,,,,,,,,,Yeshiva Toras Chaim,Predominantly bachelor's-degree,Bachelor's
4515,19000.0,13200.0,13200.0,,,,,,,,,Talmudical Seminary of Bobov,Predominantly bachelor's-degree,Bachelor's
4524,23987.0,16000.0,16000.0,,,,,,,,,Southwest University at El Paso,Predominantly associate's-degree,Bachelor's
4530,26292.0,20288.0,20288.0,,,,,,,,,Bryant & Stratton College-Wauwatosa,Predominantly associate's-degree,Bachelor's
4531,26339.0,16926.0,16926.0,,,,,,,,,Remington College-Houston Southeast Campus,Predominantly certificate-degree,Certificate
4532,37279.0,16245.0,16245.0,,,,,,,,,Remington College-Shreveport Campus,Predominantly certificate-degree,Bachelor's
4538,7750.0,3850.0,3850.0,,,,,,,,,Escuela De Troqueleria Y Herramentaje,Predominantly certificate-degree,Certificate
4539,35598.0,15627.0,15627.0,,,,,,,,,Fortis Institute-Nashville,Predominantly certificate-degree,Associate's
4540,29920.0,14250.0,14250.0,,,,,,,,,ATA College-Cincinnati,Predominantly associate's-degree,Associate's
4544,34842.0,18048.0,18048.0,,,,,,,,,Galen College of Nursing-Cincinnati,Predominantly associate's-degree,Bachelor's
4550,40826.0,21536.0,21536.0,,,,,,,,,Chamberlain University-Illinois,Predominantly bachelor's-degree,Graduate
4551,42634.0,19975.0,19975.0,,,,,,,,,Chamberlain University-Ohio,Predominantly bachelor's-degree,Bachelor's
4552,45594.0,20785.0,20785.0,,,,,,,,,Chamberlain University-Arizona,Predominantly bachelor's-degree,Bachelor's
4572,28227.0,18168.0,18168.0,,,,,,,,,Cambridge College of Healthcare & Technology,Predominantly associate's-degree,Bachelor's
4590,13121.0,3446.0,7454.0,,,,,,,,,College of Western Idaho,Predominantly associate's-degree,Associate's
4598,35348.0,10800.0,10800.0,,,,,,,,,Yeshiva of Machzikai Hadas,Predominantly bachelor's-degree,Bachelor's
4608,35294.0,15069.0,15069.0,,,,,,,,,Fortis Institute-Pensacola,Predominantly certificate-degree,Associate's
4610,13975.0,1124.0,7656.0,,,,,,,,,Woodland Community College,Predominantly associate's-degree,Associate's
4611,32927.0,15335.0,15335.0,,,,,,,,,Fortis Institute-Birmingham,Predominantly certificate-degree,Associate's
4617,53447.0,36963.0,36963.0,,,,,,,,,Providence Christian College,Predominantly bachelor's-degree,Bachelor's
4631,14970.0,13566.0,13566.0,,,,,,,,,South Texas Training Center,Predominantly certificate-degree,Certificate
4643,33657.0,13474.0,13474.0,,,,,,,,,Fortis College-Salt Lake City,Predominantly associate's-degree,Associate's
4645,23011.0,14547.0,14547.0,,,,,,,,,Polytechnic University of Puerto Rico-Orlando,Predominantly bachelor's-degree,Graduate
4648,25845.0,15886.0,15886.0,,,,,,,,,Geisinger Commonwealth School of Medicine,Predominantly associate's-degree,Graduate
4658,28904.0,15016.0,15016.0,460.0,490.0,690.0,690.0,1183.0,21.0,29.0,26.0,University of Minnesota-Rochester,Predominantly bachelor's-degree,Bachelor's
4659,24770.0,14030.0,14030.0,,,,,,,,,CBT Technology Institute-Cutler Bay,Predominantly certificate-degree,Certificate
4665,37182.0,19975.0,19975.0,,,,,,,,,Chamberlain University-Florida,Predominantly bachelor's-degree,Bachelor's
4668,29680.0,9840.0,9840.0,,,,,,,,,Horizon University,Predominantly certificate-degree,Graduate
4680,24410.0,9810.0,9810.0,,,,,,,,,University of Fort Lauderdale,Predominantly bachelor's-degree,Graduate
4681,30401.0,16757.0,16757.0,,,,,,,,,Aviation Institute of Maintenance-Orlando,Predominantly certificate-degree,Certificate
4687,24042.0,13580.0,13580.0,,,,,,,,,Pacific Rim Christian University,Predominantly associate's-degree,Graduate
4700,15536.0,6600.0,6600.0,,,,,,,,,City Vision University,Predominantly certificate-degree,Graduate
4725,42317.0,20025.0,20025.0,,,,,,,,,Northwest School of Wooden Boat Building,Predominantly associate's-degree,Associate's
4727,34887.0,22506.0,22506.0,,,,,,,,,West Coast University-Orange County,Predominantly bachelor's-degree,Graduate
4728,53706.0,36854.0,36854.0,,,,,,,,,West Coast University-Ontario,Predominantly bachelor's-degree,Bachelor's
4733,35300.0,15072.0,15072.0,,,,,,,,,Fortis College-Indianapolis,Predominantly certificate-degree,Associate's
4741,25158.0,13920.0,13920.0,,,,,,,,,Strayer University-Georgia,Predominantly bachelor's-degree,Graduate
4743,25158.0,13920.0,13920.0,,,,,,,,,Strayer University-South Carolina,Predominantly bachelor's-degree,Graduate
4755,36577.0,18145.0,18145.0,,,,,,,,,South University-Richmond,Predominantly bachelor's-degree,Graduate
4756,36577.0,18145.0,18145.0,,,,,,,,,South University-Virginia Beach,Predominantly bachelor's-degree,Graduate
4773,29016.0,14600.0,14600.0,,,,,,,,,Touro University Worldwide,Predominantly bachelor's-degree,Graduate
4777,28414.0,13450.0,13450.0,,,,,,,,,Herzing University-Kenosha,Predominantly bachelor's-degree,Bachelor's
4778,27844.0,13450.0,13450.0,,,,,,,,,Herzing University-Brookfield,Predominantly bachelor's-degree,Graduate
4779,21655.0,9654.0,23255.0,430.0,410.0,540.0,530.0,955.0,15.0,21.0,20.0,Texas A&M University-San Antonio,Predominantly bachelor's-degree,Graduate
4783,25158.0,13920.0,13920.0,,,,,,,,,Strayer University-Global Region,Predominantly bachelor's-degree,Graduate
4785,27793.0,14777.0,14777.0,,,,,,,,,Fortis College-Columbia,Predominantly certificate-degree,Associate's
4796,26864.0,13365.0,13365.0,,,,,,,,,Johnson & Wales University-Online,Predominantly bachelor's-degree,Graduate
4797,15934.0,1428.0,12498.0,,,,,,,,,Moreno Valley College,Predominantly associate's-degree,Associate's
4798,14075.0,1428.0,12498.0,,,,,,,,,Norco College,Predominantly associate's-degree,Associate's
4799,36916.0,16990.0,16990.0,,,,,,,,,Dorsey College-Saginaw,Predominantly certificate-degree,Certificate
4802,15900.0,8664.0,8664.0,,,,,,,,,ICPR Junior College,Predominantly certificate-degree,Associate's
4804,36252.0,25927.0,25927.0,,,,,,,,,Hawaii Medical College,Predominantly certificate-degree,Associate's
4811,45594.0,20785.0,20785.0,,,,,,,,,Chamberlain University-Virginia,Predominantly bachelor's-degree,Bachelor's
4818,33249.0,17926.0,17926.0,,,,,,,,,Mildred Elley-New York Campus,Predominantly certificate-degree,Associate's
4819,19927.0,7995.0,7995.0,,,,,,,,,Crestpoint University,Predominantly bachelor's-degree,Graduate
4820,24267.0,6906.0,6906.0,,,,,,,,,Carolina College of Biblical Studies,Predominantly bachelor's-degree,Graduate
4825,62210.0,36920.0,36920.0,,,,,,,,,New York Film Academy,Predominantly certificate-degree,Graduate
4835,14424.0,5000.0,5000.0,,,,,,,,,Keweenaw Bay Ojibwa Community College,Predominantly certificate-degree,Associate's
4847,17783.0,9105.0,9105.0,,,,,,,,,Manna University,Predominantly bachelor's-degree,Graduate
4860,26596.0,16398.0,16398.0,,,,,,,,14.0,Simmons College of Kentucky,Predominantly bachelor's-degree,Bachelor's
4863,27981.0,15436.0,15436.0,,,,,,,,,North American University,Predominantly bachelor's-degree,Graduate
4867,18900.0,12460.0,12460.0,,,,,,,,,Keser Torah-Mayan Hatalmud,Predominantly bachelor's-degree,Bachelor's
4871,30138.0,13778.0,13778.0,,,,,,,,,Millennia Atlantic University,Predominantly bachelor's-degree,Graduate
4877,34571.0,19721.0,19721.0,,,,,,,,,Colorado Academy of Veterinary Technology,Predominantly associate's-degree,Associate's
4888,52367.0,30265.0,30265.0,505.0,470.0,660.0,610.0,1130.0,21.0,28.0,22.0,John Paul the Great Catholic University,Predominantly bachelor's-degree,Bachelor's
4889,26946.0,18130.0,40798.0,470.0,460.0,610.0,610.0,1073.0,21.0,27.0,19.0,University of Connecticut-Hartford Campus,Predominantly bachelor's-degree,Graduate
4890,52170.0,35880.0,35880.0,440.0,400.0,590.0,570.0,972.0,16.0,21.0,19.0,Ottawa University-Surprise,Predominantly bachelor's-degree,Graduate
4891,38999.0,19975.0,19975.0,,,,,,,,,Chamberlain University-Missouri,Predominantly bachelor's-degree,Bachelor's
4892,38480.0,20380.0,20380.0,,,,,,,,,Chamberlain University-Texas,Predominantly bachelor's-degree,Bachelor's
4904,12277.0,7630.0,7630.0,,,,,,,,,Dewey University-Manati,Predominantly certificate-degree,Bachelor's
4912,29884.0,12360.0,12360.0,,,,,,,,,Los Angeles Pacific University,Predominantly bachelor's-degree,Graduate
4919,34298.0,18145.0,18145.0,,,,,,,,,South University-Savannah Online,Predominantly bachelor's-degree,Graduate
4926,21546.0,10080.0,10080.0,,,,,,,,,Catholic International University,Predominantly bachelor's-degree,Graduate
4935,13179.0,5194.0,8074.0,,,,,,,,,CUNY Stella and Charles Guttman Community College,Predominantly associate's-degree,Associate's
4937,27748.0,15750.0,15750.0,,,,,,,,,Criswell College,Predominantly bachelor's-degree,Graduate
4943,38272.0,20515.0,20515.0,,,,,,,,,Chamberlain University-Georgia,Predominantly bachelor's-degree,Bachelor's
4944,28094.0,19975.0,19975.0,,,,,,,,,Chamberlain University-Indiana,Predominantly bachelor's-degree,Bachelor's
4945,20483.0,7400.0,7400.0,,,,,,,,,Sessions College for Professional Design,Predominantly certificate-degree,Bachelor's
4956,24300.0,13100.0,13100.0,,,,,,,,,Bais HaMedrash and Mesivta of Baltimore,Predominantly bachelor's-degree,Bachelor's
4960,19850.0,11350.0,11350.0,,,,,,,,,Yeshiva Gedolah Zichron Leyma,Predominantly bachelor's-degree,Bachelor's
4962,19858.0,12300.0,12300.0,,,,,,,,,Be'er Yaakov Talmudic Seminary,Predominantly bachelor's-degree,Bachelor's
4978,21201.0,9000.0,9000.0,,,,,,,,17.0,Colorado State University Global,Predominantly bachelor's-degree,Graduate
4982,30119.0,16574.0,16574.0,,,,,,,,,West Coast University-Texas,Predominantly bachelor's-degree,Graduate
4983,31042.0,18080.0,18080.0,370.0,350.0,510.0,520.0,720.0,,,,Evangel University-James River Assembly of God Church,Predominantly associate's-degree,Associate's
4991,27678.0,15356.0,15356.0,560.0,530.0,680.0,655.0,1248.0,26.0,32.0,,Pennsylvania State University-World Campus,Predominantly bachelor's-degree,Graduate
4998,33349.0,18145.0,18145.0,,,,,,,,,South University-Austin,Predominantly bachelor's-degree,Graduate
4999,21430.0,16299.0,16299.0,,,,,,,,,Bryant & Stratton College-Online,Predominantly certificate-degree,Bachelor's
5003,28676.0,14922.0,14922.0,,,,,,,,,Platt College-Riverside,Predominantly associate's-degree,Bachelor's
5009,24762.0,12780.0,12780.0,,,,,,,,,Florida Institute of Technology-Online,Predominantly bachelor's-degree,Graduate
5010,31095.0,17160.0,17160.0,,,,,,,,,Rasmussen University-Kansas,Predominantly associate's-degree,Bachelor's
5012,19067.0,12442.0,12442.0,,,,,,,,,California Miramar University,Predominantly bachelor's-degree,Graduate
5023,23881.0,6600.0,6600.0,,,,,,,,,College of the Muscogee Nation,Predominantly associate's-degree,Associate's
5025,45179.0,8583.0,8583.0,,,,,,,,,Midwives College of Utah,Predominantly bachelor's-degree,Graduate
5038,30291.0,17924.0,17924.0,,,,,,,,,Helms College,Predominantly certificate-degree,Associate's
5041,27500.0,16200.0,16200.0,,,,,,,,,Institute of Health Sciences,Predominantly certificate-degree,Certificate
5042,19201.0,10500.0,10500.0,,,,,,,,,Mid-South Christian College,Predominantly bachelor's-degree,Bachelor's
5052,11881.0,7720.0,7720.0,,,,,,,,,Grace School of Theology,Predominantly bachelor's-degree,Graduate
5053,18900.0,9600.0,9600.0,,,,,,,,,Yeshiva Gedolah Kesser Torah,Predominantly bachelor's-degree,Bachelor's
5055,24600.0,12500.0,12500.0,,,,,,,,,Yeshiva Yesodei Hatorah,Predominantly bachelor's-degree,Bachelor's
5078,23524.0,8414.0,24734.0,500.0,470.0,590.0,550.0,1070.0,18.0,25.0,25.0,Augusta University,Predominantly bachelor's-degree,Graduate
5079,19617.0,5038.0,16390.0,490.0,460.0,610.0,580.0,1083.0,16.0,24.0,22.0,Middle Georgia State University,Predominantly bachelor's-degree,Graduate
5082,38046.0,25800.0,25800.0,,,,,,,,,Academy of Interactive Entertainment,Predominantly certificate-degree,Certificate
5085,24494.0,10522.0,10522.0,,,,,,,,,Veritas Baptist College,Predominantly bachelor's-degree,Graduate
5087,30078.0,16757.0,16757.0,,,,,,,,,Aviation Institute of Maintenance-Las Vegas,Predominantly certificate-degree,Certificate
5089,25596.0,17408.0,17408.0,,,,,,,,,DeVry College of New York,Predominantly bachelor's-degree,Graduate
5091,40687.0,17408.0,17408.0,,,,,,,,,DeVry University-California,Predominantly certificate-degree,Graduate
5092,40132.0,17408.0,17408.0,,,,,,,,,DeVry University-Florida,Predominantly bachelor's-degree,Graduate
5093,38315.0,17408.0,17408.0,,,,,,,,,DeVry University-Georgia,Predominantly bachelor's-degree,Graduate
5094,38660.0,17408.0,17408.0,330.0,370.0,540.0,490.0,868.0,11.0,19.0,,DeVry University-Illinois,Predominantly certificate-degree,Graduate
5096,42312.0,17408.0,17408.0,,,,,,,,,DeVry University-New Jersey,Predominantly bachelor's-degree,Bachelor's
5097,34318.0,17408.0,17408.0,,,,,,,,,DeVry University-Ohio,Predominantly bachelor's-degree,Graduate
5099,42312.0,17408.0,17408.0,,,,,,,,,DeVry University-Virginia,Predominantly bachelor's-degree,Graduate
5100,18177.0,5285.0,16503.0,500.0,480.0,620.0,590.0,1106.0,19.0,25.0,23.0,University of North Georgia,Predominantly bachelor's-degree,Graduate
5101,16177.0,3314.0,10274.0,,,,,,,,,South Georgia State College,Predominantly associate's-degree,Bachelor's
5103,21817.0,4940.0,21005.0,590.0,580.0,670.0,670.0,1268.0,24.0,30.0,29.0,Florida Polytechnic University,Predominantly bachelor's-degree,Graduate
5108,49856.0,37143.0,37143.0,,,,,,,,23.0,Antioch College,Predominantly bachelor's-degree,Bachelor's
5109,14187.0,7363.0,17154.0,,,,,,,,,Texas A&M University-Central Texas,Predominantly bachelor's-degree,Graduate
5110,14577.0,3448.0,6016.0,,,,,,,,,Central Georgia Technical College,Predominantly certificate-degree,Associate's
5114,14215.0,4159.0,4159.0,,,,,,,,,Louisiana Delta Community College,Predominantly certificate-degree,Associate's
5127,30532.0,15154.0,15154.0,,,,,,,,,Dorsey College-Dearborn,Predominantly certificate-degree,Certificate
5131,27187.0,13575.0,13575.0,,,,,,,,,Ana G. Mendez University,Predominantly bachelor's-degree,Graduate
5132,49166.0,27408.0,27408.0,,,,,,,,,Ohio Institute of Allied Health,Predominantly certificate-degree,Associate's
5175,17843.0,3876.0,16579.0,640.0,610.0,710.0,700.0,1338.0,27.0,31.0,29.0,University of Florida-Online,Predominantly bachelor's-degree,Bachelor's
5177,19909.0,9552.0,9552.0,,,,,,,,,University of Phoenix-Arizona,Predominantly bachelor's-degree,Graduate
5182,15850.0,9000.0,9000.0,,,,,,,,,Rabbinical College Ohr Yisroel,Predominantly bachelor's-degree,Bachelor's
5184,20064.0,9595.0,21894.0,438.0,408.0,573.0,523.0,940.0,,,18.0,University of North Texas at Dallas,Predominantly bachelor's-degree,Graduate
5186,12299.0,5800.0,12428.0,,,,,,,,,BridgeValley Community & Technical College,Predominantly associate's-degree,Associate's
5191,20987.0,8112.0,8112.0,,,,,,,,,Georgia Military College,Predominantly associate's-degree,Bachelor's
5194,36468.0,23317.0,23317.0,,,,,,,,,West Coast University-Miami,Predominantly bachelor's-degree,Bachelor's
5202,10649.0,3268.0,5836.0,,,,,,,,,Coastal Pines Technical College,Predominantly certificate-degree,Associate's
5206,22592.0,9354.0,9354.0,,,,,,,,,ABCO Technology,Predominantly certificate-degree,Associate's
5207,31812.0,15265.0,15265.0,,,,,,,,,Lionel University,Predominantly bachelor's-degree,Graduate
5213,38073.0,21500.0,21500.0,560.0,570.0,640.0,650.0,1190.0,20.0,27.0,24.0,American College of the Building Arts,Predominantly bachelor's-degree,Bachelor's
5214,24524.0,12820.0,12820.0,,,,,,,,,Atlantis University,Predominantly associate's-degree,Graduate
5221,22488.0,10700.0,10700.0,,,,,,,,,Bet Medrash Gadol Ateret Torah,Predominantly bachelor's-degree,Bachelor's
5223,21750.0,10750.0,10750.0,,,,,,,,,Yeshiva Sholom Shachna,Predominantly bachelor's-degree,Bachelor's
5229,25700.0,12600.0,12600.0,,,,,,,,,Beth Medrash Meor Yitzchok,Predominantly associate's-degree,Bachelor's
5231,16184.0,10405.0,10405.0,,,,,,,,,San Ignacio University,Predominantly certificate-degree,Graduate
5233,39005.0,10012.0,10012.0,,,,,,,,,Valor Christian College,Predominantly associate's-degree,Bachelor's
5234,43216.0,11000.0,11000.0,,,,,,,,,Bethany Global University,Predominantly bachelor's-degree,Graduate
5236,36420.0,10320.0,10320.0,,,,,,,,,United International College,Predominantly associate's-degree,Graduate
5241,45405.0,19405.0,19405.0,,,,,,,,,Saint Michael College of Allied Health,Predominantly certificate-degree,Associate's
5249,33205.0,16757.0,16757.0,,,,,,,,,Aviation Institute of Maintenance-Fremont,Predominantly certificate-degree,Certificate
5251,12197.0,8620.0,8620.0,,,,,,,,,PPG Technical College,Predominantly certificate-degree,Certificate
5261,24008.0,5808.0,17736.0,510.0,490.0,620.0,600.0,1113.0,19.0,26.0,23.0,Kennesaw State University,Predominantly bachelor's-degree,Graduate
5265,52511.0,40450.0,40450.0,573.0,560.0,650.0,618.0,1189.0,22.0,27.0,25.0,Milligan University,Predominantly bachelor's-degree,Graduate
5266,33051.0,19975.0,19975.0,,,,,,,,,Chamberlain University-Nevada,Predominantly bachelor's-degree,Bachelor's
5267,33910.0,20785.0,20785.0,,,,,,,,,Chamberlain University-Michigan,Predominantly bachelor's-degree,Bachelor's
5268,38904.0,20785.0,20785.0,,,,,,,,,Chamberlain University-New Jersey,Predominantly bachelor's-degree,Bachelor's
5274,83622.0,64280.0,64280.0,710.0,760.0,760.0,790.0,1520.0,32.0,35.0,33.0,Emory University-Oxford College,Predominantly associate's-degree,Associate's
5276,11896.0,3007.0,5575.0,,,,,,,,,Southern Regional Technical College,Predominantly certificate-degree,Associate's
5278,30500.0,14596.0,14596.0,,,,,,,,,Fortis College-Cuyahoga Falls,Predominantly certificate-degree,Associate's
5279,30987.0,16920.0,16920.0,,,,,,,,,Jones Technical Institute,Predominantly associate's-degree,Associate's
5280,20752.0,7212.0,11812.0,,,,,,,,,Texas State Technical College,Predominantly certificate-degree,Associate's
5282,35587.0,23531.0,23531.0,,,,,,,,,Arizona College of Nursing-Las Vegas,Predominantly bachelor's-degree,Bachelor's
5285,35852.0,23304.0,23304.0,535.0,530.0,650.0,625.0,1180.0,,,,Husson University,Predominantly bachelor's-degree,Graduate
5289,40568.0,14652.0,14652.0,,,,,,,,,Northwest University-Center for Online and Extended Education,Predominantly bachelor's-degree,Graduate
5292,38727.0,24600.0,24600.0,,,,,,,,,Academy of Interactive Entertainment,Predominantly associate's-degree,Associate's
5299,60136.0,29731.0,29731.0,,,,,,,,,Felbry College,Predominantly associate's-degree,Bachelor's
5310,34154.0,10440.0,10440.0,,,,,,,,,Abraham Lincoln University,Predominantly bachelor's-degree,Graduate
5311,48503.0,22725.0,22725.0,,,,,,,,,Med College,Predominantly associate's-degree,Associate's
5312,25566.0,12200.0,12200.0,,,,,,,,,Sonoran Desert Institute,Predominantly certificate-degree,Associate's
5325,19630.0,10480.0,10480.0,,,,,,,,,Elim Bible Institute and College,Predominantly associate's-degree,Bachelor's
5326,21110.0,12010.0,12010.0,,,,,,,,,Beth Medrash of Asbury Park,Predominantly bachelor's-degree,Bachelor's
5328,22595.0,10600.0,10600.0,,,,,,,,,Yeshiva Gedolah Shaarei Shmuel,Predominantly associate's-degree,Bachelor's
5336,55496.0,33000.0,33000.0,,,,,,,,,Seattle Film Institute,Predominantly bachelor's-degree,Graduate
5339,29374.0,21985.0,21985.0,,,,,,,,,California College of Music,Predominantly certificate-degree,Certificate
5343,22228.0,8208.0,8208.0,,,,,,,,,Indiana Wesleyan University-National & Global,Predominantly bachelor's-degree,Graduate
5345,12043.0,3412.0,9952.0,,,,,,,,,Northeast Lakeview College,Predominantly associate's-degree,Associate's
5347,44115.0,20605.0,20605.0,,,,,,,,,John Patrick University of Health and Applied Sciences,Predominantly bachelor's-degree,Graduate
5364,14897.0,1378.0,8638.0,,,,,,,,,Clovis Community College,Predominantly associate's-degree,Associate's
5367,18210.0,15480.0,15480.0,,,,,,,,,Caribbean Aviation Training Institute Inc,Predominantly certificate-degree,Certificate
5370,42634.0,20785.0,20785.0,,,,,,,,,Chamberlain University-North Carolina,Predominantly bachelor's-degree,Bachelor's
5371,37232.0,21271.0,21271.0,,,,,,,,,Chamberlain University-California,Predominantly bachelor's-degree,Bachelor's
5373,15660.0,10101.0,14412.0,,,,,,,,,Purdue University Global,Predominantly certificate-degree,Graduate
5377,32680.0,17575.0,17575.0,,,,,,,,,Carolina University,Predominantly bachelor's-degree,Graduate
5380,40563.0,20838.0,20838.0,,,,,,,,,HCI College,Predominantly associate's-degree,Associate's
5381,23764.0,6200.0,6200.0,,,,,,,,,America Evangelical University,Predominantly bachelor's-degree,Graduate
5386,44210.0,17670.0,17670.0,,,,,,,,,Westcliff University,Predominantly bachelor's-degree,Graduate
5396,22510.0,14175.0,14175.0,,,,,,,,,Yeshiva Shaar Ephraim,Predominantly bachelor's-degree,Bachelor's
5397,39831.0,22270.0,22270.0,,,,,,,,,California Institute of Arts & Technology,Predominantly certificate-degree,Bachelor's
5400,19522.0,10350.0,10350.0,,,,,,,,,Yeshiva Bais Aharon,Predominantly bachelor's-degree,Non-degree-granting
5402,25960.0,14620.0,14620.0,,,,,,,,,Elyon College,Predominantly associate's-degree,Associate's
5414,21700.0,10870.0,10870.0,,,,,,,,,Yeshiva Ohr Naftoli,Predominantly associate's-degree,Bachelor's
5415,20700.0,12000.0,12000.0,,,,,,,,,Bais Medrash Mayan Hatorah,Predominantly associate's-degree,Bachelor's
5424,15571.0,8675.0,16094.0,450.0,440.0,570.0,570.0,1024.0,16.0,24.0,23.0,Purdue University Northwest,Predominantly bachelor's-degree,Graduate
5429,28170.0,14922.0,14922.0,,,,,,,,,Platt College-Anaheim,Predominantly associate's-degree,Bachelor's
5432,30421.0,13806.0,13806.0,,,,,,,,,Fortis College-Cutler Bay,Predominantly associate's-degree,Associate's
5439,34801.0,16364.0,16364.0,,,,,,,,,Galen College of Nursing-ARH,Predominantly associate's-degree,Associate's
5450,23097.0,10250.0,10250.0,,,,,,,,,Bnos Zion Of Bobov Seminary,Predominantly certificate-degree,Associate's
5454,15700.0,6700.0,6700.0,,,,,,,,,Union Bible College,Predominantly associate's-degree,Bachelor's
5458,56036.0,31052.0,31052.0,,,,,,,,,Institute of Medical Ultrasound,Predominantly certificate-degree,Certificate
5461,17600.0,10480.0,10480.0,,,,,,,,,Yeshiva Gedolah Tiferes Boruch,Predominantly bachelor's-degree,Non-degree-granting
5462,22180.0,12150.0,12150.0,,,,,,,,,Yeshiva Chemdas Hatorah,Predominantly associate's-degree,Bachelor's
5463,32300.0,9780.0,9780.0,,,,,,,,,Women's Institute of Torah Seminary and College,Predominantly bachelor's-degree,Bachelor's
5464,23591.0,9150.0,9150.0,,,,,,,,,Yeshiva Gedolah Keren Hatorah,Predominantly associate's-degree,Bachelor's
5471,17850.0,8550.0,8550.0,,,,,,,,,Yeshiva Gedolah of Cliffwood,Predominantly bachelor's-degree,Bachelor's
5475,22250.0,9750.0,9750.0,,,,,,,,,Yeshivas Emek Hatorah,Predominantly bachelor's-degree,Bachelor's
5480,28911.0,13150.0,13150.0,,,,,,,,,Seminary Bnos Chaim,Predominantly certificate-degree,Associate's
5483,13164.0,6640.0,6640.0,,,,,,,,,Red Lake Nation College,Predominantly associate's-degree,Associate's
5489,17050.0,9600.0,9600.0,,,,,,,,,Yeshiva Gedola Tiferes Yerachmiel,Predominantly associate's-degree,Bachelor's
5497,20970.0,11510.0,11510.0,,,,,,,,,Champion Christian College,Predominantly bachelor's-degree,Bachelor's
5509,19138.0,7050.0,14125.0,,,,,,,,,EDP University of Puerto Rico-Villalba,Predominantly associate's-degree,Associate's
5517,38480.0,19975.0,19975.0,,,,,,,,,Chamberlain University-Louisiana,Predominantly bachelor's-degree,Bachelor's
5518,19698.0,8054.0,8054.0,,,,,,,,,Drury University-College of Continuing Professional Studies,Predominantly bachelor's-degree,Bachelor's
5521,26033.0,9896.0,9896.0,,,,,,,,,Indiana Institute of Technology-College of Professional Studies,Predominantly bachelor's-degree,Bachelor's
5528,33993.0,19576.0,19576.0,,,,,,,,,Medical Career College of Northern California,Predominantly certificate-degree,Certificate
5529,34822.0,22140.0,22140.0,,,,,,,,,Premiere International College,Predominantly associate's-degree,Associate's
5531,15497.0,22184.0,22184.0,,,,,,,,,Global Tech College,Predominantly associate's-degree,Associate's
5535,17300.0,9000.0,9000.0,,,,,,,,,Yeshiva of Ocean,Predominantly associate's-degree,Bachelor's
5536,25625.0,14125.0,14125.0,,,,,,,,,Congregation Talmidei Mesivta Tiferes Shmiel Aleksander,Predominantly bachelor's-degree,Bachelor's
5537,35961.0,14030.0,14030.0,,,,,,,,,Young Americans College of the Performing Arts,Predominantly associate's-degree,Associate's
5540,22600.0,9700.0,9700.0,,,,,,,,,Ohel Margulia Seminary,Predominantly certificate-degree,Associate's
5541,25480.0,12380.0,12380.0,,,,,,,,,Yeshivat Hechal Shemuel,Predominantly associate's-degree,Bachelor's
5545,22130.0,9030.0,9030.0,,,,,,,,,Yeshiva Gedolah of Woodlake Village,Predominantly associate's-degree,Bachelor's
5551,22983.0,12750.0,12750.0,,,,,,,,,New York Seminary,Predominantly certificate-degree,Associate's
5554,27138.0,11016.0,11016.0,,,,,,,,,College Unbound,Predominantly bachelor's-degree,Bachelor's
5564,43045.0,23987.0,23987.0,,,,,,,,,Arizona College of Nursing-Dallas,Predominantly bachelor's-degree,Bachelor's
5567,19625.0,7050.0,14125.0,,,,,,,,,EDP University of Puerto Rico-Humacao,Predominantly associate's-degree,Bachelor's
5568,17523.0,7050.0,14125.0,,,,,,,,,EDP University of Puerto Rico-Manati,Predominantly associate's-degree,Bachelor's
5570,31248.0,15120.0,15120.0,,,,,,,,,Fortis Institute-Cookeville,Predominantly associate's-degree,Associate's
5571,24100.0,11000.0,11000.0,,,,,,,,,Derech Hachaim Seminary,Predominantly certificate-degree,Certificate
5579,18421.0,8806.0,8806.0,,,,,,,,,Christ Mission College,Predominantly bachelor's-degree,Bachelor's
5582,17175.0,8756.0,8756.0,403.0,395.0,580.0,525.0,988.0,18.0,21.0,,Urshan University,Predominantly bachelor's-degree,Bachelor's
5587,24473.0,14000.0,14000.0,,,,,,,,,Yeshiva Yesoda Hatorah Vetz Chaim,Predominantly bachelor's-degree,Bachelor's
5589,25440.0,14798.0,14798.0,,,,,,,,,West Virginia Junior College-United Career Institute,Predominantly certificate-degree,Associate's
5590,30005.0,16657.0,16657.0,,,,,,,,,Aviation Institute of Maintenance-Charlotte,Predominantly certificate-degree,Certificate
5591,28524.0,10504.0,19304.0,,,,,,,,,Ponce Health Sciences University-East,Predominantly bachelor's-degree,Graduate
5592,33587.0,16522.0,16522.0,,,,,,,,,Fortis College-Landover,Predominantly certificate-degree,Associate's
5593,28452.0,16699.0,16699.0,,,,,,,,,Stautzenberger College-Rockford Career College,Predominantly certificate-degree,Associate's
5597,25950.0,13850.0,13850.0,,,,,,,,,Apex College of Veterinary Technology,Predominantly associate's-degree,Associate's
5600,36000.0,11500.0,11500.0,,,,,,,,,Bais Medrash of Dexter Park,Predominantly associate's-degree,Bachelor's
5602,33587.0,24180.0,24180.0,,,,,,,,,Oak Valley College,Predominantly bachelor's-degree,Bachelor's
5605,37249.0,25470.0,25470.0,,,,,,,,,Great Lakes Boat Building School,Predominantly certificate-degree,Certificate
5608,18371.0,11350.0,11350.0,,,,,,,,,Pacific Northwest Christian College,Predominantly associate's-degree,Associate's
5620,17684.0,7980.0,7980.0,,,,,,,,,Indian Bible College,Predominantly certificate-degree,Bachelor's
5630,41613.0,23093.0,23093.0,,,,,,,,,Arizona College of Nursing-Tampa,Predominantly bachelor's-degree,Bachelor's
5632,41932.0,24944.0,24944.0,,,,,,,,,Arizona College of Nursing-Tucson,Predominantly bachelor's-degree,Bachelor's
5633,42097.0,26041.0,26041.0,,,,,,,,,Arizona College of Nursing-Phoenix,Predominantly bachelor's-degree,Bachelor's
5638,35532.0,16990.0,16990.0,,,,,,,,,Dorsey College-Woodhaven,Predominantly certificate-degree,Certificate
5648,31270.0,19005.0,19005.0,,,,,,,,,Triangle Tech-Chambersburg,Predominantly associate's-degree,Associate's
5649,39585.0,19068.0,19068.0,,,,,,,,,Provo College-Idaho Falls Campus,Predominantly bachelor's-degree,Graduate
5650,35847.0,19068.0,19068.0,,,,,,,,,Eagle Gate College-Boise Campus,Predominantly bachelor's-degree,Graduate
5652,23049.0,25672.0,25672.0,,,,,,,,,Agape College of Business and Science,Predominantly certificate-degree,Bachelor's
5660,29450.0,13400.0,13400.0,,,,,,,,,Antigua College International,Predominantly bachelor's-degree,Bachelor's
5667,14480.0,10479.0,10479.0,,,,,,,,,Lakewood University,Predominantly certificate-degree,Graduate
5677,27494.0,13450.0,13450.0,,,,,,,,,Herzing University-Tampa,Predominantly associate's-degree,Bachelor's
5678,34872.0,17048.0,17048.0,,,,,,,,,Galen Health Institutes-Miami Campus,Predominantly associate's-degree,Bachelor's
5679,29094.0,12289.0,12289.0,,,,,,,,,Remington College-Online Dallas,Predominantly bachelor's-degree,Bachelor's
5680,30295.0,14520.0,14520.0,,,,,,,,,Abilene Christian University-Undergraduate Online,Predominantly bachelor's-degree,Bachelor's
5681,15639.0,1378.0,8638.0,,,,,,,,,Madera Community College,Predominantly associate's-degree,Associate's
5684,34872.0,17048.0,17048.0,,,,,,,,,Galen Health Institutes-Austin Campus,Predominantly associate's-degree,Bachelor's
5685,35603.0,17048.0,17048.0,,,,,,,,,Galen Health Institutes-Nashville Campus,Predominantly associate's-degree,Bachelor's
5690,28405.0,18300.0,18300.0,,,,,,,,,Great Northern University,Predominantly bachelor's-degree,Bachelor's
5692,41871.0,22587.0,22587.0,,,,,,,,,Arizona College of Nursing-Salt Lake City,Predominantly bachelor's-degree,Bachelor's
5693,34393.0,18835.0,18835.0,,,,,,,,,Arizona College-Glendale,Predominantly certificate-degree,Associate's
5701,26460.0,19150.0,19150.0,,,,,,,,,Academia Medical Institute,Predominantly certificate-degree,Certificate
5704,14180.0,6600.0,6600.0,,,,,,,,,Bridges Christian College,Predominantly bachelor's-degree,Graduate
5712,32536.0,12374.0,12374.0,,,,,,,,,Reach University,Predominantly bachelor's-degree,Graduate
5720,32217.0,16657.0,16657.0,,,,,,,,,Aviation Institute of Maintenance-Chicago,Predominantly certificate-degree,Certificate
5721,26454.0,8175.0,8175.0,,,,,,,,,Evangel University-College of Online Learning,Predominantly bachelor's-degree,Bachelor's
5722,38305.0,20100.0,20100.0,,,,,,,,,Marian University-Ancilla,Predominantly associate's-degree,Associate's
5731,42280.0,24944.0,24944.0,,,,,,,,,Arizona College of Nursing-Southfield,Predominantly bachelor's-degree,Bachelor's
5732,35116.0,17048.0,17048.0,,,,,,,,,Galen Health Institutes-Sarasota,Predominantly associate's-degree,Associate's
5733,35576.0,17048.0,17048.0,,,,,,,,,Galen Health Institutes-Gainesville,Predominantly associate's-degree,Associate's
5734,31963.0,16364.0,16364.0,,,,,,,,,Galen Health Institutes-Richmond,Predominantly associate's-degree,Associate's
5735,34232.0,16364.0,16364.0,,,,,,,,,Galen Health Institutes-Myrtle Beach,Predominantly associate's-degree,Associate's
5736,35990.0,17048.0,17048.0,,,,,,,,,Galen Health Institutes-Asheville,Predominantly associate's-degree,Associate's
5747,42280.0,24413.0,24413.0,,,,,,,,,Arizona College of Nursing-Falls Church,Predominantly bachelor's-degree,Non-degree-granting
5748,52480.0,31637.0,31637.0,,,,,,,,,Arizona College of Nursing-Ontario,Predominantly bachelor's-degree,Bachelor's
5749,35856.0,17048.0,17048.0,,,,,,,,,Galen Health Institutes-Houston,Predominantly associate's-degree,Non-degree-granting
5750,34556.0,16364.0,16364.0,,,,,,,,,Galen Health Institutes-Pikeville,Predominantly certificate-degree,Associate's
5752,25161.0,11046.0,22870.0,500.0,490.0,600.0,590.0,1090.0,,,,Commonwealth University of Pennsylvania,Predominantly bachelor's-degree,Graduate
5753,26916.0,11436.0,16054.0,480.0,460.0,580.0,560.0,1063.0,17.0,25.0,,Pennsylvania Western University,Predominantly bachelor's-degree,Graduate
5764,21356.0,14000.0,14000.0,,,,,,,,,Yeshiva of Kasho,Predominantly bachelor's-degree,Bachelor's
5774,22355.0,14000.0,14000.0,,,,,,,,,Yeshivas Sanz Klauzenburg,Predominantly bachelor's-degree,Bachelor's
5781,28414.0,13450.0,13450.0,,,,,,,,,Herzing University-Nashville,Predominantly certificate-degree,Associate's
5783,32076.0,9695.0,9695.0,,,,,,,,,Dorsey College-Grand Rapids,Predominantly certificate-degree,Certificate
5785,35565.0,17048.0,17048.0,,,,,,,,,Galen Health Institutes-Dallas,Predominantly certificate-degree,Certificate
5786,33329.0,16364.0,16364.0,,,,,,,,,Galen Health Institutes-Roanoke,Predominantly associate's-degree,Associate's
5787,36569.0,16364.0,16364.0,,,,,,,,,Galen Health Institutes-Wichita,Predominantly associate's-degree,Non-degree-granting
5788,37969.0,16364.0,16364.0,,,,,,,,,Galen Health Institutes-Salt Lake City,Predominantly associate's-degree,Non-degree-granting
5792,34305.0,23093.0,23093.0,,,,,,,,,Arizona College of Nursing-Sarasota,Predominantly bachelor's-degree,Non-degree-granting
5793,43920.0,24653.0,24653.0,,,,,,,,,Arizona College of Nursing-Aurora,Predominantly bachelor's-degree,Non-degree-granting
5794,44576.0,23760.0,23760.0,,,,,,,,,Arizona College of Nursing-Cincinnati,Predominantly bachelor's-degree,Non-degree-granting
5795,46107.0,23760.0,23760.0,,,,,,,,,Arizona College of Nursing-Cleveland,Predominantly bachelor's-degree,Non-degree-granting
5799,31494.0,14497.0,14497.0,,,,,,,,,Townsend Barber Institute,Predominantly certificate-degree,Certificate
5800,10200.0,9395.0,9395.0,,,,,,,,,Puerto Rico Advance Institute,Predominantly certificate-degree,Certificate
5824,24368.0,18215.0,18215.0,,,,,,,,,Southwest Michigan Beauty School,Predominantly certificate-degree,Certificate
5835,42703.0,24653.0,24653.0,,,,,,,,,Arizona College of Nursing - Chesapeake,Predominantly bachelor's-degree,Non-degree-granting
5836,48113.0,24653.0,24653.0,,,,,,,,,Arizona College of Nursing - Hartford,Predominantly bachelor's-degree,Non-degree-granting
