latest.cost.attendance.academic_year,latest.cost.tuition.in_state,latest.cost.tuition.out_of_state,latest.admissions.sat_scores.25th_percentile.critical_reading,latest.admissions.sat_scores.25th_percentile.math,latest.admissions.sat_scores.75th_percentile.critical_reading,latest.admissions.sat_scores.75th_percentile.math,latest.admissions.sat_scores.average.overall,latest.admissions.act_scores.25th_percentile.cumulative,latest.admissions.act_scores.75th_percentile.cumulative,latest.admissions.act_scores.midpoint.cumulative,school.name,school.city,school.state,school.region_id,school.degrees_awarded.predominant,school.degrees_awarded.highest
27153.0,10024.0,18634.0,420.0,390.0,530.0,510.0,938.0,14.0,19.0,18.0,Alabama A & M University,Normal,AL,Southeast,Bachelor,Graduate
28145.0,9098.0,22562.0,600.0,610.0,710.0,740.0,1258.0,23.0,30.0,27.0,University of Alabama at Birmingham,Birmingham,AL,Southeast,Bachelor,Graduate
27392.0,12132.0,26408.0,600.0,610.0,690.0,720.0,1319.0,24.0,31.0,28.0,University of Alabama in Huntsville,Huntsville,AL,Southeast,Bachelor,Graduate
23586.0,11248.0,19576.0,399.0,350.0,505.0,462.0,976.0,15.0,20.0,18.0,Alabama State University,Montgomery,AL,Southeast,Bachelor,Graduate
33382.0,12180.0,34172.0,590.0,580.0,690.0,710.0,1285.0,24.0,31.0,26.0,The University of Alabama,Tuscaloosa,AL,Southeast,Bachelor,Graduate
21413.0,5110.0,8980.0,,,,,,,,,Central Alabama Community College,Alexander City,AL,Southeast,Certificate,Associate
21353.0,9700.0,20668.0,538.0,498.0,603.0,600.0,1093.0,18.0,24.0,21.0,Auburn University at Montgomery,Montgomery,AL,Southeast,Bachelor,Graduate
34919.0,12890.0,34922.0,630.0,630.0,690.0,700.0,1345.0,26.0,31.0,,Auburn University,Auburn,AL,Southeast,Bachelor,Graduate
12600.0,5100.0,8970.0,,,,,,,,,Chattahoochee Valley Community College,Phenix City,AL,Southeast,Associate,Associate
34793.0,18145.0,18145.0,,,,,,,,,South University-Montgomery,Montgomery,AL,Southeast,Bachelor,Graduate
19956.0,5100.0,8970.0,,,,,,,,,Enterprise State Community College,Enterprise,AL,Southeast,Associate,Associate
20605.0,5040.0,8910.0,,,,,,,,,Coastal Alabama Community College,Bay Minette,AL,Southeast,Certificate,Associate
37626.0,23920.0,23920.0,,,,,1020.0,18.0,21.0,20.0,Faulkner University,Montgomery,AL,Southeast,Bachelor,Graduate
10189.0,4272.0,7368.0,,,,,,,,,Gadsden State Community College,Gadsden,AL,Southeast,Certificate,Associate
9308.0,4980.0,8850.0,,,,,,,,,George C Wallace Community College-Dothan,Dothan,AL,Southeast,Certificate,Associate
19008.0,5220.0,9090.0,,,,,,,,,George C Wallace State Community College-Hanceville,Hanceville,AL,Southeast,Certificate,Associate
19175.0,4740.0,8610.0,,,,,,,,,George C Wallace State Community College-Selma,Selma,AL,Southeast,Certificate,Associate
27750.0,13450.0,13450.0,,,,,,,,,Herzing University-Birmingham,Birmingham,AL,Southeast,Associate,Bachelor
40908.0,29070.0,29070.0,533.0,473.0,610.0,610.0,1142.0,20.0,25.0,22.0,Huntingdon College,Montgomery,AL,Southeast,Bachelor,Graduate
20909.0,11982.0,11982.0,,,,,1020.0,18.0,19.0,,Heritage Christian University,Florence,AL,Southeast,Bachelor,Graduate
14456.0,5190.0,9060.0,,,,,,,,,J. F. Drake State Community and Technical College,Huntsville,AL,Southeast,Certificate,Associate
24257.0,12894.0,23334.0,500.0,500.0,630.0,660.0,1059.0,17.0,24.0,20.0,Jacksonville State University,Jacksonville,AL,Southeast,Bachelor,Graduate
14814.0,5100.0,8970.0,,,,,,,,,Jefferson State Community College,Birmingham,AL,Southeast,Associate,Associate
13073.0,5120.0,8990.0,,,,,,,,,John C Calhoun State Community College,Tanner,AL,Southeast,Certificate,Associate
14895.0,5040.0,8910.0,,,,,,,,,Lawson State Community College,Birmingham,AL,Southeast,Associate,Associate
22758.0,10990.0,20090.0,440.0,420.0,560.0,560.0,1015.0,16.0,21.0,19.0,University of West Alabama,Livingston,AL,Southeast,Bachelor,Graduate
12392.0,5190.0,9060.0,,,,,,,,,Lurleen B Wallace Community College,Andalusia,AL,Southeast,Associate,Associate
18743.0,9538.0,15538.0,520.0,520.0,640.0,630.0,1068.0,16.0,23.0,22.0,Marion Military Institute,Marion,AL,Southeast,Associate,Associate
21154.0,13314.0,13314.0,,,,,,,,,Miles College,Fairfield,AL,Southeast,Bachelor,Bachelor
41115.0,26910.0,26910.0,,,,,1220.0,22.0,28.0,,University of Mobile,Mobile,AL,Southeast,Bachelor,Graduate
27398.0,13948.0,26968.0,,,,,,,,23.0,University of Montevallo,Montevallo,AL,Southeast,Bachelor,Graduate
11340.0,5131.0,9001.0,,,,,,,,,Northwest Shoals Community College,Muscle Shoals,AL,Southeast,Certificate,Associate
23786.0,12120.0,22320.0,,,,,,,,,University of North Alabama,Florence,AL,Southeast,Bachelor,Graduate
11620.0,5040.0,8910.0,,,,,,,,,Northeast Alabama Community College,Rainsville,AL,Southeast,Certificate,Associate
40176.0,22512.0,22512.0,,,,,,,,,Oakwood University,Huntsville,AL,Southeast,Bachelor,Graduate
10739.0,5454.0,9324.0,,,,,,,,,Reid State Technical College,Evergreen,AL,Southeast,Certificate,Associate
13085.0,5340.0,9210.0,,,,,,,,,Bishop State Community College,Mobile,AL,Southeast,Certificate,Associate
57456.0,40150.0,40150.0,550.0,520.0,640.0,610.0,1201.0,22.0,28.0,26.0,Samford University,Birmingham,AL,Southeast,Bachelor,Graduate
20350.0,5127.0,8997.0,,,,,,,,,Shelton State Community College,Tuscaloosa,AL,Southeast,Certificate,Associate
11220.0,5278.0,9664.0,,,,,,,,,Snead State Community College,Boaz,AL,Southeast,Certificate,Associate
25476.0,10116.0,19092.0,500.0,470.0,610.0,580.0,1147.0,20.0,26.0,23.0,University of South Alabama,Mobile,AL,Southeast,Bachelor,Graduate
39936.0,24054.0,24054.0,,,,,1120.0,17.0,29.0,19.0,Spring Hill College,Mobile,AL,Southeast,Bachelor,Graduate
26107.0,12126.0,12126.0,,,,,,,,,Stillman College,Tuscaloosa,AL,Southeast,Bachelor,Bachelor
25185.0,15650.0,15650.0,,,,,,,,,Talladega College,Talladega,AL,Southeast,Bachelor,Graduate
16971.0,5190.0,9060.0,,,,,,,,,H Councill Trenholm State Community College,Montgomery,AL,Southeast,Certificate,Associate
23165.0,10176.0,20352.0,490.0,450.0,620.0,590.0,1088.0,18.0,25.0,21.0,Troy University,Troy,AL,Southeast,Bachelor,Graduate
43454.0,25386.0,25386.0,,,,,1120.0,18.0,25.0,22.0,Tuskegee University,Tuskegee,AL,Southeast,Bachelor,Graduate
32606.0,13800.0,13800.0,,,,,,,,,United States Sports University,Daphne,AL,Southeast,Bachelor,Graduate
13827.0,4734.0,8346.0,,,,,,,,,Bevill State Community College,Jasper,AL,Southeast,Certificate,Associate
24096.0,7738.0,21322.0,,,,,,,,,University of Alaska Anchorage,Anchorage,AK,Northwest,Bachelor,Graduate
28903.0,9730.0,9730.0,,,,,,,,,Alaska Bible College,Palmer,AK,Northwest,Bachelor,Bachelor
22407.0,8736.0,22320.0,,,,,,,,22.0,University of Alaska Fairbanks,Fairbanks,AK,Northwest,Bachelor,Graduate
21043.0,7056.0,20640.0,,,,,,,,,University of Alaska Southeast,Juneau,AK,Northwest,Certificate,Graduate
34026.0,20760.0,20760.0,,,,,,,,,Alaska Pacific University,Anchorage,AK,Northwest,Associate,Graduate
41344.0,18375.0,18375.0,,,,,,,,,Charter College,Anchorage,AK,Northwest,Certificate,Bachelor
30111.0,12223.0,33139.0,,,,,,,,,Arizona State University Campus Immersion,Tempe,AZ,Southwest,Bachelor,Graduate
15868.0,3060.0,9870.0,,,,,,,,,Arizona Western College,Yuma,AZ,Southwest,Certificate,Associate
29423.0,13926.0,42278.0,580.0,570.0,700.0,720.0,1246.0,21.0,29.0,25.0,University of Arizona,Tucson,AZ,Southwest,Bachelor,Graduate
10720.0,2250.0,4500.0,,,,,,,,,Central Arizona College,Coolidge,AZ,Southwest,Certificate,Associate
14342.0,2280.0,6120.0,,,,,,,,,Cochise County Community College District,Sierra Vista,AZ,Southwest,Associate,Associate
16696.0,2352.0,9552.0,,,,,,,,,Eastern Arizona College,Thatcher,AZ,Southwest,Certificate,Associate
62798.0,44149.0,44149.0,580.0,560.0,680.0,690.0,1250.0,24.0,29.0,26.0,Embry-Riddle Aeronautical University-Prescott,Prescott,AZ,Southwest,Bachelor,Graduate
18037.0,2358.0,8958.0,,,,,,,,,Glendale Community College,Glendale,AZ,Southwest,Certificate,Associate
32702.0,17850.0,17850.0,518.0,488.0,580.0,533.0,1077.0,20.0,22.0,,Grand Canyon University,Phoenix,AZ,Southwest,Bachelor,Graduate
19314.0,2358.0,8958.0,,,,,,,,,GateWay Community College,Phoenix,AZ,Southwest,Certificate,Associate
18194.0,2358.0,8958.0,,,,,,,,,Mesa Community College,Mesa,AZ,Southwest,Certificate,Associate
11837.0,2208.0,7968.0,,,,,,,,,Mohave Community College,Kingman,AZ,Southwest,Certificate,Associate
11923.0,1410.0,1410.0,,,,,,,,,Dine College,Tsaile,AZ,Southwest,Associate,Graduate
29933.0,13009.0,29881.0,,,,,,,,,Northern Arizona University,Flagstaff,AZ,Southwest,Bachelor,Graduate
14263.0,2232.0,10320.0,,,,,,,,,Northland Pioneer College,Holbrook,AZ,Southwest,Certificate,Bachelor
18594.0,2358.0,8958.0,,,,,,,,,Phoenix College,Phoenix,AZ,Southwest,Certificate,Associate
9851.0,2442.0,7758.0,,,,,,,,,Pima Community College,Tucson,AZ,Southwest,Certificate,Associate
48532.0,35685.0,35685.0,,,,,,,,,Prescott College,Prescott,AZ,Southwest,Bachelor,Graduate
13425.0,2358.0,8958.0,,,,,,,,,Rio Salado College,Tempe,AZ,Southwest,Certificate,Associate
19281.0,2358.0,8958.0,,,,,,,,,Scottsdale Community College,Scottsdale,AZ,Southwest,Certificate,Associate
18898.0,2358.0,8958.0,,,,,,,,,South Mountain Community College,Phoenix,AZ,Southwest,Certificate,Associate
54792.0,35098.0,35098.0,,,,,,,,20.0,Arizona Christian University,Glendale,AZ,Southwest,Bachelor,Graduate
14988.0,2948.0,9486.0,,,,,,,,,Yavapai College,Prescott,AZ,Southwest,Certificate,Bachelor
22519.0,9748.0,22158.0,490.0,470.0,630.0,580.0,1049.0,17.0,24.0,22.0,University of Arkansas at Little Rock,Little Rock,AR,Southeast,Bachelor,Graduate
23060.0,8760.0,8760.0,,,,,,,,,Arkansas Baptist College,Little Rock,AR,Southeast,Bachelor,Bachelor
44978.0,31000.0,31000.0,,,,,,,,24.0,Lyon College,Batesville,AR,Southeast,Bachelor,Bachelor
27767.0,10104.0,29966.0,520.0,510.0,620.0,600.0,1169.0,21.0,28.0,25.0,University of Arkansas,Fayetteville,AR,Southeast,Bachelor,Graduate
21129.0,9412.0,17992.0,425.0,420.0,570.0,538.0,922.0,14.0,18.0,16.0,University of Arkansas at Pine Bluff,Pine Bluff,AR,Southeast,Bachelor,Graduate
18771.0,3336.0,5232.0,,,,,,,,,Arkansas State University-Beebe,Beebe,AR,Southeast,Certificate,Associate
25082.0,8090.0,14522.0,490.0,480.0,570.0,620.0,1090.0,18.0,24.0,23.0,Arkansas State University,Jonesboro,AR,Southeast,Bachelor,Graduate
22808.0,8674.0,14668.0,450.0,430.0,550.0,550.0,1049.0,17.0,23.0,,Arkansas Tech University,Russellville,AR,Southeast,Certificate,Graduate
22519.0,9292.0,14857.0,,,,,,,,,University of Arkansas at Monticello,Monticello,AR,Southeast,Certificate,Graduate
31961.0,13987.0,13987.0,,,,,,,,,Baptist Health College Little Rock,Little Rock,AR,Southeast,Certificate,Associate
14374.0,4776.0,7488.0,,,,,,,,,Black River Technical College,Pocahontas,AR,Southeast,Certificate,Associate
25029.0,10523.0,18023.0,480.0,430.0,590.0,580.0,1118.0,19.0,25.0,23.0,University of Central Arkansas,Conway,AR,Southeast,Bachelor,Graduate
30605.0,21330.0,21330.0,473.0,410.0,553.0,568.0,1046.0,17.0,23.0,21.0,Central Baptist College,Conway,AR,Southeast,Bachelor,Bachelor
11538.0,4200.0,5070.0,,,,,,,,,Cossatot Community College of the University of Arkansas,De Queen,AR,Southeast,Certificate,Associate
27340.0,16670.0,16670.0,,,,,,,,,Crowley's Ridge College,Paragould,AR,Southeast,Bachelor,Bachelor
13240.0,3300.0,4380.0,,,,,,,,,University of Arkansas-East Arkansas Community College,Forrest City,AR,Southeast,Certificate,Associate
19331.0,5600.0,7280.0,,,,,,,,,National Park College,Hot Springs,AR,Southeast,Certificate,Associate
15808.0,3630.0,4662.0,,,,,,,,,University of Arkansas Community College-Batesville,Batesville,AR,Southeast,Certificate,Associate
39534.0,26262.0,26262.0,530.0,520.0,660.0,630.0,1182.0,20.0,29.0,24.0,Harding University,Searcy,AR,Southeast,Bachelor,Graduate
27385.0,8244.0,10620.0,,,,,,,,21.0,Henderson State University,Arkadelphia,AR,Southeast,Bachelor,Graduate
55013.0,38200.0,38200.0,560.0,563.0,668.0,680.0,1282.0,23.0,31.0,28.0,Hendrix College,Conway,AR,Southeast,Bachelor,Graduate
44710.0,31756.0,31756.0,550.0,520.0,690.0,650.0,1195.0,21.0,28.0,26.0,John Brown University,Siloam Springs,AR,Southeast,Bachelor,Graduate
14365.0,3216.0,4824.0,,,,,,,,,Arkansas State University Mid-South,West Memphis,AR,Southeast,Certificate,Associate
12094.0,2570.0,4250.0,,,,,,,,,Arkansas Northeastern College,Blytheville,AR,Southeast,Certificate,Associate
16846.0,3504.0,5592.0,,,,,,,,,North Arkansas College,Harrison,AR,Southeast,Certificate,Associate
19487.0,6277.0,6277.0,,,,,,,,,Northwest Technical Institute,Springdale,AR,Southeast,Certificate,Certificate
47321.0,34500.0,34500.0,540.0,530.0,650.0,630.0,1211.0,22.0,28.0,,Ouachita Baptist University,Arkadelphia,AR,Southeast,Bachelor,Graduate
14579.0,3788.0,4388.0,,,,,,,,,Arkansas State University Three Rivers,Malvern,AR,Southeast,Certificate,Associate
12069.0,3820.0,6820.0,,,,,,,,,Ozarka College,Melbourne,AR,Southeast,Certificate,Associate
38666.0,25950.0,25950.0,530.0,490.0,590.0,570.0,1105.0,20.0,25.0,21.0,University of the Ozarks,Clarksville,AR,Southeast,Bachelor,Bachelor
15362.0,3648.0,4728.0,,,,,1020.0,17.0,22.0,,University of Arkansas Community College-Morrilton,Morrilton,AR,Southeast,Certificate,Associate
28136.0,13014.0,13014.0,,,,,,,,,Philander Smith University,Little Rock,AR,Southeast,Bachelor,Graduate
11567.0,3380.0,4550.0,,,,,,,,,Phillips Community College of the University of Arkansas,Helena,AR,Southeast,Certificate,Associate
22405.0,5200.0,8650.0,,,,,,,,,Southeast Arkansas College,Pine Bluff,AR,Southeast,Certificate,Associate
20811.0,6300.0,9450.0,,,,,,,,,University of Arkansas-Pulaski Technical College,North Little Rock,AR,Southeast,Certificate,Associate
16307.0,3880.0,5560.0,,,,,,,,,University of Arkansas Hope-Texarkana,Hope,AR,Southeast,Certificate,Associate
13096.0,3696.0,4272.0,,,,,,,,,University of Arkansas Community College Rich Mountain,Mena,AR,Southeast,Certificate,Associate
21735.0,6246.0,6246.0,,,,,,,,,Shorter College,N Little Rock,AR,Southeast,Associate,Associate
33597.0,21070.0,21070.0,,,,,980.0,16.0,21.0,22.0,Williams Baptist University,Walnut Ridge,AR,Southeast,Bachelor,Graduate
12932.0,3324.0,5532.0,,,,,,,,,South Arkansas College,El Dorado,AR,Southeast,Certificate,Associate
24951.0,9960.0,15690.0,450.0,425.0,565.0,540.0,1047.0,17.0,24.0,22.0,Southern Arkansas University Main Campus,Magnolia,AR,Southeast,Bachelor,Graduate
17294.0,5040.0,6480.0,,,,,,,,,Southern Arkansas University Tech,Camden,AR,Southeast,Certificate,Associate
19048.0,7334.0,12182.0,,,,,1050.0,18.0,23.0,,University of Arkansas-Fort Smith,Fort Smith,AR,Southeast,Associate,Graduate
48036.0,30736.0,30736.0,,,,,,,,,Academy of Art University,San Francisco,CA,Northwest,Bachelor,Graduate
18185.0,1258.0,9898.0,,,,,,,,,College of Alameda,Alameda,CA,Northwest,Associate,Associate
13214.0,1156.0,9892.0,,,,,,,,,Allan Hancock College,Santa Maria,CA,Northwest,Certificate,Associate
16384.0,1288.0,12616.0,,,,,,,,,American River College,Sacramento,CA,Northwest,Associate,Associate
12931.0,1124.0,9548.0,,,,,,,,,Antelope Valley Community College District,Lancaster,CA,Northwest,Associate,Bachelor
75649.0,54170.0,54170.0,,,,,,,,,Art Center College of Design,Pasadena,CA,Northwest,Bachelor,Graduate
56313.0,44458.0,44458.0,515.0,468.0,615.0,623.0,1195.0,25.0,30.0,22.0,Azusa Pacific University,Azusa,CA,Northwest,Bachelor,Graduate
22018.0,1430.0,11300.0,,,,,,,,,Bakersfield College,Bakersfield,CA,Northwest,Associate,Bachelor
22193.0,1104.0,9744.0,,,,,,,,,Barstow Community College,Barstow,CA,Northwest,Certificate,Associate
13575.0,7220.0,7220.0,,,,,,,,,Bethesda University,Anaheim,CA,Northwest,Bachelor,Graduate
62757.0,48984.0,48984.0,600.0,560.0,700.0,670.0,1261.0,24.0,29.0,26.0,Biola University,La Mirada,CA,Northwest,Bachelor,Graduate
26732.0,12219.0,12219.0,,,,,,,,,Bryan University,Tempe,AZ,Southwest,Certificate,Graduate
15509.0,1356.0,9276.0,,,,,,,,,Butte College,Oroville,CA,Northwest,Associate,Associate
24966.0,1270.0,9862.0,,,,,,,,,Cabrillo College,Aptos,CA,Northwest,Associate,Associate
54038.0,41228.0,41228.0,,,,,,,,,California Baptist University,Riverside,CA,Northwest,Bachelor,Graduate
79776.0,60226.0,60226.0,,,,,,,,,California College of the Arts,San Francisco,CA,Northwest,Bachelor,Graduate
86886.0,65898.0,65898.0,,,,,,,,,California Institute of Technology,Pasadena,CA,Northwest,Bachelor,Graduate
68426.0,52560.0,52560.0,590.0,560.0,670.0,660.0,1266.0,24.0,31.0,26.0,California Lutheran University,Thousand Oaks,CA,Northwest,Bachelor,Graduate
32265.0,13596.0,34665.0,,,,,,,,,California Polytechnic State University-San Luis Obispo,San Luis Obispo,CA,Northwest,Bachelor,Graduate
19522.0,8090.0,20690.0,,,,,,,,,California State University-Bakersfield,Bakersfield,CA,Northwest,Bachelor,Graduate
19739.0,8246.0,20846.0,,,,,,,,,California State University-Stanislaus,Turlock,CA,Northwest,Bachelor,Graduate
17427.0,8093.0,20693.0,,,,,,,,,California State University-San Bernardino,San Bernardino,CA,Northwest,Bachelor,Graduate
23955.0,7780.0,20380.0,,,,,,,,,California State Polytechnic University-Pomona,Pomona,CA,Northwest,Bachelor,Graduate
26283.0,8472.0,21072.0,,,,,,,,,California State University-Chico,Chico,CA,Northwest,Bachelor,Graduate
23191.0,7449.0,20049.0,,,,,,,,,California State University-Dominguez Hills,Carson,CA,Northwest,Bachelor,Graduate
20095.0,7350.0,19950.0,,,,,,,,,California State University-Fresno,Fresno,CA,Northwest,Bachelor,Graduate
18269.0,7470.0,20070.0,,,,,,,,,California State University-Fullerton,Fullerton,CA,Northwest,Bachelor,Graduate
22850.0,7583.0,20183.0,,,,,,,,,California State University-East Bay,Hayward,CA,Northwest,Bachelor,Graduate
22679.0,7350.0,19950.0,,,,,,,,,California State University-Long Beach,Long Beach,CA,Northwest,Bachelor,Graduate
18403.0,7160.0,19760.0,,,,,,,,,California State University-Los Angeles,Los Angeles,CA,Northwest,Bachelor,Graduate
20485.0,7458.0,20058.0,,,,,,,,,California State University-Northridge,Northridge,CA,Northwest,Bachelor,Graduate
22945.0,8018.0,20618.0,,,,,,,,,California State University-Sacramento,Sacramento,CA,Northwest,Bachelor,Graduate
45619.0,16347.0,50547.0,,,,,,,,,University of California-Berkeley,Berkeley,CA,Northwest,Bachelor,Graduate
41238.0,16774.0,50974.0,,,,,,,,,University of California-Davis,Davis,CA,Northwest,Bachelor,Graduate
38632.0,15722.0,49922.0,,,,,,,,,University of California-Irvine,Irvine,CA,Northwest,Bachelor,Graduate
38614.0,15203.0,49403.0,,,,,,,,,University of California-Los Angeles,Los Angeles,CA,Northwest,Bachelor,Graduate
38942.0,15606.0,49806.0,,,,,,,,,University of California-Riverside,Riverside,CA,Northwest,Bachelor,Graduate
38701.0,16758.0,50958.0,,,,,,,,,University of California-San Diego,La Jolla,CA,Northwest,Bachelor,Graduate
41573.0,16414.0,50614.0,,,,,,,,,University of California-Santa Barbara,Santa Barbara,CA,Northwest,Bachelor,Graduate
41179.0,16005.0,50205.0,,,,,,,,,University of California-Santa Cruz,Santa Cruz,CA,Northwest,Bachelor,Graduate
77560.0,58996.0,58996.0,,,,,,,,,California Institute of the Arts,Valencia,CA,Northwest,Bachelor,Graduate
29853.0,9944.0,22544.0,,,,,,,,,Cal Poly Maritime Academy,Vallejo,CA,Northwest,Bachelor,Graduate
9087.0,1332.0,11384.0,,,,,,,,,Canada College,Redwood City,CA,Northwest,Associate,Associate
11360.0,1166.0,10958.0,,,,,,,,,College of the Canyons,Santa Clarita,CA,Northwest,Associate,Associate
10236.0,1364.0,12004.0,,,,,,,,,Cerritos College,Norwalk,CA,Northwest,Certificate,Associate
25300.0,1384.0,11254.0,,,,,,,,,Cerro Coso Community College,Ridgecrest,CA,Northwest,Associate,Associate
17456.0,1150.0,8686.0,,,,,,,,,Chabot College,Hayward,CA,Northwest,Certificate,Associate
14451.0,1184.0,11120.0,,,,,,,,,Chaffey College,Rancho Cucamonga,CA,Northwest,Associate,Associate
83146.0,64984.0,64984.0,630.0,630.0,720.0,720.0,1357.0,28.0,31.0,29.0,Chapman University,Orange,CA,Northwest,Bachelor,Graduate
39834.0,23000.0,23000.0,,,,,,,,,Charles R Drew University of Medicine and Science,Los Angeles,CA,Northwest,Bachelor,Graduate
58682.0,43480.0,43480.0,,,,,,,,25.0,Concordia University-Irvine,Irvine,CA,Northwest,Bachelor,Graduate
31745.0,28012.0,28012.0,,,,,,,,,San Diego Christian College,Santee,CA,Northwest,Bachelor,Graduate
13699.0,1204.0,10636.0,,,,,,,,,Citrus College,Glendora,CA,Northwest,Certificate,Associate
16870.0,1696.0,14656.0,,,,,,,,,City College of San Francisco,San Francisco,CA,Northwest,Certificate,Associate
86500.0,67980.0,67980.0,720.0,750.0,770.0,790.0,1527.0,33.0,35.0,34.0,Claremont McKenna College,Claremont,CA,Northwest,Bachelor,Graduate
24290.0,1364.0,11612.0,,,,,,,,,Coastline Community College,Fountain Valley,CA,Northwest,Associate,Associate
35722.0,22480.0,22480.0,,,,,,,,,University of Silicon Valley,San Jose,CA,Northwest,Bachelor,Graduate
19870.0,1282.0,9264.0,,,,,,,,,Columbia College,Sonora,CA,Northwest,Associate,Associate
31890.0,25186.0,25186.0,,,,,,,,,California College of ASU,Los Angeles,CA,Northwest,Bachelor,Bachelor
20447.0,1142.0,8822.0,,,,,,,,,Compton College,Compton,CA,Northwest,Associate,Associate
18422.0,1312.0,10320.0,,,,,,,,,Contra Costa College,San Pablo,CA,Northwest,Associate,Associate
14202.0,1288.0,12616.0,,,,,,,,,Cosumnes River College,Sacramento,CA,Northwest,Associate,Associate
20282.0,1188.0,14556.0,,,,,,,,,Crafton Hills College,Yucaipa,CA,Northwest,Associate,Bachelor
20192.0,1350.0,11010.0,,,,,,,,,Cuesta College,San Luis Obispo,CA,Northwest,Certificate,Associate
16690.0,1346.0,11314.0,,,,,,,,,Cuyamaca College,El Cajon,CA,Northwest,Associate,Associate
14290.0,1150.0,12379.0,,,,,,,,,Cypress College,Cypress,CA,Northwest,Certificate,Bachelor
14975.0,1571.0,12596.0,,,,,,,,,De Anza College,Cupertino,CA,Northwest,Associate,Associate
24607.0,1326.0,10174.0,,,,,,,,,College of the Desert,Palm Desert,CA,Northwest,Certificate,Associate
55911.0,29300.0,29300.0,,,,,,,,,Design Institute of San Diego,San Diego,CA,Northwest,Bachelor,Graduate
16774.0,1312.0,10320.0,,,,,,,,,Diablo Valley College,Pleasant Hill,CA,Northwest,Associate,Associate
71751.0,52161.0,52161.0,620.0,590.0,660.0,640.0,1290.0,,,23.0,Dominican University of California,San Rafael,CA,Northwest,Bachelor,Graduate
19193.0,1238.0,10572.0,,,,,,,,,East Los Angeles College,Monterey Park,CA,Northwest,Certificate,Associate
15246.0,1144.0,7630.0,,,,,,,,,El Camino Community College District,Torrance,CA,Northwest,Associate,Associate
22105.0,1366.0,8718.0,,,,,,,,,Evergreen Valley College,San Jose,CA,Northwest,Associate,Associate
20385.0,1465.0,10435.0,,,,,,,,,Feather River Community College District,Quincy,CA,Northwest,Associate,Bachelor
16361.0,1565.0,12590.0,,,,,,,,,Foothill College,Los Altos Hills,CA,Northwest,Certificate,Bachelor
17198.0,1334.0,10154.0,,,,,,,,,Fresno City College,Fresno,CA,Northwest,Certificate,Associate
44249.0,36660.0,36660.0,,,,,,,,21.0,Fresno Pacific University,Fresno,CA,Northwest,Bachelor,Graduate
14369.0,1150.0,12379.0,,,,,,,,,Fullerton College,Fullerton,CA,Northwest,Associate,Associate
15161.0,1508.0,12249.0,,,,,,,,,Gavilan College,Gilroy,CA,Northwest,Associate,Associate
17501.0,1191.0,10935.0,,,,,,,,,Glendale Community College,Glendale,CA,Northwest,Associate,Associate
14618.0,1380.0,11628.0,,,,,,,,,Golden West College,Huntington Beach,CA,Northwest,Associate,Associate
14027.0,1332.0,10628.0,,,,,,,,,Grossmont College,El Cajon,CA,Northwest,Associate,Associate
11892.0,1404.0,10374.0,,,,,,,,,Hartnell College,Salinas,CA,Northwest,Associate,Associate
90165.0,68613.0,68613.0,730.0,770.0,770.0,800.0,1545.0,34.0,36.0,35.0,Harvey Mudd College,Claremont,CA,Northwest,Bachelor,Bachelor
25170.0,8250.0,20850.0,,,,,,,,,California State Polytechnic University-Humboldt,Arcata,CA,Northwest,Bachelor,Graduate
20918.0,13500.0,13500.0,,,,,,,,,Humphreys University,Stockton,CA,Northwest,Bachelor,Graduate
11998.0,1148.0,8852.0,,,,,,,,,Imperial Valley College,Imperial,CA,Northwest,Associate,Associate
13001.0,1156.0,11860.0,,,,,,,,,Irvine Valley College,Irvine,CA,Northwest,Associate,Associate
16881.0,1334.0,10154.0,,,,,,,,,Reedley College,Reedley,CA,Northwest,Certificate,Associate
35062.0,22118.0,22118.0,,,,,,,,,Life Pacific University,San Dimas,CA,Northwest,Bachelor,Graduate
62278.0,49470.0,49470.0,498.0,488.0,663.0,573.0,1083.0,18.0,25.0,21.0,University of La Verne,La Verne,CA,Northwest,Bachelor,Graduate
57989.0,37500.0,37500.0,,,,,,,,,Laguna College of Art and Design,Laguna Beach,CA,Northwest,Bachelor,Graduate
17666.0,1131.0,11103.0,,,,,,,,,Lake Tahoe Community College,South Lake Tahoe,CA,Northwest,Associate,Associate
25335.0,1258.0,9898.0,,,,,,,,,Laney College,Oakland,CA,Northwest,Associate,Associate
20228.0,1144.0,9280.0,,,,,,,,,Lassen Community College,Susanville,CA,Northwest,Associate,Associate
16570.0,14050.0,14050.0,,,,,,,,,Latin American Bible Institute,La Puente,CA,Northwest,Associate,Associate
51459.0,37710.0,37710.0,,,,,,,,23.0,La Sierra University,Riverside,CA,Northwest,Bachelor,Graduate
14503.0,1556.0,12544.0,,,,,,,,,Long Beach City College,Long Beach,CA,Northwest,Certificate,Associate
57740.0,10476.0,10476.0,,,,,,,,,Southern California University of Health Sciences,Whittier,CA,Northwest,Certificate,Graduate
21772.0,1238.0,10568.0,,,,,,,,,Los Angeles Harbor College,Wilmington,CA,Northwest,Associate,Associate
21400.0,1238.0,10572.0,,,,,,,,,Los Angeles Pierce College,Woodland Hills,CA,Northwest,Associate,Associate
13624.0,1238.0,10572.0,,,,,,,,,Los Angeles Southwest College,Los Angeles,CA,Northwest,Associate,Associate
20457.0,1238.0,10572.0,,,,,,,,,Los Angeles Trade Technical College,Los Angeles,CA,Northwest,Certificate,Associate
20546.0,1238.0,10572.0,,,,,,,,,Los Angeles Valley College,Valley Glen,CA,Northwest,Certificate,Associate
54845.0,39020.0,39020.0,,,,,,,,,The Master's University and Seminary,Santa Clarita,CA,Northwest,Bachelor,Graduate
18924.0,1238.0,10572.0,,,,,,,,,Los Angeles City College,Los Angeles,CA,Northwest,Associate,Associate
21717.0,1238.0,10572.0,,,,,,,,,Los Angeles Mission College,Sylmar,CA,Northwest,Associate,Associate
16056.0,1312.0,10320.0,,,,,,,,,Los Medanos College,Pittsburg,CA,Northwest,Associate,Associate
83943.0,62357.0,62357.0,640.0,620.0,720.0,710.0,1359.0,28.0,32.0,30.0,Loyola Marymount University,Los Angeles,CA,Northwest,Bachelor,Graduate
21015.0,1558.0,9334.0,,,,,,,,,College of Marin,Kentfield,CA,Northwest,Associate,Associate
17544.0,1423.0,10003.0,,,,,,,,,Mendocino College,Ukiah,CA,Northwest,Associate,Associate
72020.0,53630.0,53630.0,,,,,,,,,Menlo College,Atherton,CA,Northwest,Bachelor,Graduate
14485.0,1200.0,8520.0,,,,,,,,,Merced College,Merced,CA,Northwest,Certificate,Associate
21424.0,1258.0,9898.0,,,,,,,,,Merritt College,Oakland,CA,Northwest,Certificate,Associate
85418.0,67778.0,67778.0,690.0,730.0,740.0,780.0,1472.0,32.0,33.0,31.0,Northeastern University Oakland,Oakland,CA,Northwest,Bachelor,Graduate
15531.0,1158.0,9750.0,,,,,,,,,MiraCosta College,Oceanside,CA,Northwest,Associate,Bachelor
13744.0,1438.0,12500.0,,,,,,,,,Mission College,Santa Clara,CA,Northwest,Associate,Associate
11487.0,1282.0,9264.0,,,,,,,,,Modesto Junior College,Modesto,CA,Northwest,Associate,Bachelor
19605.0,1188.0,10572.0,,,,,,,,,Monterey Peninsula College,Monterey,CA,Northwest,Associate,Associate
8015.0,1426.0,9615.0,,,,,,,,,Moorpark College,Moorpark,CA,Northwest,Associate,Associate
15701.0,1364.0,10464.0,,,,,,,,,Mt San Antonio College,Walnut,CA,Northwest,Associate,Associate
66726.0,49564.0,49564.0,,,,,,,,,Mount Saint Mary's University,Los Angeles,CA,Northwest,Bachelor,Graduate
14257.0,1448.0,12728.0,,,,,,,,,Mt San Jacinto Community College District,San Jacinto,CA,Northwest,Associate,Associate
52369.0,34322.0,34322.0,,,,,,,,,Musicians Institute,Hollywood,CA,Northwest,Certificate,Graduate
22572.0,1156.0,11908.0,,,,,,,,,Napa Valley College,Napa,CA,Northwest,Associate,Associate
33978.0,13284.0,13284.0,,,,,,,,,National University,San Diego,CA,Northwest,Bachelor,Graduate
62004.0,30291.0,30291.0,,,,,,,,,Newschool of Architecture and Design,San Diego,CA,Northwest,Bachelor,Graduate
84800.0,66274.0,66274.0,690.0,690.0,750.0,770.0,1452.0,31.0,34.0,32.0,Occidental College,Los Angeles,CA,Northwest,Bachelor,Bachelor
21254.0,1202.0,8714.0,,,,,,,,,Ohlone College,Fremont,CA,Northwest,Associate,Associate
15561.0,1392.0,11640.0,,,,,,,,,Orange Coast College,Costa Mesa,CA,Northwest,Certificate,Associate
75861.0,56488.0,56488.0,665.0,600.0,720.0,675.0,1310.0,,,25.0,Otis College of Art and Design,Los Angeles,CA,Northwest,Bachelor,Graduate
9437.0,1426.0,9615.0,,,,,,,,,Oxnard College,Oxnard,CA,Northwest,Associate,Associate
51784.0,38050.0,38050.0,420.0,420.0,570.0,650.0,1020.0,,,,Hope International University,Fullerton,CA,Northwest,Bachelor,Graduate
49404.0,37173.0,37173.0,,,,,,,,,Pacific Union College,Angwin,CA,Northwest,Associate,Graduate
71515.0,57080.0,57080.0,590.0,593.0,710.0,770.0,1346.0,23.0,32.0,28.0,University of the Pacific,Stockton,CA,Northwest,Bachelor,Graduate
25212.0,1288.0,12880.0,,,,,,,,,Palo Verde College,Blythe,CA,Northwest,Certificate,Associate
14360.0,1354.0,10650.0,,,,,,,,,Palomar College,San Marcos,CA,Northwest,Certificate,Associate
13677.0,1180.0,9820.0,,,,,,,,,Pasadena City College,Pasadena,CA,Northwest,Associate,Associate
93512.0,69918.0,69918.0,650.0,640.0,710.0,740.0,1384.0,29.0,32.0,28.0,Pepperdine University,Malibu,CA,Northwest,Bachelor,Graduate
86466.0,65192.0,65192.0,,,,,,,,,Pitzer College,Claremont,CA,Northwest,Bachelor,Bachelor
60488.0,46250.0,46250.0,610.0,565.0,695.0,670.0,1287.0,25.0,32.0,26.0,Point Loma Nazarene University,San Diego,CA,Northwest,Bachelor,Graduate
85300.0,65420.0,65420.0,740.0,750.0,770.0,790.0,1534.0,33.0,35.0,34.0,Pomona College,Claremont,CA,Northwest,Bachelor,Bachelor
20730.0,1438.0,11308.0,,,,,,,,,Porterville College,Porterville,CA,Northwest,Associate,Associate
12375.0,1180.0,10756.0,,,,,,,,,Santa Ana College,Santa Ana,CA,Northwest,Certificate,Bachelor
76630.0,60878.0,60878.0,560.0,547.0,680.0,670.0,1241.0,21.0,28.0,29.0,University of Redlands,Redlands,CA,Northwest,Bachelor,Graduate
15504.0,1198.0,8854.0,,,,,,,,,College of the Redwoods,Eureka,CA,Northwest,Associate,Associate
21391.0,1388.0,9884.0,,,,,,,,,Rio Hondo College,Whittier,CA,Northwest,Certificate,Bachelor
16911.0,1428.0,12498.0,,,,,,,,,Riverside City College,Riverside,CA,Northwest,Associate,Associate
15767.0,1288.0,12616.0,,,,,,,,,Sacramento City College,Sacramento,CA,Northwest,Associate,Associate
13939.0,1156.0,11860.0,,,,,,,,,Saddleback College,Mission Viejo,CA,Northwest,Associate,Associate
21202.0,1146.0,10002.0,,,,,,,,,San Diego City College,San Diego,CA,Northwest,Associate,Associate
19371.0,1146.0,10002.0,,,,,,,,,San Diego Mesa College,San Diego,CA,Northwest,Associate,Bachelor
17126.0,1146.0,10002.0,,,,,,,,,San Diego Miramar College,San Diego,CA,Northwest,Associate,Associate
27780.0,8728.0,21328.0,,,,,,,,,San Diego State University,San Diego,CA,Northwest,Bachelor,Graduate
78720.0,59486.0,59486.0,,,,,,,,,University of San Diego,San Diego,CA,Northwest,Bachelor,Graduate
78781.0,56150.0,56150.0,,,,,,,,,San Francisco Conservatory of Music,San Francisco,CA,Northwest,Bachelor,Graduate
26488.0,7950.0,20550.0,,,,,,,,,San Francisco State University,San Francisco,CA,Northwest,Bachelor,Graduate
80141.0,60492.0,60492.0,610.0,580.0,700.0,690.0,1295.0,25.0,30.0,29.0,University of San Francisco,San Francisco,CA,Northwest,Bachelor,Graduate
9965.0,1180.0,9772.0,,,,,,,,,San Joaquin Delta College,Stockton,CA,Northwest,Associate,Associate
53703.0,37150.0,37150.0,553.0,488.0,638.0,590.0,1150.0,,,,William Jessup University,Rocklin,CA,Northwest,Bachelor,Graduate
26081.0,1366.0,11922.0,,,,,,,,,San Jose City College,San Jose,CA,Northwest,Associate,Associate
26593.0,8410.0,21010.0,,,,,,,,,San Jose State University,San Jose,CA,Northwest,Bachelor,Graduate
10837.0,1332.0,11384.0,,,,,,,,,College of San Mateo,San Mateo,CA,Northwest,Associate,Associate
20394.0,1240.0,10432.0,,,,,,,,,Santa Barbara City College,Santa Barbara,CA,Northwest,Associate,Associate
82026.0,61293.0,61293.0,670.0,680.0,730.0,760.0,1426.0,31.0,33.0,32.0,Santa Clara University,Santa Clara,CA,Northwest,Bachelor,Graduate
11162.0,1156.0,10708.0,,,,,,,,,Santa Monica College,Santa Monica,CA,Northwest,Associate,Bachelor
15974.0,1318.0,11308.0,,,,,,,,,Santa Rosa Junior College,Santa Rosa,CA,Northwest,Certificate,Associate
87564.0,65950.0,65950.0,720.0,720.0,770.0,770.0,1492.0,31.0,34.0,33.0,Scripps College,Claremont,CA,Northwest,Bachelor,Graduate
9145.0,1394.0,9038.0,,,,,,,,,College of the Sequoias,Visalia,CA,Northwest,Certificate,Associate
34535.0,14535.0,14535.0,,,,,,,,,Shasta Bible College and Graduate School,Redding,CA,Northwest,Bachelor,Graduate
13915.0,1197.0,8853.0,,,,,,,,,Shasta College,Redding,CA,Northwest,Associate,Bachelor
17002.0,1446.0,1446.0,,,,,,,,,Sierra College,Rocklin,CA,Northwest,Associate,Associate
54688.0,39708.0,39708.0,,,,,,,,,Simpson University,Redding,CA,Northwest,Bachelor,Graduate
17725.0,1444.0,9394.0,,,,,,,,,College of the Siskiyous,Weed,CA,Northwest,Associate,Associate
11880.0,1272.0,9956.0,,,,,,,,,Skyline College,San Bruno,CA,Northwest,Associate,Bachelor
22678.0,1196.0,14382.0,,,,,,,,,San Bernardino Valley College,San Bernardino,CA,Northwest,Associate,Associate
77659.0,57803.0,57803.0,,,,,,,,,Saint Mary's College of California,Moraga,CA,Northwest,Bachelor,Graduate
13143.0,1172.0,9812.0,,,,,,,,,Solano Community College,Fairfield,CA,Northwest,Associate,Bachelor
24648.0,8624.0,21224.0,,,,,,,,,Sonoma State University,Rohnert Park,CA,Northwest,Bachelor,Graduate
18982.0,13494.0,13494.0,,,,,,,,,South Coast College,Orange,CA,Northwest,Certificate,Associate
52665.0,41700.0,41700.0,,,,,,,,22.0,Vanguard University of Southern California,Costa Mesa,CA,Northwest,Bachelor,Graduate
22104.0,1344.0,10640.0,,,,,,,,,Southwestern College,Chula Vista,CA,Northwest,Associate,Associate
71612.0,56162.0,56162.0,,,,,,,,,Southern California Institute of Architecture,Los Angeles,CA,Northwest,Bachelor,Graduate
90300.0,72097.0,72097.0,710.0,740.0,760.0,790.0,1495.0,32.0,35.0,34.0,University of Southern California,Los Angeles,CA,Northwest,Bachelor,Graduate
14074.0,1108.0,10852.0,,,,,,,,,Taft College,Taft,CA,Northwest,Associate,Associate
43426.0,30200.0,30200.0,640.0,580.0,730.0,670.0,1329.0,28.0,33.0,28.0,Thomas Aquinas College,Santa Paula,CA,Northwest,Bachelor,Bachelor
9306.0,1426.0,9615.0,,,,,,,,,Ventura College,Ventura,CA,Northwest,Associate,Associate
8974.0,1425.0,10125.0,,,,,,,,,Victor Valley College,Victorville,CA,Northwest,Associate,Associate
18845.0,1258.0,9898.0,,,,,,,,,Berkeley City College,Berkeley,CA,Northwest,Associate,Associate
35358.0,12762.0,12762.0,,,,,,,,,Walden University,Minneapolis,MN,Midwest,Bachelor,Graduate
19272.0,1384.0,10954.0,,,,,,,,,Coalinga College,Coalinga,CA,Northwest,Certificate,Associate
17336.0,1238.0,10572.0,,,,,,,,,West Los Angeles College,Culver City,CA,Northwest,Certificate,Bachelor
13717.0,0.0,8702.0,,,,,,,,,West Valley College,Saratoga,CA,Northwest,Associate,Associate
71150.0,53584.0,53584.0,630.0,610.0,750.0,700.0,1328.0,25.0,32.0,29.0,Westmont College,Santa Barbara,CA,Northwest,Bachelor,Bachelor
63664.0,51350.0,51350.0,,,,,,,,26.0,Whittier College,Whittier,CA,Northwest,Bachelor,Graduate
58010.0,47056.0,47056.0,,,,,,,,,Woodbury University,Burbank,CA,Northwest,Bachelor,Graduate
31300.0,16900.0,16900.0,,,,,,,,,Yeshiva Ohr Elchonon Chabad West Coast Talmudical Seminary,Los Angeles,CA,Northwest,Bachelor,Bachelor
11496.0,1128.0,8208.0,,,,,,,,,Yuba College,Marysville,CA,Northwest,Associate,Associate
24352.0,9824.0,21944.0,,,,,,,,21.0,Adams State University,Alamosa,CO,West,Bachelor,Graduate
16657.0,2258.0,11786.0,,,,,,,,,Aims Community College,Greeley,CO,West,Certificate,Bachelor
18332.0,4434.0,17034.0,,,,,,,,,Arapahoe Community College,Littleton,CO,West,Certificate,Bachelor
28043.0,13819.0,13819.0,,,,,,,,,Bel-Rea Institute of Animal Technology,Denver,CO,West,Associate,Associate
24902.0,10383.0,29391.0,490.0,490.0,620.0,600.0,1116.0,23.0,32.0,25.0,University of Colorado Denver/Anschutz Medical Campus,Denver,CO,West,Bachelor,Graduate
24595.0,10149.0,24336.0,510.0,500.0,620.0,600.0,1133.0,20.0,26.0,,University of Colorado Colorado Springs,Colorado Springs,CO,West,Bachelor,Graduate
37719.0,20235.0,20235.0,,,,,,,,,Spartan College of Aeronautics and Technology,Broomfield,CO,West,Associate,Associate
37684.0,15666.0,44918.0,630.0,610.0,710.0,720.0,1357.0,29.0,33.0,28.0,University of Colorado Boulder,Boulder,CO,West,Bachelor,Graduate
54242.0,41342.0,41342.0,,,,,,,,,Colorado Christian University,Lakewood,CO,West,Bachelor,Graduate
86921.0,70734.0,70734.0,640.0,590.0,730.0,730.0,1365.0,29.0,33.0,,Colorado College,Colorado Springs,CO,West,Bachelor,Graduate
14799.0,2616.0,12840.0,,,,,,,,,Colorado Mountain College,Glenwood Springs,CO,West,Certificate,Bachelor
20923.0,4594.0,7304.0,,,,,,,,,Colorado Northwestern Community College,Rangely,CO,West,Certificate,Bachelor
40560.0,21914.0,45824.0,650.0,670.0,730.0,750.0,1412.0,29.0,33.0,31.0,Colorado School of Mines,Golden,CO,West,Bachelor,Graduate
31642.0,13373.0,34783.0,,,,,,,,26.0,Colorado State University-Fort Collins,Fort Collins,CO,West,Bachelor,Graduate
23744.0,12750.0,12750.0,,,,,,,,,Colorado Technical University-Colorado Springs,Colorado Springs,CO,West,Bachelor,Graduate
17275.0,4470.0,17070.0,,,,,,,,,Community College of Aurora,Aurora,CO,West,Associate,Associate
19550.0,4902.0,17136.0,,,,,,,,,Community College of Denver,Denver,CO,West,Associate,Bachelor
78476.0,61398.0,61398.0,640.0,600.0,710.0,700.0,1355.0,28.0,33.0,29.0,University of Denver,Denver,CO,West,Bachelor,Graduate
27030.0,9958.0,21526.0,505.0,505.0,605.0,605.0,1111.0,18.0,26.0,20.0,Fort Lewis College,Durango,CO,West,Bachelor,Graduate
21526.0,4663.0,17263.0,,,,,,,,,Front Range Community College,Westminster,CO,West,Certificate,Bachelor
20044.0,4550.0,7260.0,,,,,,,,,Lamar Community College,Lamar,CO,West,Associate,Associate
24046.0,9927.0,25124.0,480.0,450.0,590.0,570.0,1055.0,18.0,24.0,23.0,Colorado Mesa University,Grand Junction,CO,West,Certificate,Graduate
24622.0,11124.0,30684.0,450.0,430.0,570.0,560.0,1019.0,17.0,26.0,21.0,Metropolitan State University of Denver,Denver,CO,West,Bachelor,Graduate
17497.0,4252.0,16852.0,,,,,,,,,Morgan Community College,Fort  Morgan,CO,West,Certificate,Bachelor
53397.0,36620.0,36620.0,,,,,,,,,Naropa University,Boulder,CO,West,Bachelor,Graduate
21558.0,5730.0,8267.0,,,,,,,,,Northeastern Junior College,Sterling,CO,West,Certificate,Associate
29254.0,12416.0,27266.0,490.0,460.0,610.0,580.0,1082.0,21.0,26.0,23.0,University of Northern Colorado,Greeley,CO,West,Bachelor,Graduate
21020.0,4576.0,7286.0,,,,,,,,,Otero College,La Junta,CO,West,Certificate,Associate
18473.0,4510.0,17110.0,,,,,,,,,Pikes Peak State College,Colorado Springs,CO,West,Associate,Bachelor
22002.0,5049.0,17649.0,,,,,,,,,Pueblo Community College,Pueblo,CO,West,Certificate,Bachelor
18143.0,4859.0,17459.0,,,,,,,,,Red Rocks Community College,Lakewood,CO,West,Certificate,Graduate
54800.0,46340.0,46340.0,,,,,1220.0,22.0,29.0,25.0,Regis University,Denver,CO,West,Bachelor,Graduate
37505.0,20190.0,20190.0,,,,,,,,,Rocky Mountain College of Art and Design,Lakewood,CO,West,Bachelor,Bachelor
23937.0,9720.0,17944.0,,,,,1120.0,19.0,26.0,22.0,Colorado State University Pueblo,Pueblo,CO,West,Bachelor,Graduate
12439.0,5140.0,9250.0,,,,,,,,,Pickens Technical College,Aurora,CO,West,Certificate,Certificate
21458.0,4608.0,7318.0,,,,,,,,,Trinidad State College,Trinidad,CO,West,Certificate,Bachelor
25736.0,11318.0,24434.0,608.0,555.0,683.0,670.0,1230.0,22.0,26.0,24.0,Western Colorado University,Gunnison,CO,West,Bachelor,Graduate
59407.0,41908.0,41908.0,,,,,,,,,Albertus Magnus College,New Haven,CT,Northeast,Bachelor,Graduate
35950.0,9450.0,9450.0,,,,,,,,,Bais Binyomin Academy,Monsey,NY,Northeast,Associate,Associate
52957.0,35760.0,35760.0,,,,,,,,,University of Bridgeport,Bridgeport,CT,Northeast,Bachelor,Graduate
24870.0,13050.0,16550.0,490.0,470.0,600.0,590.0,1080.0,,,23.0,Central Connecticut State University,New Britain,CT,Northeast,Bachelor,Graduate
23210.0,8506.0,8506.0,,,,,,,,,Charter Oak State College,New Britain,CT,Northeast,Bachelor,Graduate
84623.0,67242.0,67242.0,690.0,660.0,760.0,740.0,1432.0,30.0,33.0,32.0,Connecticut College,New London,CT,Northeast,Bachelor,Bachelor
26042.0,14337.0,14337.0,,,,,,,,,Porter & Chester Institute of Hamden,Hamden,CT,Northeast,Certificate,Certificate
39426.0,21044.0,43712.0,610.0,600.0,710.0,730.0,1348.0,28.0,33.0,30.0,University of Connecticut,Storrs,CT,Northeast,Bachelor,Graduate
39589.0,21198.0,21198.0,,,,,,,,,Goodwin University,East Hartford,CT,Northeast,Associate,Graduate
31983.0,13928.0,17428.0,540.0,530.0,650.0,610.0,1160.0,,,,Eastern Connecticut State University,Willimantic,CT,Northeast,Bachelor,Graduate
76074.0,58350.0,58350.0,630.0,630.0,700.0,690.0,1335.0,29.0,32.0,29.0,Fairfield University,Fairfield,CT,Northeast,Bachelor,Graduate
18370.0,5338.0,15596.0,,,,,,,,,Connecticut State Community College,New Britain,CT,Northeast,Associate,Associate
64729.0,49075.0,49075.0,570.0,550.0,660.0,650.0,1219.0,24.0,30.0,26.0,University of Hartford,West Hartford,CT,Northeast,Bachelor,Graduate
17990.0,9580.0,9580.0,,,,,,,,,Holy Apostles College and Seminary,Cromwell,CT,Northeast,Bachelor,Graduate
55621.0,40490.0,40490.0,,,,,,,,,Mitchell College,New London,CT,Northeast,Bachelor,Bachelor
66962.0,47332.0,47332.0,540.0,520.0,645.0,620.0,1160.0,,,27.0,University of New Haven,West Haven,CT,Northeast,Bachelor,Graduate
25892.0,14349.0,14349.0,,,,,,,,,Porter & Chester Institute,Bridgeport,CT,Northeast,Certificate,Certificate
28897.0,16327.0,16327.0,,,,,,,,,Post University,Waterbury,CT,Northeast,Bachelor,Graduate
72215.0,55480.0,55480.0,580.0,570.0,660.0,660.0,1242.0,25.0,30.0,,Quinnipiac University,Hamden,CT,Northeast,Bachelor,Graduate
69289.0,50404.0,50404.0,,,,,,,,,Sacred Heart University,Fairfield,CT,Northeast,Bachelor,Graduate
59900.0,47278.0,47278.0,440.0,410.0,610.0,560.0,950.0,,,,University of Saint Joseph,West Hartford,CT,Northeast,Bachelor,Graduate
29673.0,13438.0,27378.0,,,,,,,,,Southern Connecticut State University,New Haven,CT,Northeast,Bachelor,Graduate
87840.0,70770.0,70770.0,658.0,640.0,740.0,730.0,1415.0,30.0,34.0,31.0,Trinity College,Hartford,CT,Northeast,Bachelor,Graduate
89020.0,70342.0,70342.0,705.0,710.0,760.0,780.0,1501.0,33.0,35.0,33.0,Wesleyan University,Middletown,CT,Northeast,Bachelor,Graduate
24877.0,13401.0,16901.0,510.0,530.0,580.0,590.0,1110.0,,,,Western Connecticut State University,Danbury,CT,Northeast,Bachelor,Graduate
88300.0,67250.0,67250.0,730.0,740.0,780.0,790.0,1534.0,33.0,35.0,34.0,Yale University,New Haven,CT,Northeast,Bachelor,Graduate
17232.0,5445.0,12308.0,,,,,,,,,Delaware Technical Community College-Terry,Dover,DE,Northeast,Associate,Bachelor
27939.0,10670.0,20634.0,420.0,380.0,520.0,500.0,940.0,20.0,24.0,,Delaware State University,Dover,DE,Northeast,Bachelor,Graduate
30952.0,16810.0,41400.0,600.0,590.0,690.0,680.0,1292.0,28.0,32.0,29.0,University of Delaware,Newark,DE,Northeast,Bachelor,Graduate
26502.0,14940.0,14940.0,,,,,,,,,Goldey-Beacom College,Wilmington,DE,Northeast,Bachelor,Graduate
19644.0,12630.0,12630.0,,,,,,,,,Wilmington University,New Castle,DE,Northeast,Bachelor,Graduate
76058.0,58771.0,58771.0,660.0,620.0,740.0,720.0,1381.0,29.0,32.0,31.0,American University,Washington,DC,Northeast,Bachelor,Graduate
75481.0,58378.0,58378.0,,,,,,,,,The Catholic University of America,Washington,DC,Northeast,Bachelor,Graduate
20437.0,5662.0,12514.0,,,,,,,,,University of the District of Columbia,Washington,DC,Northeast,Associate,Graduate
40374.0,19654.0,19654.0,380.0,400.0,502.0,520.0,868.0,14.0,17.0,17.0,Gallaudet University,Washington,DC,Northeast,Bachelor,Graduate
83856.0,67710.0,67710.0,680.0,670.0,750.0,750.0,1433.0,31.0,34.0,32.0,George Washington University,Washington,DC,Northeast,Bachelor,Graduate
88741.0,68017.0,68017.0,700.0,690.0,770.0,780.0,1487.0,31.0,35.0,34.0,Georgetown University,Washington,DC,Northeast,Bachelor,Graduate
54630.0,35810.0,35810.0,560.0,530.0,670.0,650.0,1213.0,22.0,28.0,24.0,Howard University,Washington,DC,Northeast,Bachelor,Graduate
33903.0,26610.0,26610.0,,,,,,,,,Trinity Washington University,Washington,DC,Northeast,Bachelor,Graduate
23159.0,15000.0,15000.0,,,,,,,,20.0,Baptist University of Florida,Graceville,FL,Southeast,Bachelor,Graduate
50778.0,34350.0,34350.0,,,,,,,,,Barry University,Miami,FL,Southeast,Bachelor,Graduate
29764.0,14794.0,14794.0,430.0,400.0,510.0,480.0,880.0,,,17.0,Bethune-Cookman University,Daytona Beach,FL,Southeast,Bachelor,Graduate
67880.0,44480.0,44480.0,530.0,510.0,610.0,590.0,1134.0,21.0,26.0,23.0,Lynn University,Boca Raton,FL,Southeast,Bachelor,Graduate
11966.0,2496.0,9739.0,,,,,,,,,Eastern Florida State College,Melbourne,FL,Southeast,Associate,Bachelor
21947.0,2830.0,8952.0,,,,,,,,,Broward College,Fort Lauderdale,FL,Southeast,Associate,Bachelor
28344.0,13818.0,13818.0,,,,,,,,,Albizu University-Miami,Miami,FL,Southeast,Bachelor,Graduate
18424.0,2710.0,10517.0,,,,,,,,,College of Central Florida,Ocala,FL,Southeast,Certificate,Bachelor
23133.0,6368.0,22467.0,610.0,590.0,680.0,670.0,1269.0,25.0,29.0,28.0,University of Central Florida,Orlando,FL,Southeast,Bachelor,Graduate
13272.0,3110.0,12110.0,,,,,,,,,Charlotte Technical College,Port Charlotte,FL,Southeast,Certificate,Certificate
9262.0,3120.0,8950.0,,,,,,,,,Chipola College,Marianna,FL,Southeast,Certificate,Bachelor
12050.0,3106.0,11994.0,,,,,,,,,Daytona State College,Daytona Beach,FL,Southeast,Associate,Bachelor
29798.0,18145.0,18145.0,,,,,,,,,South University-West Palm Beach,Royal Palm Beach,FL,Southeast,Bachelor,Graduate
68944.0,51884.0,51884.0,600.0,560.0,690.0,640.0,1250.0,24.0,29.0,,Eckerd College,Saint Petersburg,FL,Southeast,Bachelor,Bachelor
14254.0,3401.0,12979.0,,,,,,,,,Florida SouthWestern State College,Fort Myers,FL,Southeast,Associate,Bachelor
26617.0,16366.0,16366.0,,,,,,,,,Edward Waters University,Jacksonville,FL,Southeast,Bachelor,Graduate
64632.0,44249.0,44249.0,580.0,580.0,670.0,690.0,1257.0,24.0,30.0,26.0,Embry-Riddle Aeronautical University-Daytona Beach,Daytona Beach,FL,Southeast,Bachelor,Graduate
23970.0,5785.0,17725.0,520.0,510.0,610.0,570.0,1107.0,20.0,24.0,20.0,Florida Agricultural and Mechanical University,Tallahassee,FL,Southeast,Bachelor,Graduate
21522.0,4879.0,17324.0,530.0,510.0,610.0,590.0,1127.0,21.0,26.0,23.0,Florida Atlantic University,Boca Raton,FL,Southeast,Bachelor,Graduate
9323.0,2878.0,9992.0,,,,,,,,,Florida State College at Jacksonville,Jacksonville,FL,Southeast,Associate,Bachelor
45744.0,29900.0,29900.0,510.0,450.0,620.0,570.0,1084.0,19.0,25.0,23.0,Flagler College,Saint Augustine,FL,Southeast,Bachelor,Graduate
34870.0,20360.0,20360.0,480.0,450.0,630.0,590.0,1108.0,19.0,25.0,23.0,Florida College,Temple Terrace,FL,Southeast,Bachelor,Bachelor
38408.0,21420.0,21420.0,,,,,,,,,AdventHealth University,Orlando,FL,Southeast,Bachelor,Graduate
62440.0,45900.0,45900.0,560.0,560.0,660.0,660.0,1225.0,23.0,28.0,27.0,Florida Institute of Technology,Melbourne,FL,Southeast,Bachelor,Graduate
21462.0,6565.0,18964.0,550.0,520.0,640.0,620.0,1163.0,21.0,27.0,24.0,Florida International University,Miami,FL,Southeast,Bachelor,Graduate
19667.0,3276.0,13162.0,,,,,,,,,The College of the Florida Keys,Key West,FL,Southeast,Associate,Bachelor
35809.0,20174.0,20174.0,,,,,,,,,Florida Memorial University,Miami Gardens,FL,Southeast,Bachelor,Graduate
60768.0,44040.0,44040.0,590.0,560.0,680.0,650.0,1252.0,25.0,30.0,28.0,Florida Southern College,Lakeland,FL,Southeast,Bachelor,Graduate
25720.0,5656.0,18786.0,640.0,630.0,710.0,700.0,1361.0,29.0,32.0,28.0,Florida State University,Tallahassee,FL,Southeast,Bachelor,Graduate
22523.0,6381.0,28659.0,660.0,660.0,730.0,750.0,1403.0,29.0,33.0,31.0,University of Florida,Gainesville,FL,Southeast,Bachelor,Graduate
47530.0,26906.0,26906.0,,,,,,,,,Full Sail University,Winter Park,FL,Southeast,Bachelor,Graduate
14657.0,2370.0,8635.0,,,,,,,,,Gulf Coast State College,Panama City,FL,Southeast,Associate,Bachelor
9924.0,2506.0,9111.0,,,,,,,,,Hillsborough College,Tampa,FL,Southeast,Certificate,Bachelor
18838.0,9068.0,9068.0,,,,,,,,,Hobe Sound Bible College,Hobe Sound,FL,Southeast,Bachelor,Graduate
11576.0,2764.0,10201.0,,,,,,,,,Indian River State College,Fort Pierce,FL,Southeast,Associate,Bachelor
63969.0,47830.0,47830.0,580.0,520.0,660.0,620.0,1205.0,22.0,27.0,23.0,Jacksonville University,Jacksonville,FL,Southeast,Bachelor,Graduate
43251.0,25056.0,25056.0,,,,,,,,,Keiser University-Ft Lauderdale,Fort Lauderdale,FL,Southeast,Associate,Graduate
14388.0,3100.0,11747.0,,,,,,,,,Florida Gateway College,Lake City,FL,Southeast,Certificate,Bachelor
12626.0,3292.0,13276.0,,,,,,,,,Lake-Sumter State College,Leesburg,FL,Southeast,Associate,Bachelor
31680.0,11320.0,11320.0,,,,,,,,,Luther Rice College & Seminary,Lithonia,GA,Southeast,Bachelor,Graduate
28709.0,3074.0,11595.0,,,,,,,,,State College of Florida-Manatee-Sarasota,Bradenton,FL,Southeast,Associate,Bachelor
13567.0,2838.0,9661.0,,,,,,,,,Miami Dade College,Miami,FL,Southeast,Certificate,Bachelor
86078.0,62616.0,62616.0,660.0,660.0,730.0,750.0,1415.0,30.0,33.0,32.0,University of Miami,Coral Gables,FL,Southeast,Bachelor,Graduate
9265.0,3054.0,11400.0,,,,,,,,,North Florida College,Madison,FL,Southeast,Associate,Bachelor
20983.0,6389.0,20793.0,550.0,520.0,650.0,620.0,1153.0,19.0,25.0,23.0,University of North Florida,Jacksonville,FL,Southeast,Bachelor,Graduate
56692.0,38700.0,38700.0,530.0,500.0,650.0,650.0,1157.0,19.0,28.0,25.0,Nova Southeastern University,Fort Lauderdale,FL,Southeast,Bachelor,Graduate
12914.0,2583.0,10612.0,,,,,,,,,Northwest Florida State College,Niceville,FL,Southeast,Associate,Bachelor
53827.0,40650.0,40650.0,500.0,450.0,620.0,600.0,1075.0,18.0,26.0,23.0,Palm Beach Atlantic University,West Palm Beach,FL,Southeast,Bachelor,Graduate
16830.0,3050.0,10910.0,,,,,,,,,Palm Beach State College,Lake Worth,FL,Southeast,Associate,Bachelor
11730.0,3155.0,12032.0,,,,,,,,,Pasco-Hernando State College,New Port Richey,FL,Southeast,Associate,Bachelor
11894.0,2361.0,9460.0,,,,,,,,,Pensacola State College,Pensacola,FL,Southeast,Associate,Bachelor
13451.0,2694.0,9817.0,,,,,,,,,Polk State College,Winter Haven,FL,Southeast,Associate,Bachelor
27493.0,3930.0,10530.0,,,,,,,,,Ridge Technical College,Winter Haven,FL,Southeast,Certificate,Certificate
80276.0,57900.0,57900.0,,,,,,,,,Ringling College of Art and Design,Sarasota,FL,Southeast,Bachelor,Bachelor
76108.0,60580.0,60580.0,600.0,560.0,690.0,680.0,1271.0,25.0,30.0,,Rollins College,Winter Park,FL,Southeast,Bachelor,Graduate
45264.0,30000.0,30000.0,,,,,,,,22.0,Saint Leo University,Saint Leo,FL,Southeast,Bachelor,Graduate
12885.0,2682.0,9286.0,,,,,,,,,St Petersburg College,St. Petersburg,FL,Southeast,Associate,Bachelor
14165.0,2563.0,9189.0,,,,,,,,,Santa Fe College,Gainesville,FL,Southeast,Associate,Bachelor
14281.0,3122.0,11447.0,,,,,,,,,Seminole State College of Florida,Sanford,FL,Southeast,Certificate,Bachelor
12906.0,2591.0,9335.0,,,,,,,,,Saint Johns River State College,Palatka,FL,Southeast,Associate,Bachelor
10169.0,3165.0,11859.0,,,,,,,,,South Florida State College,Avon Park,FL,Southeast,Associate,Bachelor
22859.0,6410.0,17324.0,580.0,550.0,660.0,660.0,1227.0,24.0,29.0,27.0,University of South Florida,Tampa,FL,Southeast,Bachelor,Graduate
51205.0,34770.0,34770.0,,,,,,,,19.0,St. Thomas University,Miami Gardens,FL,Southeast,Bachelor,Graduate
72533.0,57410.0,57410.0,540.0,520.0,660.0,610.0,1176.0,21.0,28.0,26.0,Stetson University,DeLand,FL,Southeast,Bachelor,Graduate
49329.0,32950.0,32950.0,,,,,,,,22.0,Southeastern University,Lakeland,FL,Southeast,Bachelor,Graduate
13378.0,2026.0,8062.0,,,,,,,,,Tallahassee State College,Tallahassee,FL,Southeast,Associate,Bachelor
33000.0,16750.0,16750.0,,,,,,,,,Talmudic College of Florida,Miami Beach,FL,Southeast,Bachelor,Bachelor
51614.0,34408.0,34408.0,,,,,,,,26.0,The University of Tampa,Tampa,FL,Southeast,Bachelor,Graduate
26995.0,15100.0,15100.0,408.0,370.0,483.0,523.0,907.0,16.0,20.0,19.0,Trinity College of Jacksonville,Jacksonville,FL,Southeast,Bachelor,Graduate
24904.0,16300.0,16300.0,,,,,,,,21.0,Trinity College of Florida,Trinity,FL,Southeast,Bachelor,Bachelor
18529.0,2664.0,9576.0,,,,,,,,,Valencia College,Orlando,FL,Southeast,Certificate,Bachelor
41044.0,29992.0,29992.0,410.0,380.0,540.0,530.0,932.0,14.0,20.0,19.0,Warner University,Lake Wales,FL,Southeast,Bachelor,Graduate
50989.0,33770.0,33770.0,,,,,,,,,Webber International University,Babson Park,FL,Southeast,Bachelor,Graduate
28346.0,15314.0,15314.0,,,,,,,,,Rasmussen University-Florida,Ocala,FL,Southeast,Associate,Bachelor
19947.0,6360.0,19241.0,520.0,500.0,630.0,600.0,1138.0,20.0,27.0,24.0,University of West Florida,Pensacola,FL,Southeast,Bachelor,Graduate
13956.0,3268.0,10588.0,440.0,420.0,560.0,520.0,990.0,17.0,22.0,19.0,Abraham Baldwin Agricultural College,Tifton,GA,Southeast,Bachelor,Bachelor
63283.0,50604.0,50604.0,620.0,540.0,695.0,635.0,1260.0,25.0,31.0,,Agnes Scott College,Decatur,GA,Southeast,Bachelor,Graduate
22064.0,11330.0,11330.0,,,,,,,,,Interactive College of Technology-Chamblee,Chamblee,GA,Southeast,Certificate,Associate
22961.0,11210.0,11210.0,,,,,,,,,Interactive College of Technology-Morrow,Morrow,GA,Southeast,Associate,Associate
14101.0,3364.0,5932.0,,,,,,,,,Albany Technical College,Albany,GA,Southeast,Certificate,Associate
19333.0,5656.0,17008.0,,,,,,,,,Albany State University,Albany,GA,Southeast,Bachelor,Graduate
37612.0,19604.0,19604.0,,,,,,,,20.0,Andrew College,Cuthbert,GA,Southeast,Associate,Associate
9197.0,3382.0,5950.0,,,,,,,,,Atlanta Technical College,Atlanta,GA,Southeast,Certificate,Associate
33564.0,24000.0,24000.0,,,,,,,,19.0,Point University,West Point,GA,Southeast,Bachelor,Graduate
11740.0,3248.0,10400.0,,,,,,,,,Atlanta Metropolitan State College,Atlanta,GA,Southeast,Associate,Bachelor
43676.0,28310.0,28310.0,,,,,,,,19.0,Clark Atlanta University,Atlanta,GA,Southeast,Bachelor,Graduate
19254.0,4282.0,7492.0,,,,,,,,,Augusta Technical College,Augusta,GA,Southeast,Certificate,Associate
56697.0,41686.0,41686.0,580.0,545.0,680.0,650.0,1220.0,22.0,28.0,27.0,Berry College,Mount Berry,GA,Southeast,Bachelor,Graduate
46010.0,34027.0,34027.0,500.0,430.0,620.0,580.0,1079.0,18.0,22.0,23.0,Brenau University,Gainesville,GA,Southeast,Bachelor,Graduate
38918.0,20120.0,20120.0,,,,,,,,21.0,Brewton-Parker Christian University,Mount Vernon,GA,Southeast,Associate,Graduate
21924.0,3616.0,10936.0,465.0,410.0,570.0,530.0,1000.0,17.0,22.0,19.0,College of Coastal Georgia,Brunswick,GA,Southeast,Associate,Bachelor
11209.0,3410.0,5978.0,,,,,,,,,West Georgia Technical College,Waco,GA,Southeast,Certificate,Associate
17415.0,5180.0,16532.0,450.0,410.0,558.0,520.0,958.0,15.0,19.0,,Clayton  State University,Morrow,GA,Southeast,Bachelor,Graduate
13144.0,4052.0,7262.0,,,,,,,,,Columbus Technical College,Columbus,GA,Southeast,Certificate,Associate
21676.0,5898.0,17610.0,440.0,360.0,530.0,530.0,977.0,16.0,22.0,21.0,Columbus State University,Columbus,GA,Southeast,Bachelor,Graduate
15096.0,3300.0,5868.0,,,,,,,,,Georgia Northwestern Technical College,Rome,GA,Southeast,Certificate,Associate
57467.0,42040.0,42040.0,600.0,560.0,710.0,670.0,1294.0,23.0,30.0,26.0,Covenant College,Lookout Mountain,GA,Southeast,Bachelor,Graduate
12719.0,3336.0,10656.0,,,,,,,,,Dalton State College,Dalton,GA,Southeast,Bachelor,Bachelor
36577.0,18145.0,18145.0,,,,,,,,,South University-Savannah,Savannah,GA,Southeast,Bachelor,Graduate
15966.0,2900.0,9860.0,,,,,,,,,East Georgia State College,Swainsboro,GA,Southeast,Associate,Bachelor
37604.0,25500.0,25500.0,,,,,,,,21.0,Emmanuel University,Franklin Springs,GA,Southeast,Bachelor,Graduate
83622.0,64280.0,64280.0,720.0,750.0,760.0,790.0,1520.0,32.0,35.0,33.0,Emory University,Atlanta,GA,Southeast,Bachelor,Graduate
13389.0,3120.0,10080.0,,,,,,,,,Georgia Highlands College,Rome,GA,Southeast,Associate,Bachelor
19879.0,5526.0,16932.0,480.0,450.0,560.0,510.0,994.0,19.0,24.0,18.0,Fort Valley State University,Fort Valley,GA,Southeast,Bachelor,Graduate
28167.0,12058.0,34484.0,680.0,690.0,750.0,790.0,1480.0,30.0,34.0,32.0,Georgia Institute of Technology-Main Campus,Atlanta,GA,Southeast,Bachelor,Graduate
20484.0,5220.0,16572.0,460.0,430.0,570.0,540.0,978.0,16.0,22.0,21.0,Georgia Southwestern State University,Americus,GA,Southeast,Bachelor,Graduate
30258.0,9186.0,29512.0,550.0,520.0,630.0,600.0,1163.0,22.0,26.0,24.0,Georgia College & State University,Milledgeville,GA,Southeast,Bachelor,Graduate
24430.0,6022.0,17734.0,528.0,458.0,583.0,550.0,1053.0,18.0,23.0,21.0,Georgia Southern University,Statesboro,GA,Southeast,Bachelor,Graduate
28241.0,8664.0,24840.0,480.0,460.0,590.0,590.0,1076.0,19.0,26.0,23.0,Georgia State University,Atlanta,GA,Southeast,Bachelor,Graduate
27993.0,11450.0,31688.0,640.0,630.0,730.0,750.0,1397.0,29.0,34.0,31.0,University of Georgia,Athens,GA,Southeast,Bachelor,Graduate
14771.0,3628.0,10948.0,450.0,440.0,590.0,540.0,1023.0,15.0,24.0,20.0,Gordon State College,Barnesville,GA,Southeast,Bachelor,Bachelor
16430.0,3516.0,6084.0,,,,,,,,,Southern Crescent Technical College,Griffin,GA,Southeast,Certificate,Associate
31921.0,20950.0,20950.0,,,,,,,,,Gupton Jones College of Funeral Service,Decatur,GA,Southeast,Associate,Associate
37077.0,11300.0,11300.0,,,,,,,,,Gwinnett College-Lilburn,Lilburn,GA,Southeast,Certificate,Associate
15322.0,3524.0,6092.0,,,,,,,,,Gwinnett Technical College,Lawrenceville,GA,Southeast,Certificate,Associate
49681.0,35400.0,35400.0,,,,,,,,,LaGrange College,Lagrange,GA,Southeast,Bachelor,Graduate
15935.0,3980.0,7190.0,,,,,,,,,Lanier Technical College,Gainesville,GA,Southeast,Certificate,Associate
41295.0,15036.0,15036.0,480.0,440.0,590.0,540.0,1030.0,17.0,20.0,19.0,Life University,Marietta,GA,Southeast,Bachelor,Graduate
12532.0,3540.0,6108.0,,,,,,,,,Chattahoochee Technical College,Marietta,GA,Southeast,Certificate,Associate
27007.0,13450.0,13450.0,,,,,,,,,Herzing University-Atlanta,Atlanta,GA,Southeast,Bachelor,Graduate
58204.0,42312.0,42312.0,590.0,570.0,680.0,670.0,1271.0,25.0,31.0,30.0,Mercer University,Macon,GA,Southeast,Bachelor,Graduate
51433.0,32893.0,32893.0,,,,,1090.0,18.0,25.0,23.0,Morehouse College,Atlanta,GA,Southeast,Bachelor,Bachelor
31968.0,9558.0,9558.0,,,,,,,,,Morris Brown College,Atlanta,GA,Southeast,Bachelor,Bachelor
13085.0,3330.0,5898.0,,,,,,,,,North Georgia Technical College,Clarkesville,GA,Southeast,Certificate,Associate
60581.0,47590.0,47590.0,550.0,540.0,660.0,650.0,1227.0,22.0,31.0,27.0,Oglethorpe University,Atlanta,GA,Southeast,Bachelor,Graduate
27431.0,14596.0,14596.0,,,,,,,,,Paine College,Augusta,GA,Southeast,Bachelor,Bachelor
46801.0,31700.0,31700.0,528.0,510.0,625.0,620.0,1129.0,18.0,25.0,23.0,Piedmont University,Demorest,GA,Southeast,Bachelor,Graduate
61886.0,19400.0,19400.0,,,,,,,,,Miami Ad School-Atlanta,Atlanta,GA,Southeast,Certificate,Certificate
46386.0,30074.0,30074.0,,,,,,,,,Reinhardt University,Waleska,GA,Southeast,Bachelor,Graduate
15431.0,3330.0,5898.0,,,,,,,,,Savannah Technical College,Savannah,GA,Southeast,Certificate,Associate
63627.0,41630.0,41630.0,540.0,490.0,660.0,610.0,1173.0,21.0,28.0,,Savannah College of Art and Design,Savannah,GA,Southeast,Bachelor,Graduate
17191.0,5750.0,19043.0,,,,,,,,,Savannah State University,Savannah,GA,Southeast,Bachelor,Graduate
35726.0,24630.0,24630.0,530.0,510.0,620.0,580.0,1115.0,18.0,25.0,21.0,Shorter University,Rome,GA,Southeast,Bachelor,Graduate
14281.0,3992.0,7202.0,,,,,,,,,South Georgia Technical College,Americus,GA,Southeast,Certificate,Associate
50952.0,31556.0,31556.0,590.0,518.0,680.0,640.0,1220.0,22.0,29.0,,Spelman College,Atlanta,GA,Southeast,Bachelor,Bachelor
23079.0,11640.0,11640.0,500.0,490.0,620.0,600.0,1072.0,20.0,24.0,20.0,Thomas University,Thomasville,GA,Southeast,Bachelor,Graduate
37561.0,23950.0,23950.0,520.0,490.0,650.0,580.0,1130.0,18.0,24.0,22.0,Toccoa Falls College,Toccoa Falls,GA,Southeast,Bachelor,Graduate
39152.0,26792.0,26792.0,,,,,,,,21.0,Truett McConnell University,Cleveland,GA,Southeast,Bachelor,Graduate
11034.0,3480.0,6048.0,,,,,,,,,Wiregrass Georgia Technical College,Valdosta,GA,Southeast,Certificate,Associate
20801.0,6124.0,17836.0,480.0,440.0,570.0,530.0,1013.0,16.0,22.0,20.0,Valdosta State University,Valdosta,GA,Southeast,Bachelor,Graduate
40721.0,27650.0,27650.0,518.0,450.0,573.0,543.0,1075.0,20.0,24.0,24.0,Wesleyan College,Macon,GA,Southeast,Bachelor,Graduate
21981.0,6088.0,17800.0,490.0,460.0,590.0,550.0,1032.0,17.0,22.0,21.0,University of West Georgia,Carrollton,GA,Southeast,Bachelor,Graduate
48301.0,32305.0,32305.0,,,,,,,,,Young Harris College,Young Harris,GA,Southeast,Bachelor,Graduate
45798.0,30874.0,30874.0,490.0,480.0,625.0,625.0,1060.0,,,,Chaminade University of Honolulu,Honolulu,HI,Northwest,Bachelor,Graduate
21173.0,7838.0,20798.0,490.0,455.0,610.0,565.0,1028.0,15.0,22.0,19.0,University of Hawaii at Hilo,Hilo,HI,Northwest,Bachelor,Graduate
26433.0,12186.0,34218.0,548.0,533.0,653.0,640.0,1102.0,17.0,25.0,24.0,University of Hawaii at Manoa,Honolulu,HI,Northwest,Bachelor,Graduate
50674.0,34392.0,34392.0,510.0,488.0,610.0,590.0,1111.0,19.0,27.0,25.0,Hawaii Pacific University,Honolulu,HI,Northwest,Bachelor,Graduate
13151.0,3174.0,8310.0,,,,,,,,,Honolulu Community College,Honolulu,HI,Northwest,Associate,Associate
11992.0,3284.0,8420.0,,,,,,,,,Kapiolani Community College,Honolulu,HI,Northwest,Associate,Associate
18742.0,3252.0,8388.0,,,,,,,,,Kauai Community College,Lihue,HI,Northwest,Certificate,Associate
12507.0,3214.0,8350.0,,,,,,,,,Leeward Community College,Pearl City,HI,Northwest,Associate,Associate
14937.0,3284.0,8420.0,,,,,,,,,University of Hawaii Maui College,Kahului,HI,Northwest,Associate,Bachelor
18410.0,7584.0,20544.0,473.0,458.0,575.0,528.0,985.0,15.0,21.0,19.0,University of Hawaii-West Oahu,Kapolei,HI,Northwest,Bachelor,Bachelor
15522.0,3194.0,8330.0,,,,,,,,,Windward Community College,Kaneohe,HI,Northwest,Associate,Associate
23301.0,11802.0,11802.0,490.0,460.0,610.0,590.0,1040.0,,,21.0,Boise Bible College,Boise,ID,West,Bachelor,Bachelor
28224.0,9048.0,27788.0,,,,,,,,,Boise State University,Boise,ID,West,Bachelor,Graduate
13947.0,3390.0,6750.0,,,,,,,,,College of Eastern Idaho,Idaho Falls,ID,West,Associate,Associate
21527.0,8610.0,27720.0,,,,,,,,,Idaho State University,Pocatello,ID,West,Bachelor,Graduate
23738.0,9084.0,28320.0,500.0,490.0,630.0,600.0,1116.0,20.0,26.0,24.0,University of Idaho,Moscow,ID,West,Bachelor,Graduate
50542.0,37845.0,37845.0,540.0,530.0,650.0,630.0,1180.0,23.0,31.0,26.0,The College of Idaho,Caldwell,ID,West,Bachelor,Graduate
21925.0,7610.0,22028.0,,,,,,,,,Lewis-Clark State College,Lewiston,ID,West,Bachelor,Graduate
18333.0,3396.0,8736.0,,,,,,,,,North Idaho College,Coeur d'Alene,ID,West,Associate,Associate
55163.0,40794.0,40794.0,515.0,490.0,630.0,610.0,1130.0,22.0,27.0,23.0,Northwest Nazarene University,Nampa,ID,West,Bachelor,Graduate
15246.0,4800.0,4800.0,490.0,480.0,610.0,590.0,1118.0,20.0,26.0,23.0,Brigham Young University-Idaho,Rexburg,ID,West,Certificate,Bachelor
12803.0,3360.0,6840.0,,,,,,,,,College of Southern Idaho,Twin Falls,ID,West,Associate,Bachelor
75625.0,56420.0,56420.0,,,,,,,,,School of the Art Institute of Chicago,Chicago,IL,Midwest,Bachelor,Graduate
63553.0,51598.0,51598.0,520.0,510.0,630.0,640.0,1165.0,21.0,29.0,,Augustana College,Rock Island,IL,Midwest,Bachelor,Graduate
40625.0,29170.0,29170.0,470.0,430.0,580.0,570.0,1076.0,21.0,29.0,22.0,Aurora University,Aurora,IL,Midwest,Bachelor,Graduate
16249.0,3960.0,6720.0,,,,,,,,,Southwestern Illinois College,Belleville,IL,Midwest,Certificate,Associate
12291.0,4920.0,8100.0,,,,,,,,,Black Hawk College,Moline,IL,Midwest,Certificate,Associate
37916.0,28149.0,28149.0,,,,,,,,20.0,Blackburn College,Carlinville,IL,Midwest,Bachelor,Bachelor
54730.0,42160.0,42160.0,,,,,,,,27.0,Bradley University,Peoria,IL,Midwest,Bachelor,Graduate
11563.0,5390.0,8900.0,,,,,,,,,Carl Sandburg College,Galesburg,IL,Midwest,Associate,Associate
29764.0,12754.0,12754.0,,,,,,,,,Chicago State University,Chicago,IL,Midwest,Bachelor,Graduate
90360.0,70662.0,70662.0,740.0,770.0,780.0,800.0,1554.0,34.0,35.0,34.0,University of Chicago,Chicago,IL,Midwest,Bachelor,Graduate
16256.0,4590.0,15150.0,,,,,,,,,City Colleges of Chicago-Kennedy-King College,Chicago,IL,Midwest,Certificate,Associate
14355.0,4590.0,15150.0,,,,,,,,,City Colleges of Chicago-Malcolm X College,Chicago,IL,Midwest,Certificate,Associate
16126.0,4590.0,15150.0,,,,,,,,,City Colleges of Chicago-Olive-Harvey College,Chicago,IL,Midwest,Certificate,Associate
15063.0,4590.0,15150.0,,,,,,,,,City Colleges of Chicago-Harry S Truman College,Chicago,IL,Midwest,Certificate,Associate
14086.0,4590.0,15150.0,,,,,,,,,City Colleges of Chicago-Richard J Daley College,Chicago,IL,Midwest,Certificate,Associate
14726.0,4590.0,15150.0,,,,,,,,,City Colleges of Chicago-Harold Washington College,Chicago,IL,Midwest,Associate,Associate
13762.0,4590.0,15150.0,,,,,,,,,City Colleges of Chicago-Wilbur Wright College,Chicago,IL,Midwest,Associate,Associate
51889.0,34088.0,34088.0,,,,,,,,,Columbia College Chicago,Chicago,IL,Midwest,Bachelor,Graduate
45383.0,37488.0,37488.0,,,,,,,,,Concordia University-Chicago,River Forest,IL,Midwest,Bachelor,Graduate
10822.0,4440.0,7440.0,,,,,,,,,Danville Area Community College,Danville,IL,Midwest,Certificate,Associate
63052.0,45999.0,45999.0,580.0,560.0,670.0,660.0,1262.0,25.0,31.0,,DePaul University,Chicago,IL,Midwest,Bachelor,Graduate
15554.0,4560.0,12750.0,,,,,,,,,College of DuPage,Glen Ellyn,IL,Midwest,Associate,Associate
32606.0,25395.0,25395.0,,,,,,,,,East-West University,Chicago,IL,Midwest,Bachelor,Bachelor
26996.0,13679.0,16217.0,460.0,420.0,560.0,530.0,1000.0,,,20.0,Eastern Illinois University,Charleston,IL,Midwest,Bachelor,Graduate
10408.0,3252.0,9516.0,,,,,,,,,Elgin Community College,Elgin,IL,Midwest,Certificate,Associate
54679.0,42955.0,42955.0,510.0,480.0,640.0,620.0,1151.0,23.0,30.0,26.0,Elmhurst University,Elmhurst,IL,Midwest,Bachelor,Graduate
39578.0,29096.0,29096.0,,,,,,,,20.0,Eureka College,Eureka,IL,Midwest,Bachelor,Bachelor
22971.0,17670.0,17670.0,,,,,,,,,Fox College,Tinley Park,IL,Midwest,Associate,Associate
24227.0,12004.0,12004.0,,,,,,,,19.0,Governors State University,University Park,IL,Midwest,Bachelor,Graduate
26391.0,8417.0,8417.0,,,,,,,,,Graham Hospital School of Nursing,Canton,IL,Midwest,Certificate,Certificate
45091.0,32200.0,32200.0,406.0,365.0,615.0,615.0,1038.0,16.0,28.0,18.0,Greenville University,Greenville,IL,Midwest,Bachelor,Graduate
35559.0,15150.0,15150.0,,,,,,,,,Hebrew Theological College,Skokie,IL,Midwest,Bachelor,Bachelor
13161.0,4936.0,7360.0,,,,,,,,,Highland Community College,Freeport,IL,Midwest,Certificate,Associate
27521.0,14338.0,29884.0,570.0,560.0,670.0,680.0,1250.0,25.0,31.0,27.0,University of Illinois Chicago,Chicago,IL,Midwest,Bachelor,Graduate
46713.0,35940.0,35940.0,,,,,,,,24.0,Benedictine University,Lisle,IL,Midwest,Bachelor,Graduate
33642.0,16004.0,35124.0,650.0,660.0,740.0,780.0,1440.0,30.0,34.0,32.0,University of Illinois Urbana-Champaign,Champaign,IL,Midwest,Bachelor,Graduate
70700.0,57704.0,57704.0,550.0,570.0,670.0,670.0,1275.0,25.0,30.0,27.0,Illinois Wesleyan University,Bloomington,IL,Midwest,Bachelor,Bachelor
18938.0,4800.0,12150.0,,,,,,,,,Illinois Central College,East Peoria,IL,Midwest,Certificate,Associate
48955.0,38676.0,38676.0,450.0,433.0,590.0,590.0,1064.0,19.0,26.0,21.0,Illinois College,Jacksonville,IL,Midwest,Bachelor,Graduate
17333.0,5260.0,12460.0,,,,,,,,,Illinois Eastern Community Colleges,Olney,IL,Midwest,Certificate,Associate
68164.0,52386.0,52386.0,590.0,590.0,720.0,720.0,1311.0,26.0,32.0,29.0,Illinois Institute of Technology,Chicago,IL,Midwest,Bachelor,Graduate
34309.0,16144.0,28210.0,500.0,490.0,620.0,590.0,1113.0,21.0,27.0,24.0,Illinois State University,Normal,IL,Midwest,Bachelor,Graduate
11067.0,4200.0,16385.0,,,,,,,,,Illinois Valley Community College,Oglesby,IL,Midwest,Certificate,Associate
13596.0,4630.0,7540.0,,,,,,,,,John A Logan College,Carterville,IL,Midwest,Associate,Associate
15845.0,5700.0,9300.0,,,,,,,,,John Wood Community College,Quincy,IL,Midwest,Associate,Associate
9452.0,4530.0,13800.0,,,,,,,,,Joliet Junior College,Joliet,IL,Midwest,Certificate,Associate
43137.0,31360.0,31360.0,423.0,393.0,550.0,568.0,1039.0,16.0,24.0,22.0,Judson University,Elgin,IL,Midwest,Bachelor,Graduate
11612.0,5220.0,25830.0,,,,,,,,,Kankakee Community College,Kankakee,IL,Midwest,Certificate,Associate
11819.0,4800.0,12570.0,,,,,,,,,Kaskaskia College,Centralia,IL,Midwest,Certificate,Associate
13901.0,4560.0,13680.0,,,,,,,,,Kishwaukee College,Malta,IL,Midwest,Associate,Associate
68134.0,57903.0,57903.0,600.0,580.0,680.0,760.0,1326.0,21.0,32.0,28.0,Knox College,Galesburg,IL,Midwest,Bachelor,Bachelor
12694.0,4788.0,14400.0,,,,,,,,,College of Lake County,Grayslake,IL,Midwest,Certificate,Associate
70655.0,56402.0,56402.0,600.0,590.0,713.0,680.0,1343.0,28.0,32.0,29.0,Lake Forest College,Lake Forest,IL,Midwest,Bachelor,Graduate
10276.0,4415.0,14301.0,,,,,,,,,Lake Land College,Mattoon,IL,Midwest,Certificate,Associate
9592.0,4340.0,7840.0,,,,,,,,,Lewis and Clark Community College,Godfrey,IL,Midwest,Certificate,Associate
47313.0,39200.0,39200.0,490.0,470.0,600.0,610.0,1096.0,20.0,27.0,23.0,Lewis University,Romeoville,IL,Midwest,Bachelor,Graduate
12379.0,3744.0,10464.0,,,,,,,,,Lincoln Land Community College,Springfield,IL,Midwest,Certificate,Associate
67408.0,53710.0,53710.0,600.0,570.0,690.0,670.0,1297.0,27.0,32.0,30.0,Loyola University Chicago,Chicago,IL,Midwest,Bachelor,Graduate
25660.0,12700.0,12700.0,,,,,,,,,Generations College,Chicago,IL,Midwest,Associate,Associate
12345.0,4162.0,14399.0,,,,,,,,,McHenry County College,Crystal Lake,IL,Midwest,Certificate,Associate
48845.0,34740.0,34740.0,,,,,,,,,McKendree University,Lebanon,IL,Midwest,Bachelor,Graduate
46874.0,18008.0,18008.0,,,,,,,,,Methodist College,Peoria,IL,Midwest,Bachelor,Graduate
57475.0,26892.0,26892.0,440.0,420.0,570.0,560.0,1034.0,18.0,25.0,23.0,Millikin University,Decatur,IL,Midwest,Bachelor,Graduate
57157.0,44922.0,44922.0,500.0,500.0,620.0,590.0,1128.0,20.0,27.0,26.0,Monmouth College,Monmouth,IL,Midwest,Bachelor,Bachelor
34327.0,15786.0,15786.0,,,,,,,,,Moody Bible Institute,Chicago,IL,Midwest,Bachelor,Graduate
13971.0,3822.0,9846.0,,,,,,,,,Moraine Valley Community College,Palos Hills,IL,Midwest,Certificate,Associate
30436.0,20355.0,20355.0,,,,,,,,,Morrison Institute of Technology,Morrison,IL,Midwest,Associate,Associate
12801.0,5502.0,12414.0,,,,,,,,,Morton College,Cicero,IL,Midwest,Associate,Associate
24154.0,12705.0,12705.0,,,,,,,,,National Louis University,Chicago,IL,Midwest,Bachelor,Graduate
57219.0,45726.0,45726.0,530.0,525.0,650.0,660.0,1213.0,24.0,29.0,25.0,North Central College,Naperville,IL,Midwest,Bachelor,Graduate
44172.0,36710.0,36710.0,,,,,,,,23.0,North Park University,Chicago,IL,Midwest,Bachelor,Graduate
28851.0,13248.0,13248.0,,,,,,,,,Northern Illinois University,Dekalb,IL,Midwest,Bachelor,Graduate
91250.0,68322.0,68322.0,740.0,770.0,770.0,800.0,1533.0,33.0,35.0,35.0,Northwestern University,Evanston,IL,Midwest,Bachelor,Graduate
26960.0,12383.0,22726.0,,,,,,,,,Northeastern Illinois University,Chicago,IL,Midwest,Bachelor,Graduate
11431.0,3985.0,12462.0,,,,,,,,,Oakton College,Des Plaines,IL,Midwest,Certificate,Associate
51981.0,38900.0,38900.0,490.0,460.0,620.0,600.0,1117.0,19.0,26.0,23.0,Olivet Nazarene University,Bourbonnais,IL,Midwest,Bachelor,Graduate
14995.0,4284.0,13266.0,,,,,,,,,Parkland College,Champaign,IL,Midwest,Associate,Associate
13908.0,4176.0,11064.0,,,,,,,,,Prairie State College,Chicago Heights,IL,Midwest,Certificate,Associate
50091.0,37140.0,37140.0,490.0,510.0,600.0,600.0,1098.0,20.0,25.0,24.0,Quincy University,Quincy,IL,Midwest,Bachelor,Graduate
16731.0,4500.0,7800.0,,,,,,,,,Rend Lake College,Ina,IL,Midwest,Certificate,Associate
11483.0,4680.0,17070.0,,,,,,,,,Richland Community College,Decatur,IL,Midwest,Certificate,Associate
11920.0,4334.0,7379.0,,,,,,,,,Rock Valley College,Rockford,IL,Midwest,Associate,Associate
49169.0,37780.0,37780.0,450.0,400.0,535.0,535.0,956.0,17.0,23.0,21.0,Rockford University,Rockford,IL,Midwest,Bachelor,Graduate
35332.0,21315.0,21315.0,465.0,430.0,600.0,575.0,1011.0,18.0,26.0,24.0,Roosevelt University,Chicago,IL,Midwest,Bachelor,Graduate
43891.0,38978.0,38978.0,460.0,420.0,560.0,540.0,1002.0,16.0,26.0,25.0,Dominican University,River Forest,IL,Midwest,Bachelor,Graduate
46239.0,38110.0,38110.0,520.0,510.0,610.0,610.0,1141.0,20.0,32.0,23.0,University of St Francis,Joliet,IL,Midwest,Bachelor,Graduate
43244.0,37940.0,37940.0,,,,,,,,,Saint Xavier University,Chicago,IL,Midwest,Bachelor,Graduate
25521.0,12252.0,22017.0,480.0,460.0,610.0,590.0,1102.0,21.0,27.0,24.0,University of Illinois Springfield,Springfield,IL,Midwest,Bachelor,Graduate
15273.0,5340.0,12900.0,,,,,,,,,Sauk Valley Community College,Dixon,IL,Midwest,Certificate,Associate
13497.0,4650.0,7500.0,,,,,,,,,Shawnee Community College,Ullin,IL,Midwest,Certificate,Associate
16113.0,4560.0,6780.0,,,,,,,,,Southeastern Illinois College,Harrisburg,IL,Midwest,Certificate,Associate
12217.0,6090.0,13500.0,,,,,,,,,Spoon River College,Canton,IL,Midwest,Certificate,Associate
28329.0,13334.0,13334.0,470.0,430.0,590.0,570.0,1055.0,18.0,25.0,24.0,Southern Illinois University-Carbondale,Carbondale,IL,Midwest,Bachelor,Graduate
28919.0,12922.0,12922.0,490.0,460.0,600.0,590.0,1100.0,20.0,27.0,23.0,Southern Illinois University Edwardsville,Edwardsville,IL,Midwest,Bachelor,Graduate
22775.0,12000.0,12000.0,,,,,,,,,Taylor Business Institute,Chicago,IL,Midwest,Associate,Associate
23300.0,15000.0,15000.0,,,,,,,,,Telshe Yeshiva-Chicago,Chicago,IL,Midwest,Bachelor,Graduate
10834.0,5093.0,12683.0,,,,,,,,,South Suburban College,South Holland,IL,Midwest,Certificate,Associate
35012.0,20605.0,20605.0,510.0,540.0,660.0,660.0,1157.0,20.0,25.0,24.0,Trinity Christian College,Palos Heights,IL,Midwest,Bachelor,Graduate
16515.0,12320.0,12320.0,,,,,,,,18.0,Trinity International University-Illinois,Deerfield,IL,Midwest,Bachelor,Graduate
12235.0,5070.0,15330.0,,,,,,,,,Triton College,River Grove,IL,Midwest,Certificate,Associate
44613.0,30910.0,30910.0,,,,,,,,,VanderCook College of Music,Chicago,IL,Midwest,Bachelor,Graduate
19336.0,3504.0,10477.0,,,,,,,,,Waubonsee Community College,Sugar Grove,IL,Midwest,Associate,Associate
28254.0,15264.0,15264.0,,,,,,,,,Western Illinois University,Macomb,IL,Midwest,Bachelor,Graduate
59263.0,45546.0,45546.0,650.0,610.0,740.0,730.0,1380.0,28.0,32.0,30.0,Wheaton College,Wheaton,IL,Midwest,Bachelor,Graduate
19288.0,3894.0,11874.0,,,,,,,,,William Rainey Harper College,Palatine,IL,Midwest,Certificate,Associate
51585.0,37240.0,37240.0,450.0,450.0,580.0,570.0,1035.0,17.0,24.0,22.0,Anderson University,Anderson,IN,Midwest,Bachelor,Graduate
26146.0,11082.0,29630.0,550.0,530.0,640.0,620.0,1160.0,20.0,24.0,24.0,Ball State University,Muncie,IN,Midwest,Bachelor,Graduate
43885.0,34600.0,34600.0,460.0,440.0,580.0,570.0,1014.0,16.0,24.0,,Bethel University,Mishawaka,IN,Midwest,Bachelor,Graduate
65970.0,47560.0,47560.0,590.0,570.0,680.0,670.0,1274.0,26.0,31.0,28.0,Butler University,Indianapolis,IN,Midwest,Bachelor,Graduate
32968.0,23850.0,23850.0,,,,,,,,,Calumet College of Saint Joseph,Whiting,IN,Midwest,Bachelor,Graduate
43083.0,10080.0,10080.0,,,,,,,,,College of Court Reporting Inc,Valparaiso,IN,Midwest,Associate,Associate
74320.0,59070.0,59070.0,600.0,600.0,690.0,720.0,1340.0,28.0,32.0,28.0,DePauw University,Greencastle,IN,Midwest,Bachelor,Bachelor
67684.0,53930.0,53930.0,570.0,540.0,660.0,630.0,1219.0,24.0,33.0,28.0,Earlham College,Richmond,IN,Midwest,Bachelor,Graduate
57451.0,44172.0,44172.0,,,,,,,,26.0,University of Evansville,Evansville,IN,Midwest,Bachelor,Graduate
54178.0,38710.0,38710.0,540.0,520.0,620.0,620.0,1145.0,20.0,26.0,23.0,Franklin College,Franklin,IN,Midwest,Bachelor,Graduate
48449.0,38890.0,38890.0,440.0,440.0,550.0,560.0,950.0,,,27.0,Goshen College,Goshen,IN,Midwest,Bachelor,Graduate
41838.0,31200.0,31200.0,510.0,490.0,610.0,590.0,1119.0,21.0,27.0,23.0,Grace College and Theological Seminary,Winona Lake,IN,Midwest,Bachelor,Graduate
58821.0,44638.0,44638.0,560.0,550.0,650.0,630.0,1201.0,23.0,29.0,28.0,Hanover College,Hanover,IN,Midwest,Bachelor,Graduate
50881.0,36600.0,36600.0,,,,,,,,31.0,Holy Cross College,Notre Dame,IN,Midwest,Bachelor,Bachelor
42157.0,31870.0,31870.0,470.0,460.0,580.0,570.0,1052.0,18.0,26.0,22.0,Huntington University,Huntington,IN,Midwest,Bachelor,Graduate
15370.0,5154.0,9935.0,,,,,,,,,Ivy Tech Community College,Indianapolis,IN,Midwest,Certificate,Associate
22183.0,9532.0,22887.0,490.0,480.0,610.0,610.0,1100.0,22.0,29.0,23.0,Purdue University Fort Wayne,Fort Wayne,IN,Midwest,Bachelor,Graduate
23316.0,10762.0,34891.0,520.0,510.0,630.0,610.0,1139.0,21.0,29.0,25.0,Indiana University-Indianapolis,Indianapolis,IN,Midwest,Bachelor,Graduate
52590.0,37200.0,37200.0,,,,,,,,,University of Indianapolis,Indianapolis,IN,Midwest,Bachelor,Graduate
45879.0,31361.0,31361.0,,,,,,,,,Indiana Institute of Technology,Fort Wayne,IN,Midwest,Bachelor,Graduate
22383.0,10066.0,22907.0,520.0,510.0,620.0,620.0,1141.0,21.0,27.0,24.0,University of Southern Indiana,Evansville,IN,Midwest,Certificate,Graduate
24535.0,10258.0,22322.0,,,,,,,,,Indiana State University,Terre Haute,IN,Midwest,Bachelor,Graduate
11837.0,8424.0,22811.0,490.0,470.0,580.0,570.0,1065.0,21.0,27.0,23.0,Indiana University-Kokomo,Kokomo,IN,Midwest,Bachelor,Graduate
17364.0,8424.0,22811.0,480.0,470.0,610.0,580.0,1081.0,21.0,23.0,21.0,Indiana University-South Bend,South Bend,IN,Midwest,Bachelor,Graduate
28801.0,12144.0,41891.0,590.0,580.0,690.0,710.0,1313.0,27.0,33.0,29.0,Indiana University-Bloomington,Bloomington,IN,Midwest,Bachelor,Graduate
13989.0,8424.0,22811.0,460.0,450.0,600.0,580.0,1055.0,18.0,26.0,22.0,Indiana University-Northwest,Gary,IN,Midwest,Bachelor,Graduate
16411.0,8424.0,22811.0,490.0,480.0,610.0,570.0,1072.0,20.0,25.0,23.0,Indiana University-Southeast,New Albany,IN,Midwest,Bachelor,Graduate
16954.0,8424.0,22811.0,490.0,470.0,600.0,570.0,1061.0,19.0,24.0,22.0,Indiana University-East,Richmond,IN,Midwest,Bachelor,Graduate
23846.0,17170.0,17170.0,,,,,,,,,Vet Tech Institute of Indiana,Indianapolis,IN,Midwest,Associate,Associate
49993.0,37135.0,37135.0,,,,,,,,,Manchester University,North Manchester,IN,Midwest,Bachelor,Graduate
56258.0,40664.0,40664.0,,,,,,,,,Marian University,Indianapolis,IN,Midwest,Bachelor,Graduate
44776.0,32352.0,32352.0,480.0,480.0,600.0,580.0,1082.0,19.0,28.0,23.0,Indiana Wesleyan University-Marion,Marion,IN,Midwest,Bachelor,Graduate
35453.0,19000.0,19000.0,,,,,,,,,Mid-America College of Funeral Service,Jeffersonville,IN,Midwest,Associate,Bachelor
83271.0,65025.0,65025.0,720.0,735.0,770.0,790.0,1520.0,33.0,35.0,34.0,University of Notre Dame,Notre Dame,IN,Midwest,Bachelor,Graduate
42441.0,27900.0,27900.0,,,,,,,,19.0,Oakland City University,Oakland City,IN,Midwest,Bachelor,Graduate
77890.0,58649.0,58649.0,650.0,670.0,730.0,770.0,1427.0,29.0,34.0,31.0,Rose-Hulman Institute of Technology,Terre Haute,IN,Midwest,Bachelor,Graduate
47223.0,36460.0,36460.0,440.0,430.0,540.0,530.0,981.0,17.0,24.0,22.0,University of Saint Francis-Fort Wayne,Fort Wayne,IN,Midwest,Bachelor,Graduate
49512.0,35270.0,35270.0,,,,,,,,20.0,Saint Mary-of-the-Woods College,Saint Mary of the Woods,IN,Midwest,Bachelor,Graduate
66478.0,53230.0,53230.0,580.0,550.0,680.0,645.0,1246.0,26.0,30.0,26.0,Saint Mary's College,Notre Dame,IN,Midwest,Bachelor,Graduate
32407.0,20208.0,20208.0,,,,,,,,,Saint Elizabeth School of Nursing,Lafayette,IN,Midwest,Certificate,Certificate
53405.0,40490.0,40490.0,540.0,530.0,670.0,660.0,1220.0,24.0,31.0,,Taylor University,Upland,IN,Midwest,Bachelor,Graduate
51109.0,36560.0,36560.0,,,,,,,,25.0,Trine University,Angola,IN,Midwest,Bachelor,Graduate
58437.0,48450.0,48450.0,540.0,520.0,640.0,640.0,1178.0,23.0,31.0,,Valparaiso University,Valparaiso,IN,Midwest,Bachelor,Graduate
21310.0,7126.0,16858.0,,,,,,,,,Vincennes University,Vincennes,IN,Midwest,Certificate,Bachelor
65144.0,50800.0,50800.0,520.0,540.0,620.0,650.0,1180.0,23.0,28.0,26.0,Wabash College,Crawfordsville,IN,Midwest,Bachelor,Bachelor
51493.0,36956.0,36956.0,,,,,,,,,Briar Cliff University,Sioux City,IA,Midwest,Bachelor,Graduate
54222.0,41798.0,41798.0,,,,,1120.0,19.0,26.0,22.0,Buena Vista University,Storm Lake,IA,Midwest,Bachelor,Graduate
37773.0,20988.0,20988.0,528.0,528.0,560.0,560.0,1147.0,20.0,26.0,22.0,Central College,Pella,IA,Midwest,Bachelor,Bachelor
55782.0,40910.0,40910.0,430.0,470.0,570.0,590.0,1054.0,16.0,24.0,21.0,Clarke University,Dubuque,IA,Midwest,Bachelor,Graduate
67372.0,54666.0,54666.0,540.0,530.0,640.0,650.0,1223.0,23.0,29.0,,Coe College,Cedar Rapids,IA,Midwest,Bachelor,Bachelor
66249.0,52660.0,52660.0,575.0,545.0,655.0,630.0,1234.0,23.0,30.0,27.0,Cornell College,Mount Vernon,IA,Midwest,Bachelor,Bachelor
16204.0,5790.0,6690.0,,,,,,,,,Des Moines Area Community College,Ankeny,IA,Midwest,Certificate,Associate
51733.0,37050.0,37050.0,540.0,530.0,670.0,660.0,1221.0,21.0,29.0,25.0,Dordt University,Sioux Center,IA,Midwest,Bachelor,Graduate
64835.0,52130.0,52130.0,580.0,530.0,680.0,670.0,1292.0,24.0,29.0,28.0,Drake University,Des Moines,IA,Midwest,Bachelor,Graduate
53806.0,42095.0,42095.0,490.0,490.0,610.0,610.0,1110.0,18.0,24.0,,University of Dubuque,Dubuque,IA,Midwest,Bachelor,Graduate
18804.0,5496.0,6504.0,,,,,,,,,Ellsworth Community College,Iowa Falls,IA,Midwest,Associate,Associate
30971.0,20800.0,20800.0,570.0,550.0,690.0,630.0,1161.0,21.0,30.0,22.0,Emmaus Bible College,Dubuque,IA,Midwest,Certificate,Bachelor
19170.0,4848.0,6456.0,,,,,,,,,Eastern Iowa Community College District,Davenport,IA,Midwest,Certificate,Associate
32722.0,20270.0,20270.0,500.0,490.0,610.0,580.0,1109.0,19.0,26.0,24.0,Faith Baptist Bible College and Theological Seminary,Ankeny,IA,Midwest,Bachelor,Graduate
48294.0,20950.0,20950.0,,,,,,,,20.0,Graceland University-Lamoni,Lamoni,IA,Midwest,Bachelor,Graduate
48522.0,34762.0,34762.0,,,,,,,,20.0,Grand View University,Des Moines,IA,Midwest,Bachelor,Graduate
83440.0,68106.0,68106.0,700.0,710.0,750.0,790.0,1486.0,31.0,34.0,32.0,Grinnell College,Grinnell,IA,Midwest,Bachelor,Bachelor
30641.0,15600.0,15600.0,,,,,,,,,Orion Technical College,Davenport,IA,Midwest,Certificate,Bachelor
14901.0,6525.0,6612.0,,,,,,,,,Hawkeye Community College,Waterloo,IA,Midwest,Associate,Associate
17791.0,5040.0,6120.0,,,,,,,,,Indian Hills Community College,Ottumwa,IA,Midwest,Associate,Associate
15222.0,5496.0,7788.0,,,,,,,,,Iowa Central Community College,Fort Dodge,IA,Midwest,Associate,Associate
20120.0,7392.0,7872.0,,,,,,,,,Iowa Lakes Community College,Estherville,IA,Midwest,Associate,Associate
24018.0,10787.0,28881.0,560.0,560.0,670.0,690.0,1204.0,21.0,28.0,25.0,Iowa State University,Ames,IA,Midwest,Bachelor,Graduate
18978.0,6930.0,7080.0,,,,,,,,,Iowa Western Community College,Council Bluffs,IA,Midwest,Associate,Associate
28596.0,11283.0,33371.0,570.0,560.0,670.0,660.0,1200.0,21.0,28.0,26.0,University of Iowa,Iowa City,IA,Midwest,Bachelor,Graduate
15579.0,6176.0,8220.0,,,,,,,,,Kirkwood Community College,Cedar Rapids,IA,Midwest,Associate,Associate
50537.0,39824.0,39824.0,,,,,,,,,Loras College,Dubuque,IA,Midwest,Bachelor,Graduate
65461.0,52120.0,52120.0,550.0,528.0,668.0,738.0,1218.0,22.0,29.0,26.0,Luther College,Decorah,IA,Midwest,Bachelor,Bachelor
27892.0,16530.0,16530.0,,,,,,,,,Maharishi International University,Fairfield,IA,Midwest,Bachelor,Graduate
14425.0,5496.0,6504.0,,,,,,,,,Marshalltown Community College,Marshalltown,IA,Midwest,Associate,Associate
34398.0,17664.0,17664.0,,,,,980.0,16.0,21.0,20.0,Mercy College of Health Sciences,Des Moines,IA,Midwest,Bachelor,Graduate
52577.0,39660.0,39660.0,,,,,,,,,Morningside University,Sioux City,IA,Midwest,Bachelor,Graduate
55054.0,40878.0,40878.0,,,,,,,,,Mount Mercy University,Cedar Rapids,IA,Midwest,Bachelor,Graduate
37594.0,11960.0,11960.0,,,,,,,,,The University of Arizona Global Campus,Chandler,AZ,Southwest,Bachelor,Graduate
17040.0,6653.0,9551.0,,,,,,,,,North Iowa Area Community College,Mason City,IA,Midwest,Certificate,Associate
22278.0,9936.0,21712.0,520.0,500.0,650.0,630.0,1122.0,19.0,26.0,23.0,University of Northern Iowa,Cedar Falls,IA,Midwest,Bachelor,Graduate
49783.0,36710.0,36710.0,,,,,,,,24.0,Northwestern College,Orange City,IA,Midwest,Bachelor,Graduate
17838.0,6780.0,7770.0,,,,,,,,,Northeast Iowa Community College,Calmar,IA,Midwest,Associate,Associate
20414.0,7350.0,7650.0,,,,,,,,,Northwest Iowa Community College,Sheldon,IA,Midwest,Associate,Associate
51141.0,36658.0,36658.0,490.0,440.0,580.0,590.0,1093.0,20.0,25.0,24.0,Saint Ambrose University,Davenport,IA,Midwest,Bachelor,Graduate
27647.0,24175.0,24175.0,,,,,980.0,17.0,23.0,,St Luke's College,Sioux City,IA,Midwest,Associate,Bachelor
61227.0,47656.0,47656.0,,,,,1440.0,31.0,33.0,24.0,Simpson College,Indianola,IA,Midwest,Bachelor,Graduate
17371.0,6420.0,6570.0,,,,,,,,,Southeastern Community College,West Burlington,IA,Midwest,Certificate,Associate
16951.0,8064.0,8316.0,,,,,,,,,Southwestern Community College,Creston,IA,Midwest,Certificate,Associate
34022.0,19475.0,19475.0,,,,,1090.0,17.0,23.0,21.0,Upper Iowa University,Fayette,IA,Midwest,Bachelor,Graduate
39675.0,25978.0,25978.0,,,,,,,,,Waldorf University,Forest City,IA,Midwest,Bachelor,Graduate
64359.0,26250.0,26250.0,470.0,460.0,620.0,580.0,1136.0,21.0,27.0,23.0,Wartburg College,Waverly,IA,Midwest,Bachelor,Graduate
14894.0,5186.0,5330.0,,,,,,,,,Western Iowa Tech Community College,Sioux City,IA,Midwest,Certificate,Associate
42874.0,29750.0,29750.0,450.0,430.0,570.0,540.0,984.0,16.0,22.0,19.0,William Penn University,Oskaloosa,IA,Midwest,Bachelor,Graduate
14024.0,4260.0,4860.0,,,,,,,,,Allen County Community College,Iola,KS,Midwest,Associate,Associate
50918.0,35300.0,35300.0,,,,,,,,21.0,Baker University,Baldwin City,KS,Midwest,Bachelor,Graduate
15356.0,3680.0,4960.0,,,,,,,,,Barton County Community College,Great Bend,KS,Midwest,Certificate,Associate
52206.0,36350.0,36350.0,570.0,570.0,690.0,690.0,1252.0,22.0,29.0,26.0,Benedictine College,Atchison,KS,Midwest,Bachelor,Graduate
53738.0,33000.0,33000.0,,,,,,,,20.0,Bethany College,Lindsborg,KS,Midwest,Bachelor,Bachelor
52193.0,35014.0,35014.0,,,,,,,,22.0,Bethel College-North Newton,North Newton,KS,Midwest,Bachelor,Bachelor
21295.0,3541.0,6271.0,,,,,,,,,Butler Community College,El Dorado,KS,Midwest,Associate,Associate
33327.0,21000.0,21000.0,,,,,,,,,Central Christian College of Kansas,McPherson,KS,Midwest,Bachelor,Graduate
17584.0,3540.0,4500.0,,,,,,,,,Cloud County Community College,Concordia,KS,Midwest,Certificate,Associate
11863.0,3600.0,4680.0,,,,,,,,,Coffeyville Community College,Coffeyville,KS,Midwest,Certificate,Associate
13160.0,4140.0,5830.0,,,,,,,,,Colby Community College,Colby,KS,Midwest,Certificate,Associate
13534.0,4800.0,6600.0,,,,,,,,,Cowley County Community College,Arkansas City,KS,Midwest,Certificate,Associate
10189.0,4650.0,5850.0,,,,,,,,,Dodge City Community College,Dodge City,KS,Midwest,Certificate,Associate
21659.0,10440.0,10440.0,,,,,,,,,Donnelly College,Kansas City,KS,Midwest,Associate,Bachelor
21967.0,7106.0,15419.0,,,,,1120.0,18.0,24.0,,Emporia State University,Emporia,KS,Midwest,Bachelor,Graduate
20965.0,6400.0,6400.0,,,,,,,,,Flint Hills Technical College,Emporia,KS,Midwest,Certificate,Associate
19909.0,5923.0,17741.0,500.0,470.0,580.0,560.0,1089.0,18.0,24.0,,Fort Hays State University,Hays,KS,Midwest,Bachelor,Graduate
42890.0,24590.0,24590.0,,,,,,,,,Barclay College,Haviland,KS,Midwest,Bachelor,Graduate
50482.0,34192.0,34192.0,500.0,460.0,530.0,560.0,1080.0,15.0,28.0,21.0,Friends University,Wichita,KS,Midwest,Bachelor,Graduate
12669.0,3390.0,3840.0,,,,,,,,,Fort Scott Community College,Fort Scott,KS,Midwest,Certificate,Associate
15071.0,3690.0,4320.0,,,,,,,,,Garden City Community College,Garden City,KS,Midwest,Certificate,Associate
9581.0,600.0,600.0,,,,,,,,,Haskell Indian Nations University,Lawrence,KS,Midwest,Associate,Bachelor
47450.0,32936.0,32936.0,,,,,,,,,Hesston College,Hesston,KS,Midwest,Associate,Bachelor
17914.0,4080.0,4080.0,,,,,,,,,Highland Community College,Highland,KS,Midwest,Certificate,Associate
14858.0,3540.0,4770.0,,,,,,,,,Hutchinson Community College,Hutchinson,KS,Midwest,Certificate,Associate
8824.0,4560.0,4950.0,,,,,,,,,Independence Community College,Independence,KS,Midwest,Associate,Associate
19785.0,2424.0,5688.0,,,,,,,,,Johnson County Community College,Overland Park,KS,Midwest,Associate,Associate
19855.0,3210.0,6945.0,,,,,,,,,Kansas City Kansas Community College,Kansas City,KS,Midwest,Certificate,Associate
20997.0,11720.0,11720.0,,,,,,,,,Kansas Christian College,Overland Park,KS,Midwest,Bachelor,Graduate
26751.0,12102.0,30432.0,540.0,530.0,650.0,650.0,1190.0,20.0,28.0,25.0,University of Kansas,Lawrence,KS,Midwest,Bachelor,Graduate
46489.0,35500.0,35500.0,,,,,,,,21.0,Newman University,Wichita,KS,Midwest,Bachelor,Graduate
27402.0,11221.0,28568.0,550.0,510.0,640.0,620.0,1151.0,20.0,27.0,,Kansas State University,Manhattan,KS,Midwest,Bachelor,Graduate
47437.0,34630.0,34630.0,,,,,,,,,Kansas Wesleyan University,Salina,KS,Midwest,Bachelor,Graduate
14251.0,8880.0,8880.0,,,,,,,,,Washburn Institute of Technology,Topeka,KS,Midwest,Certificate,Certificate
13364.0,4064.0,4864.0,,,,,,,,,Labette Community College,Parsons,KS,Midwest,Associate,Associate
19407.0,9844.0,9844.0,,,,,,,,,Manhattan Area Technical College,Manhattan,KS,Midwest,Certificate,Associate
34466.0,19126.0,19126.0,,,,,1020.0,18.0,24.0,22.0,Manhattan Christian College,Manhattan,KS,Midwest,Bachelor,Bachelor
50611.0,37310.0,37310.0,470.0,490.0,620.0,580.0,1058.0,18.0,23.0,,McPherson College,McPherson,KS,Midwest,Bachelor,Graduate
57355.0,37174.0,37174.0,460.0,490.0,540.0,550.0,1048.0,17.0,23.0,20.0,MidAmerica Nazarene University,Olathe,KS,Midwest,Bachelor,Graduate
16790.0,5780.0,5780.0,,,,,,,,,Neosho County Community College,Chanute,KS,Midwest,Certificate,Associate
21454.0,7350.0,7350.0,,,,,,,,,Fort Hays Tech North Central,Beloit,KS,Midwest,Certificate,Associate
51856.0,35880.0,35880.0,420.0,330.0,500.0,500.0,1000.0,16.0,22.0,18.0,Ottawa University-Ottawa,Ottawa,KS,Midwest,Bachelor,Graduate
22099.0,8400.0,19744.0,,,,,1050.0,17.0,24.0,21.0,Pittsburg State University,Pittsburg,KS,Midwest,Bachelor,Graduate
19780.0,4256.0,4936.0,,,,,,,,,Pratt Community College,Pratt,KS,Midwest,Certificate,Associate
48728.0,35380.0,35380.0,378.0,428.0,518.0,510.0,1029.0,17.0,24.0,,University of Saint Mary,Leavenworth,KS,Midwest,Bachelor,Graduate
14642.0,7128.0,7128.0,,,,,,,,,Salina Area Technical College,Salina,KS,Midwest,Certificate,Associate
12629.0,4032.0,5408.0,,,,,,,,,Seward County Community College,Liberal,KS,Midwest,Certificate,Associate
58432.0,39822.0,39822.0,,,,,,,,19.0,Southwestern College,Winfield,KS,Midwest,Bachelor,Graduate
47185.0,33700.0,33700.0,,,,,,,,22.0,Sterling College,Sterling,KS,Midwest,Bachelor,Graduate
50350.0,36200.0,36200.0,,,,,,,,,Tabor College,Hillsboro,KS,Midwest,Bachelor,Graduate
21512.0,9945.0,20949.0,,,,,,,,,Washburn University,Topeka,KS,Midwest,Bachelor,Graduate
17592.0,7238.0,7238.0,,,,,,,,,Wichita State University-Campus of Applied Sciences and Technology,Wichita,KS,Midwest,Certificate,Associate
21780.0,9684.0,19869.0,470.0,435.0,610.0,630.0,1092.0,17.0,25.0,23.0,Wichita State University,Wichita,KS,Midwest,Bachelor,Graduate
31200.0,13960.0,13960.0,380.0,330.0,500.0,460.0,1015.0,16.0,22.0,20.0,Alice Lloyd College,Pippa Passes,KY,Southeast,Bachelor,Bachelor
47459.0,33640.0,33640.0,,,,,,,,,Asbury University,Wilmore,KY,Southeast,Bachelor,Graduate
14374.0,4728.0,6432.0,,,,,,,,,Ashland Community and Technical College,Ashland,KY,Southeast,Certificate,Associate
61691.0,48770.0,48770.0,510.0,520.0,630.0,620.0,1210.0,23.0,28.0,24.0,Bellarmine University,Louisville,KY,Southeast,Bachelor,Graduate
60718.0,51658.0,51658.0,588.0,568.0,680.0,655.0,1249.0,23.0,28.0,26.0,Berea College,Berea,KY,Southeast,Bachelor,Bachelor
13993.0,4728.0,6432.0,,,,,,,,,Southcentral Kentucky Community and Technical College,Bowling Green,KY,Southeast,Certificate,Associate
44328.0,31550.0,31550.0,,,,,,,,22.0,Brescia University,Owensboro,KY,Southeast,Bachelor,Graduate
42603.0,27998.0,27998.0,,,,,,,,,Campbellsville University,Campbellsville,KY,Southeast,Bachelor,Graduate
13902.0,4808.0,6512.0,,,,,,,,,Bluegrass Community and Technical College,Lexington,KY,Southeast,Certificate,Associate
67787.0,52820.0,52820.0,590.0,570.0,720.0,730.0,1352.0,25.0,32.0,30.0,Centre College,Danville,KY,Southeast,Bachelor,Bachelor
21040.0,10720.0,10720.0,,,,,,,,,Clear Creek Baptist Bible College,Pineville,KY,Southeast,Bachelor,Graduate
25567.0,9875.0,9875.0,,,,,,,,21.0,University of the Cumberlands,Williamsburg,KY,Southeast,Bachelor,Graduate
23735.0,10320.0,21230.0,440.0,440.0,530.0,550.0,1149.0,19.0,25.0,21.0,Eastern Kentucky University,Richmond,KY,Southeast,Bachelor,Graduate
14212.0,4728.0,6432.0,,,,,,,,,Elizabethtown Community and Technical College,Elizabethtown,KY,Southeast,Certificate,Associate
56886.0,42840.0,42840.0,500.0,460.0,590.0,570.0,1138.0,20.0,25.0,,Georgetown College,Georgetown,KY,Southeast,Bachelor,Graduate
12520.0,4728.0,6432.0,,,,,,,,,Hazard Community and Technical College,Hazard,KY,Southeast,Certificate,Associate
13540.0,4728.0,6432.0,,,,,,,,,Henderson Community College,Henderson,KY,Southeast,Certificate,Associate
14469.0,4728.0,6432.0,,,,,,,,,Hopkinsville Community College,Hopkinsville,KY,Southeast,Certificate,Associate
14457.0,4808.0,6512.0,,,,,,,,,Jefferson Community and Technical College,Louisville,KY,Southeast,Certificate,Associate
25356.0,12456.0,12456.0,,,,,,,,,American National University-Louisville,Louisville,KY,Southeast,Associate,Graduate
16603.0,10360.0,10360.0,505.0,443.0,598.0,528.0,1080.0,17.0,25.0,23.0,Kentucky Mountain Bible College,Jackson,KY,Southeast,Bachelor,Bachelor
21727.0,9387.0,13658.0,,,,,870.0,14.0,17.0,,Kentucky State University,Frankfort,KY,Southeast,Bachelor,Graduate
46203.0,34673.0,34673.0,440.0,450.0,560.0,570.0,1044.0,16.0,23.0,22.0,Kentucky Wesleyan College,Owensboro,KY,Southeast,Bachelor,Bachelor
34391.0,13502.0,34140.0,540.0,530.0,650.0,640.0,1215.0,21.0,28.0,26.0,University of Kentucky,Lexington,KY,Southeast,Bachelor,Graduate
40168.0,26625.0,26625.0,,,,,1090.0,18.0,24.0,19.0,Kentucky Christian University,Grayson,KY,Southeast,Bachelor,Graduate
40879.0,27808.0,27808.0,,,,,,,,,Lindsey Wilson University,Columbia,KY,Southeast,Bachelor,Graduate
32941.0,13136.0,29482.0,530.0,510.0,640.0,630.0,1150.0,19.0,27.0,24.0,University of Louisville,Louisville,KY,Southeast,Bachelor,Graduate
13911.0,4728.0,6432.0,,,,,,,,,Madisonville Community College,Madisonville,KY,Southeast,Certificate,Associate
13222.0,4728.0,6432.0,,,,,,,,,Maysville Community and Technical College,Maysville,KY,Southeast,Certificate,Associate
48805.0,27220.0,27220.0,570.0,530.0,590.0,580.0,1122.0,20.0,25.0,22.0,Midway University,Midway,KY,Southeast,Bachelor,Graduate
21961.0,10024.0,14980.0,,,,,,,,,Morehead State University,Morehead,KY,Southeast,Bachelor,Graduate
23485.0,9900.0,19836.0,480.0,460.0,600.0,570.0,1133.0,19.0,26.0,24.0,Murray State University,Murray,KY,Southeast,Bachelor,Graduate
14075.0,4728.0,6432.0,,,,,,,,,Gateway Community and Technical College,Florence,KY,Southeast,Certificate,Associate
19725.0,11088.0,21912.0,473.0,480.0,590.0,560.0,1087.0,18.0,25.0,23.0,Northern Kentucky University,Highland Heights,KY,Southeast,Bachelor,Graduate
14084.0,4728.0,6432.0,,,,,,,,,West Kentucky Community and Technical College,Paducah,KY,Southeast,Certificate,Associate
33420.0,24850.0,24850.0,,,,,,,,,University of Pikeville,Pikeville,KY,Southeast,Bachelor,Graduate
13047.0,4728.0,6432.0,,,,,,,,,Big Sandy Community and Technical College,Prestonsburg,KY,Southeast,Certificate,Associate
12959.0,4728.0,6432.0,,,,,,,,,Somerset Community College,Somerset,KY,Southeast,Certificate,Associate
12699.0,4728.0,6432.0,,,,,,,,,Southeast Kentucky Community & Technical College,Cumberland,KY,Southeast,Certificate,Associate
45530.0,29200.0,29200.0,440.0,435.0,513.0,525.0,977.0,15.0,22.0,20.0,Spalding University,Louisville,KY,Southeast,Bachelor,Graduate
31766.0,15480.0,15480.0,,,,,,,,,Sullivan University,Louisville,KY,Southeast,Associate,Graduate
49452.0,39800.0,39800.0,510.0,520.0,610.0,620.0,1180.0,21.0,27.0,,Thomas More University,Crestview Hills,KY,Southeast,Bachelor,Graduate
60993.0,46870.0,46870.0,580.0,540.0,690.0,690.0,1287.0,24.0,30.0,27.0,Transylvania University,Lexington,KY,Southeast,Bachelor,Bachelor
44322.0,30946.0,30946.0,,,,,980.0,15.0,22.0,19.0,Union Commonwealth University,Barbourville,KY,Southeast,Bachelor,Graduate
24188.0,11652.0,27000.0,420.0,420.0,530.0,520.0,971.0,16.0,21.0,,Western Kentucky University,Bowling Green,KY,Southeast,Bachelor,Graduate
12172.0,4099.0,4099.0,,,,,,,,,Central Louisiana Technical Community College,Alexandria,LA,Southeast,Certificate,Associate
17111.0,4283.0,4283.0,,,,,,,,,Bossier Parish Community College,Bossier City,LA,Southeast,Certificate,Associate
60620.0,41200.0,41200.0,530.0,530.0,600.0,610.0,1144.0,20.0,25.0,25.0,Centenary College of Louisiana,Shreveport,LA,Southeast,Bachelor,Graduate
18568.0,4279.0,4279.0,,,,,,,,,Delgado Community College,New Orleans,LA,Southeast,Certificate,Associate
39202.0,23918.0,23918.0,480.0,488.0,640.0,562.0,1050.0,18.0,22.0,21.0,Dillard University,New Orleans,LA,Southeast,Bachelor,Graduate
18175.0,4255.0,4255.0,,,,,,,,,Nunez Community College,Chalmette,LA,Southeast,Certificate,Associate
25367.0,7683.0,16706.0,490.0,430.0,570.0,510.0,943.0,15.0,19.0,17.0,Grambling State University,Grambling,LA,Southeast,Bachelor,Graduate
25749.0,11711.0,11711.0,,,,,,,,,ITI Technical College,Baton Rouge,LA,Southeast,Associate,Associate
15550.0,7050.0,14650.0,490.0,480.0,610.0,610.0,1022.0,17.0,22.0,20.0,Louisiana State University at Alexandria,Alexandria,LA,Southeast,Bachelor,Bachelor
34705.0,11954.0,28631.0,600.0,580.0,680.0,660.0,1285.0,24.0,30.0,26.0,Louisiana State University and Agricultural & Mechanical College,Baton Rouge,LA,Southeast,Bachelor,Graduate
17346.0,4730.0,10094.0,,,,,,,,,Louisiana State University-Eunice,Eunice,LA,Southeast,Associate,Associate
19461.0,7518.0,7518.0,515.0,485.0,605.0,590.0,1090.0,18.0,24.0,23.0,Louisiana State University-Shreveport,Shreveport,LA,Southeast,Bachelor,Graduate
33791.0,20266.0,20266.0,,,,,,,,21.0,Louisiana Christian University,Pineville,LA,Southeast,Bachelor,Graduate
24280.0,10125.0,16866.0,550.0,550.0,630.0,680.0,1191.0,21.0,27.0,25.0,Louisiana Tech University,Ruston,LA,Southeast,Bachelor,Graduate
64157.0,49440.0,49440.0,,,,,,,,,Loyola University New Orleans,New Orleans,LA,Southeast,Bachelor,Graduate
22810.0,8489.0,9989.0,490.0,450.0,610.0,588.0,1087.0,18.0,23.0,22.0,McNeese State University,Lake Charles,LA,Southeast,Bachelor,Graduate
23431.0,9172.0,14008.0,480.0,455.0,616.0,625.0,1052.0,17.0,23.0,21.0,University of New Orleans,New Orleans,LA,Southeast,Bachelor,Graduate
21660.0,12468.0,12468.0,,,,,,,,,New Orleans Baptist Theological Seminary,New Orleans,LA,Southeast,Bachelor,Graduate
23481.0,8149.0,9242.0,472.0,462.0,608.0,588.0,1090.0,19.0,24.0,23.0,Nicholls State University,Thibodaux,LA,Southeast,Bachelor,Graduate
24932.0,9190.0,21290.0,540.0,620.0,630.0,730.0,1116.0,18.0,24.0,22.0,University of Louisiana at Monroe,Monroe,LA,Southeast,Bachelor,Graduate
16807.0,4109.0,4109.0,,,,,,,,,Northwest Louisiana Technical Community College,Minden,LA,Southeast,Certificate,Associate
25431.0,8864.0,19652.0,448.0,418.0,610.0,553.0,1088.0,18.0,24.0,19.0,Northwestern State University of Louisiana,Natchitoches,LA,Southeast,Bachelor,Graduate
27541.0,16576.0,16576.0,,,,,,,,19.0,University of Holy Cross,New Orleans,LA,Southeast,Bachelor,Graduate
28490.0,18310.0,18310.0,,,,,,,,21.0,Franciscan Missionaries of Our Lady University,Baton Rouge,LA,Southeast,Bachelor,Graduate
49944.0,28025.0,28025.0,,,,,,,,,Saint Joseph Seminary College,St. Benedict,LA,Southeast,Bachelor,Bachelor
17452.0,4219.0,4219.0,,,,,,,,,Fletcher Technical Community College,Schriever,LA,Southeast,Certificate,Associate
35661.0,16312.0,16312.0,,,,,,,,,Remington College-Lafayette Campus,Lafayette,LA,Southeast,Certificate,Associate
15578.0,4305.0,4305.0,,,,,,,,,SOWELA Technical Community College,Lake Charles,LA,Southeast,Certificate,Associate
23604.0,8373.0,20851.0,,,,,1090.0,18.0,24.0,,Southeastern Louisiana University,Hammond,LA,Southeast,Bachelor,Graduate
26341.0,9922.0,17272.0,410.0,380.0,530.0,490.0,942.0,15.0,19.0,17.0,Southern University and A & M College,Baton Rouge,LA,Southeast,Bachelor,Graduate
23905.0,8054.0,16954.0,410.0,410.0,540.0,510.0,944.0,15.0,20.0,,Southern University at New Orleans,New Orleans,LA,Southeast,Bachelor,Graduate
17017.0,4958.0,4958.0,,,,,,,,,Southern University at Shreveport,Shreveport,LA,Southeast,Associate,Associate
24884.0,10418.0,24146.0,570.0,550.0,630.0,610.0,1219.0,23.0,28.0,22.0,University of Louisiana at Lafayette,Lafayette,LA,Southeast,Bachelor,Graduate
17553.0,4299.0,4299.0,,,,,,,,,Northshore Technical Community College,Lacombe,LA,Southeast,Certificate,Associate
87004.0,68678.0,68678.0,700.0,700.0,750.0,770.0,1448.0,31.0,34.0,32.0,Tulane University of Louisiana,New Orleans,LA,Southeast,Bachelor,Graduate
40434.0,28733.0,28733.0,500.0,450.0,560.0,553.0,1080.0,19.0,24.0,23.0,Xavier University of Louisiana,New Orleans,LA,Southeast,Bachelor,Graduate
58266.0,47997.0,47997.0,660.0,580.0,730.0,700.0,1370.0,,,,College of the Atlantic,Bar Harbor,ME,Northeast,Bachelor,Graduate
83532.0,66590.0,66590.0,710.0,710.0,750.0,780.0,1468.0,31.0,34.0,,Bates College,Lewiston,ME,Northeast,Bachelor,Bachelor
85100.0,67832.0,67832.0,730.0,740.0,770.0,780.0,1520.0,33.0,35.0,,Bowdoin College,Brunswick,ME,Northeast,Bachelor,Bachelor
26827.0,20952.0,20952.0,,,,,,,,,Maine College of Health Professions,Lewiston,ME,Northeast,Associate,Bachelor
15063.0,4140.0,7020.0,,,,,,,,,Central Maine Community College,Auburn,ME,Northeast,Associate,Associate
85420.0,69600.0,69600.0,720.0,740.0,760.0,790.0,1501.0,32.0,34.0,33.0,Colby College,Waterville,ME,Northeast,Bachelor,Bachelor
16791.0,4156.0,7036.0,,,,,,,,,Eastern Maine Community College,Bangor,ME,Northeast,Associate,Associate
12149.0,4156.0,7036.0,,,,,,,,,Kennebec Valley Community College,Fairfield,ME,Northeast,Associate,Associate
42868.0,29060.0,29060.0,,,,,,,,,The Landing School,Arundel,ME,Northeast,Certificate,Associate
19052.0,8888.0,22178.0,,,,,,,,,University of Maine at Augusta,Augusta,ME,Northeast,Bachelor,Graduate
25822.0,11308.0,23878.0,485.0,510.0,605.0,640.0,1130.0,,,,University of Maine at Farmington,Farmington,ME,Northeast,Bachelor,Graduate
18703.0,9420.0,14880.0,,,,,,,,,University of Maine at Fort Kent,Fort Kent,ME,Northeast,Bachelor,Graduate
27328.0,13326.0,36756.0,,,,,,,,26.0,University of Maine,Orono,ME,Northeast,Bachelor,Graduate
31046.0,15158.0,31102.0,565.0,530.0,625.0,635.0,1166.0,21.0,26.0,,Maine Maritime Academy,Castine,ME,Northeast,Bachelor,Graduate
19113.0,9402.0,14862.0,,,,,,,,,University of Maine at Presque Isle,Presque Isle,ME,Northeast,Bachelor,Graduate
63245.0,44210.0,44210.0,,,,,,,,,University of New England,Biddeford,ME,Northeast,Bachelor,Graduate
15918.0,4156.0,7036.0,,,,,,,,,Northern Maine Community College,Presque Isle,ME,Northeast,Associate,Associate
60128.0,42942.0,42942.0,,,,,,,,,Maine College of Art & Design,Portland,ME,Northeast,Bachelor,Graduate
59782.0,44420.0,44420.0,500.0,460.0,590.0,560.0,1040.0,,,,Saint Joseph's College of Maine,Standish,ME,Northeast,Bachelor,Graduate
18531.0,4156.0,7036.0,,,,,,,,,Southern Maine Community College,South Portland,ME,Northeast,Associate,Associate
23717.0,11284.0,27944.0,500.0,490.0,650.0,600.0,1116.0,24.0,28.0,22.0,University of Southern Maine,Portland,ME,Northeast,Bachelor,Graduate
47198.0,31824.0,31824.0,,,,,,,,,Thomas College,Waterville,ME,Northeast,Bachelor,Graduate
21931.0,12640.0,12640.0,,,,,,,,,Unity Environmental University,New Gloucester,ME,Northeast,Bachelor,Graduate
13731.0,4156.0,7036.0,,,,,,,,,Washington County Community College,Calais,ME,Northeast,Certificate,Associate
16170.0,4938.0,12618.0,,,,,,,,,Allegany College of Maryland,Cumberland,MD,Northeast,Associate,Associate
19841.0,4322.0,11522.0,,,,,,,,,Anne Arundel Community College,Arnold,MD,Northeast,Associate,Associate
22790.0,3314.0,7394.0,,,,,,,,,Baltimore City Community College,Baltimore,MD,Northeast,Associate,Associate
26406.0,9992.0,23984.0,370.0,370.0,650.0,680.0,940.0,,,19.0,University of Baltimore,Baltimore,MD,Northeast,Bachelor,Graduate
25220.0,9218.0,19938.0,,,,,,,,19.0,Bowie State University,Bowie,MD,Northeast,Bachelor,Graduate
42471.0,27592.0,27592.0,,,,,,,,,Capitol Technology University,Laurel,MD,Northeast,Bachelor,Graduate
14700.0,5640.0,10830.0,,,,,,,,,Cecil College,North East,MD,Northeast,Associate,Associate
13681.0,4200.0,10050.0,,,,,,,,,College of Southern Maryland,La Plata,MD,Northeast,Certificate,Associate
10751.0,4274.0,8768.0,,,,,,,,,Chesapeake College,Wye Mills,MD,Northeast,Associate,Associate
34309.0,26604.0,26604.0,450.0,410.0,580.0,550.0,980.0,,,,Washington Adventist University,Takoma Park,MD,Northeast,Bachelor,Graduate
23748.0,7100.0,14024.0,460.0,420.0,510.0,510.0,975.0,,,,Coppin State University,Baltimore,MD,Northeast,Bachelor,Graduate
14798.0,3849.0,10042.0,,,,,,,,,Frederick Community College,Frederick,MD,Northeast,Associate,Associate
27056.0,10220.0,25814.0,,,,,,,,21.0,Frostburg State University,Frostburg,MD,Northeast,Bachelor,Graduate
14342.0,4144.0,12040.0,,,,,,,,,Garrett College,McHenry,MD,Northeast,Associate,Associate
70544.0,53350.0,53350.0,560.0,530.0,680.0,645.0,1248.0,27.0,30.0,28.0,Goucher College,Baltimore,MD,Northeast,Bachelor,Graduate
12747.0,4320.0,8190.0,,,,,,,,,Hagerstown Community College,Hagerstown,MD,Northeast,Associate,Associate
13821.0,4032.0,8832.0,,,,,,,,,Harford Community College,Bel Air,MD,Northeast,Associate,Associate
61219.0,47700.0,47700.0,,,,,,,,,Hood College,Frederick,MD,Northeast,Bachelor,Graduate
16774.0,4080.0,9624.0,,,,,,,,,Howard Community College,Columbia,MD,Northeast,Associate,Associate
85947.0,65230.0,65230.0,740.0,780.0,770.0,800.0,1553.0,34.0,36.0,,Johns Hopkins University,Baltimore,MD,Northeast,Bachelor,Graduate
74055.0,57150.0,57150.0,620.0,580.0,690.0,680.0,1290.0,28.0,32.0,,Loyola University Maryland,Baltimore,MD,Northeast,Bachelor,Graduate
25400.0,8136.0,12336.0,,,,,,,,,University of Maryland Global Campus,Adelphi,MD,Northeast,Bachelor,Graduate
28576.0,13256.0,31275.0,630.0,610.0,700.0,720.0,1323.0,25.0,31.0,28.0,University of Maryland-Baltimore County,Baltimore,MD,Northeast,Bachelor,Graduate
29299.0,11809.0,41186.0,690.0,710.0,750.0,780.0,1473.0,32.0,35.0,32.0,University of Maryland-College Park,College Park,MD,Northeast,Bachelor,Graduate
76860.0,56800.0,56800.0,570.0,508.0,670.0,635.0,1258.0,25.0,33.0,,Maryland Institute College of Art,Baltimore,MD,Northeast,Bachelor,Graduate
25941.0,9076.0,20122.0,,,,,,,,,University of Maryland Eastern Shore,Princess Anne,MD,Northeast,Bachelor,Graduate
15298.0,5394.0,14250.0,,,,,,,,,Montgomery College,Rockville,MD,Northeast,Associate,Associate
25413.0,8229.0,19124.0,400.0,440.0,520.0,550.0,971.0,16.0,21.0,18.0,Morgan State University,Baltimore,MD,Northeast,Bachelor,Graduate
63731.0,48630.0,48630.0,543.0,503.0,660.0,620.0,1176.0,19.0,27.0,,Mount St. Mary's University,Emmitsburg,MD,Northeast,Bachelor,Graduate
26750.0,10600.0,10600.0,,,,,,,,,Ner Israel Rabbinical College,Pikesville,MD,Northeast,Bachelor,Graduate
59320.0,43360.0,43360.0,,,,,,,,,Notre Dame of Maryland University,Baltimore,MD,Northeast,Bachelor,Graduate
15544.0,4034.0,8762.0,,,,,,,,,Prince George's Community College,Largo,MD,Northeast,Associate,Associate
28310.0,11084.0,22174.0,600.0,580.0,670.0,650.0,1252.0,20.0,29.0,,Salisbury University,Salisbury,MD,Northeast,Bachelor,Graduate
31865.0,15298.0,31374.0,590.0,553.0,690.0,650.0,1261.0,26.0,31.0,29.0,St. Mary's College of Maryland,St. Mary's City,MD,Northeast,Bachelor,Graduate
55540.0,40684.0,40684.0,680.0,590.0,750.0,690.0,1372.0,27.0,32.0,29.0,St. John's College,Annapolis,MD,Northeast,Bachelor,Graduate
28535.0,11728.0,29820.0,490.0,460.0,635.0,600.0,1095.0,19.0,27.0,24.0,Towson University,Towson,MD,Northeast,Bachelor,Graduate
58394.0,40560.0,40560.0,,,,,,,,,Stevenson University,Owings Mills,MD,Northeast,Bachelor,Graduate
73314.0,55326.0,55326.0,580.0,560.0,710.0,680.0,1280.0,27.0,31.0,,Washington College,Chestertown,MD,Northeast,Bachelor,Bachelor
65294.0,52081.0,52081.0,,,,,,,,,McDaniel College,Westminster,MD,Northeast,Bachelor,Graduate
15190.0,3840.0,8400.0,,,,,,,,,Wor-Wic Community College,Salisbury,MD,Northeast,Associate,Associate
79075.0,57160.0,57160.0,,,,,,,,,Hult International Business School,Cambridge,MA,Northeast,Bachelor,Graduate
59270.0,44230.0,44230.0,,,,,,,,,American International College,Springfield,MA,Northeast,Bachelor,Graduate
87640.0,70480.0,70480.0,740.0,750.0,780.0,800.0,1533.0,33.0,35.0,33.0,Amherst College,Amherst,MA,Northeast,Bachelor,Bachelor
61888.0,44571.0,44571.0,,,,,,,,,Anna Maria College,Paxton,MA,Northeast,Bachelor,Graduate
65551.0,51356.0,51356.0,,,,,,,,,Assumption University,Worcester,MA,Northeast,Bachelor,Graduate
80192.0,57152.0,57152.0,670.0,720.0,740.0,790.0,1457.0,31.0,34.0,32.0,Babson College,Wellesley,MA,Northeast,Bachelor,Graduate
23370.0,14304.0,14304.0,,,,,,,,,Boston Baptist College,Boston,MA,Northeast,Bachelor,Bachelor
47308.0,38302.0,38302.0,490.0,520.0,610.0,600.0,1120.0,,,,Bay Path University,Longmeadow,MA,Northeast,Bachelor,Graduate
79548.0,61000.0,61000.0,630.0,650.0,700.0,730.0,1352.0,28.0,31.0,30.0,Bentley University,Waltham,MA,Northeast,Bachelor,Graduate
72700.0,52040.0,52040.0,,,,,,,,,Berklee College of Music,Boston,MA,Northeast,Bachelor,Graduate
18062.0,6164.0,11468.0,,,,,,,,,Berkshire Community College,Pittsfield,MA,Northeast,Associate,Associate
40343.0,27470.0,27470.0,,,,,,,,,Boston Architectural College,Boston,MA,Northeast,Certificate,Graduate
89493.0,70702.0,70702.0,710.0,730.0,760.0,780.0,1507.0,33.0,35.0,34.0,Boston College,Chestnut Hill,MA,Northeast,Bachelor,Graduate
86285.0,68102.0,68102.0,690.0,730.0,750.0,780.0,1480.0,32.0,34.0,33.0,Boston University,Boston,MA,Northeast,Bachelor,Graduate
86448.0,68080.0,68080.0,690.0,700.0,750.0,770.0,1462.0,31.0,34.0,33.0,Brandeis University,Waltham,MA,Northeast,Bachelor,Graduate
26160.0,11808.0,17948.0,550.0,510.0,650.0,613.0,1180.0,25.0,30.0,24.0,Bridgewater State University,Bridgewater,MA,Northeast,Bachelor,Graduate
12168.0,5832.0,10776.0,,,,,,,,,Bristol Community College,Fall River,MA,Northeast,Associate,Associate
14899.0,6168.0,11112.0,,,,,,,,,Bunker Hill Community College,Boston,MA,Northeast,Associate,Associate
34072.0,18378.0,18378.0,,,,,,,,,Cambridge College,Boston,MA,Northeast,Bachelor,Graduate
15053.0,6000.0,10944.0,,,,,,,,,Cape Cod Community College,West Barnstable,MA,Northeast,Associate,Associate
36863.0,30618.0,30618.0,,,,,,,,,Laboure College of Healthcare,Milton,MA,Northeast,Associate,Bachelor
68432.0,58867.0,58867.0,658.0,630.0,740.0,720.0,1370.0,30.0,33.0,29.0,Clark University,Worcester,MA,Northeast,Bachelor,Graduate
64020.0,47970.0,47970.0,530.0,520.0,620.0,610.0,1125.0,,,,Curry College,Milton,MA,Northeast,Bachelor,Graduate
64889.0,46526.0,46526.0,,,,,,,,,Dean College,Franklin,MA,Northeast,Bachelor,Bachelor
80399.0,57056.0,57056.0,660.0,610.0,720.0,700.0,1358.0,29.0,32.0,30.0,Emerson College,Boston,MA,Northeast,Bachelor,Graduate
65252.0,48550.0,48550.0,600.0,570.0,670.0,670.0,1250.0,,,29.0,Emmanuel College,Boston,MA,Northeast,Bachelor,Graduate
59328.0,40650.0,40650.0,610.0,583.0,680.0,660.0,1274.0,25.0,30.0,,Endicott College,Beverly,MA,Northeast,Bachelor,Graduate
53921.0,35689.0,35689.0,,,,,,,,20.0,Fisher College,Boston,MA,Northeast,Bachelor,Graduate
25555.0,11346.0,17426.0,540.0,520.0,620.0,610.0,1150.0,,,22.0,Fitchburg State University,Fitchburg,MA,Northeast,Bachelor,Graduate
27413.0,11920.0,18000.0,570.0,530.0,650.0,630.0,1180.0,,,29.0,Framingham State University,Framingham,MA,Northeast,Bachelor,Graduate
30406.0,18906.0,18906.0,,,,,,,,,Benjamin Franklin Cummings Institute of Technology,Boston,MA,Northeast,Certificate,Bachelor
42446.0,30700.0,30700.0,580.0,550.0,695.0,660.0,1265.0,25.0,31.0,27.0,Gordon College,Wenham,MA,Northeast,Bachelor,Graduate
14762.0,5810.0,11930.0,,,,,,,,,Greenfield Community College,Greenfield,MA,Northeast,Associate,Associate
74195.0,58896.0,58896.0,,,,,,,,,Hampshire College,Amherst,MA,Northeast,Bachelor,Bachelor
85540.0,61676.0,61676.0,740.0,770.0,780.0,800.0,1553.0,34.0,36.0,35.0,Harvard University,Cambridge,MA,Northeast,Bachelor,Graduate
41282.0,22490.0,22490.0,,,,,,,,,Hellenic College-Holy Cross Greek Orthodox School of Theology,Brookline,MA,Northeast,Bachelor,Graduate
80334.0,64500.0,64500.0,630.0,610.0,710.0,700.0,1353.0,27.0,32.0,30.0,College of the Holy Cross,Worcester,MA,Northeast,Bachelor,Bachelor
15043.0,5988.0,10932.0,,,,,,,,,Holyoke Community College,Holyoke,MA,Northeast,Associate,Associate
42434.0,27040.0,27040.0,530.0,500.0,598.0,560.0,1100.0,,,27.0,Lasell University,Newton,MA,Northeast,Bachelor,Graduate
51538.0,34256.0,34256.0,,,,,,,,,Lesley University,Cambridge,MA,Northeast,Bachelor,Graduate
72450.0,55275.0,55275.0,,,,,,,,,Longy School of Music of Bard College,Cambridge,MA,Northeast,Certificate,Graduate
30786.0,16966.0,36264.0,590.0,590.0,680.0,690.0,1285.0,25.0,32.0,29.0,University of Massachusetts-Lowell,Lowell,MA,Northeast,Bachelor,Graduate
34549.0,17772.0,40449.0,650.0,660.0,730.0,770.0,1423.0,30.0,33.0,31.0,University of Massachusetts-Amherst,Amherst,MA,Northeast,Bachelor,Graduate
30544.0,15908.0,38125.0,540.0,530.0,650.0,640.0,1194.0,22.0,29.0,27.0,University of Massachusetts-Boston,Boston,MA,Northeast,Bachelor,Graduate
14185.0,5856.0,10800.0,,,,,,,,,Massachusetts Bay Community College,Wellesley Hills,MA,Northeast,Associate,Associate
65022.0,40530.0,40530.0,570.0,590.0,678.0,738.0,1269.0,26.0,30.0,27.0,Massachusetts College of Pharmacy and Health Sciences,Boston,MA,Northeast,Bachelor,Graduate
34239.0,15400.0,43400.0,,,,,,,,,Massachusetts College of Art and Design,Boston,MA,Northeast,Bachelor,Graduate
82730.0,62396.0,62396.0,740.0,780.0,780.0,800.0,1560.0,34.0,36.0,,Massachusetts Institute of Technology,Cambridge,MA,Northeast,Bachelor,Graduate
31367.0,11420.0,23722.0,,,,,,,,,Massachusetts Maritime Academy,Buzzards Bay,MA,Northeast,Bachelor,Graduate
14904.0,5376.0,10320.0,,,,,,,,,Massasoit Community College,Brockton,MA,Northeast,Associate,Associate
70038.0,53962.0,53962.0,,,,,,,,,Merrimack College,North Andover,MA,Northeast,Bachelor,Graduate
10342.0,6048.0,12120.0,,,,,,,,,Middlesex Community College,Bedford,MA,Northeast,Associate,Associate
58616.0,40690.0,40690.0,,,,,,,,,Montserrat College of Art,Beverly,MA,Northeast,Bachelor,Bachelor
84926.0,67018.0,67018.0,710.0,670.0,760.0,770.0,1463.0,32.0,35.0,33.0,Mount Holyoke College,South Hadley,MA,Northeast,Bachelor,Graduate
15487.0,6160.0,11080.0,,,,,,,,,Mount Wachusett Community College,Gardner,MA,Northeast,Associate,Associate
81277.0,60750.0,60750.0,,,,,,,,,The New England Conservatory of Music,Boston,MA,Northeast,Bachelor,Graduate
58310.0,42705.0,42705.0,528.0,500.0,623.0,613.0,1140.0,,,23.0,Nichols College,Dudley,MA,Northeast,Bachelor,Graduate
26026.0,12436.0,21381.0,,,,,,,,,Massachusetts College of Liberal Arts,North Adams,MA,Northeast,Bachelor,Graduate
15896.0,5352.0,10920.0,,,,,,,,,North Shore Community College,Danvers,MA,Northeast,Associate,Associate
84641.0,66162.0,66162.0,710.0,730.0,760.0,780.0,1497.0,33.0,35.0,34.0,Northeastern University,Boston,MA,Northeast,Bachelor,Graduate
13201.0,6732.0,12516.0,,,,,,,,,Northern Essex Community College,Haverhill,MA,Northeast,Associate,Associate
54027.0,43325.0,43325.0,,,,,,,,,College of Our Lady of the Elms,Chicopee,MA,Northeast,Bachelor,Graduate
22528.0,8938.0,8938.0,,,,,,,,,Quincy College,Quincy,MA,Northeast,Associate,Bachelor
15921.0,6262.0,11206.0,,,,,,,,,Quinsigamond Community College,Worcester,MA,Northeast,Associate,Associate
65546.0,49680.0,49680.0,,,,,,,,,Regis College,Weston,MA,Northeast,Bachelor,Graduate
16621.0,6024.0,11328.0,,,,,,,,,Roxbury Community College,Roxbury Crossing,MA,Northeast,Associate,Associate
28291.0,12338.0,19531.0,,,,,,,,,Salem State University,Salem,MA,Northeast,Bachelor,Graduate
63460.0,46874.0,46874.0,620.0,600.0,700.0,690.0,1316.0,26.0,34.0,29.0,Simmons University,Boston,MA,Northeast,Bachelor,Graduate
85262.0,68780.0,68780.0,,,,,,,,,Simon's Rock at Bard College,Barrytown,NY,Northeast,Associate,Bachelor
86030.0,65178.0,65178.0,720.0,700.0,760.0,780.0,1500.0,32.0,35.0,33.0,Smith College,Northampton,MA,Northeast,Bachelor,Graduate
60729.0,45174.0,45174.0,570.0,510.0,690.0,640.0,1275.0,27.0,29.0,27.0,Springfield College,Springfield,MA,Northeast,Bachelor,Graduate
14971.0,5904.0,11112.0,,,,,,,,,Springfield Technical Community College,Springfield,MA,Northeast,Associate,Associate
33485.0,15612.0,32567.0,530.0,520.0,640.0,630.0,1182.0,26.0,30.0,23.0,University of Massachusetts-Dartmouth,North Dartmouth,MA,Northeast,Bachelor,Graduate
72714.0,57490.0,57490.0,,,,,,,,,Stonehill College,Easton,MA,Northeast,Bachelor,Graduate
65281.0,47550.0,47550.0,550.0,540.0,670.0,630.0,1216.0,24.0,28.0,26.0,Suffolk University,Boston,MA,Northeast,Bachelor,Graduate
88300.0,70704.0,70704.0,720.0,750.0,770.0,790.0,1513.0,33.0,35.0,34.0,Tufts University,Medford,MA,Northeast,Bachelor,Graduate
86290.0,67176.0,67176.0,730.0,730.0,770.0,790.0,1520.0,33.0,35.0,33.0,Wellesley College,Wellesley,MA,Northeast,Bachelor,Bachelor
61096.0,42884.0,42884.0,560.0,550.0,660.0,660.0,1229.0,27.0,31.0,28.0,Wentworth Institute of Technology,Boston,MA,Northeast,Bachelor,Graduate
60262.0,47820.0,47820.0,540.0,550.0,650.0,650.0,1192.0,21.0,28.0,28.0,Western New England University,Springfield,MA,Northeast,Bachelor,Graduate
27649.0,12179.0,18259.0,,,,,,,,20.0,Westfield State University,Westfield,MA,Northeast,Bachelor,Graduate
79311.0,63960.0,63960.0,640.0,580.0,720.0,670.0,1308.0,29.0,33.0,30.0,Wheaton College (Massachusetts),Norton,MA,Northeast,Bachelor,Bachelor
84860.0,68560.0,68560.0,740.0,750.0,780.0,790.0,1533.0,34.0,35.0,,Williams College,Williamstown,MA,Northeast,Bachelor,Graduate
78679.0,60965.0,60965.0,,,,,,,,,Worcester Polytechnic Institute,Worcester,MA,Northeast,Bachelor,Graduate
22874.0,11786.0,17866.0,533.0,493.0,665.0,618.0,1150.0,,,24.0,Worcester State University,Worcester,MA,Northeast,Bachelor,Graduate
56003.0,41684.0,41684.0,443.0,430.0,580.0,560.0,1034.0,21.0,27.0,22.0,Adrian College,Adrian,MI,Midwest,Bachelor,Graduate
69986.0,56950.0,56950.0,,,,,,,,,Albion College,Albion,MI,Midwest,Bachelor,Bachelor
63650.0,49552.0,49552.0,,,,,,,,,Alma College,Alma,MI,Midwest,Bachelor,Graduate
12246.0,5250.0,8010.0,,,,,,,,,Alpena Community College,Alpena,MI,Midwest,Associate,Bachelor
45218.0,35056.0,35056.0,520.0,470.0,660.0,630.0,1150.0,20.0,26.0,24.0,Andrews University,Berrien Springs,MI,Midwest,Bachelor,Graduate
51652.0,40218.0,40218.0,470.0,440.0,590.0,550.0,1025.0,20.0,26.0,23.0,Aquinas College,Grand Rapids,MI,Midwest,Bachelor,Graduate
24526.0,13000.0,13000.0,500.0,460.0,600.0,560.0,1080.0,,,,Baker College,Owosso,MI,Midwest,Bachelor,Graduate
19020.0,5712.0,10528.0,,,,,,,,,Bay de Noc Community College,Escanaba,MI,Midwest,Associate,Associate
54222.0,39350.0,39350.0,550.0,533.0,660.0,670.0,1233.0,24.0,30.0,27.0,Calvin University,Grand Rapids,MI,Midwest,Bachelor,Graduate
21852.0,15645.0,15645.0,,,,,,,,,Carnegie Institute,Troy,MI,Midwest,Certificate,Certificate
30681.0,14760.0,14760.0,490.0,470.0,610.0,590.0,1091.0,21.0,27.0,23.0,Central Michigan University,Mount Pleasant,MI,Midwest,Bachelor,Graduate
15460.0,6845.0,11460.0,,,,,,,,,Mott Community College,Flint,MI,Midwest,Associate,Associate
39718.0,26102.0,26102.0,,,,,,,,19.0,Cleary University,Howell,MI,Midwest,Bachelor,Graduate
51853.0,35410.0,35410.0,,,,,,,,21.0,Concordia University Ann Arbor,Ann Arbor,MI,Midwest,Bachelor,Graduate
66014.0,53350.0,53350.0,,,,,,,,,College for Creative Studies,Detroit,MI,Midwest,Bachelor,Graduate
37319.0,24466.0,24466.0,,,,,,,,,Davenport University,Grand Rapids,MI,Midwest,Bachelor,Graduate
13541.0,4820.0,7880.0,,,,,,,,,Delta College,University Center,MI,Midwest,Associate,Associate
29172.0,17943.0,17943.0,,,,,,,,,Universal Technical Institute-Canton,Canton,MI,Midwest,Certificate,Associate
42211.0,32946.0,32946.0,520.0,510.0,630.0,630.0,1134.0,22.0,28.0,26.0,University of Detroit Mercy,Detroit,MI,Midwest,Bachelor,Graduate
34227.0,16990.0,16990.0,,,,,,,,,Dorsey College,Madison Heights,MI,Midwest,Certificate,Associate
29640.0,16240.0,16240.0,480.0,440.0,600.0,570.0,1066.0,18.0,27.0,22.0,Eastern Michigan University,Ypsilanti,MI,Midwest,Bachelor,Graduate
27048.0,14778.0,14778.0,460.0,430.0,570.0,550.0,1012.0,20.0,24.0,23.0,Ferris State University,Big Rapids,MI,Midwest,Bachelor,Graduate
17124.0,4176.0,6624.0,,,,,,,,,Glen Oaks Community College,Centreville,MI,Midwest,Associate,Associate
61250.0,48470.0,48470.0,580.0,580.0,660.0,670.0,1251.0,26.0,30.0,28.0,Kettering University,Flint,MI,Midwest,Bachelor,Graduate
14456.0,4800.0,7530.0,,,,,,,,,Gogebic Community College,Ironwood,MI,Midwest,Associate,Associate
26166.0,18690.0,18690.0,,,,,,,,,Grace Christian University,Wyoming,MI,Midwest,Bachelor,Graduate
42043.0,23000.0,23000.0,,,,,,,,23.0,Cornerstone University,Grand Rapids,MI,Midwest,Bachelor,Graduate
15658.0,4179.0,12219.0,,,,,,,,,Grand Rapids Community College,Grand Rapids,MI,Midwest,Associate,Associate
28367.0,15140.0,21548.0,480.0,460.0,600.0,590.0,1074.0,22.0,30.0,,Grand Valley State University,Allendale,MI,Midwest,Bachelor,Graduate
30311.0,19520.0,19520.0,,,,,,,,,Great Lakes Christian College,Lansing,MI,Midwest,Bachelor,Bachelor
11784.0,3568.0,7816.0,,,,,,,,,Henry Ford College,Dearborn,MI,Midwest,Certificate,Bachelor
55646.0,41970.0,41970.0,550.0,550.0,670.0,670.0,1249.0,25.0,31.0,28.0,Hope College,Holland,MI,Midwest,Bachelor,Bachelor
18708.0,7350.0,10200.0,,,,,,,,,Jackson College,Jackson,MI,Midwest,Certificate,Bachelor
74208.0,61050.0,61050.0,590.0,580.0,700.0,680.0,1280.0,20.0,29.0,27.0,Kalamazoo College,Kalamazoo,MI,Midwest,Bachelor,Bachelor
11386.0,4144.0,9094.0,,,,,,,,,Kalamazoo Valley Community College,Kalamazoo,MI,Midwest,Associate,Associate
12420.0,4118.0,8282.0,,,,,,,,,Kellogg Community College,Battle Creek,MI,Midwest,Associate,Associate
15990.0,5190.0,9870.0,,,,,,,,,Kirtland Community College,Grayling,MI,Midwest,Associate,Associate
15917.0,5445.0,7755.0,,,,,,,,,Lake Michigan College,Benton Harbor,MI,Midwest,Associate,Associate
27154.0,14890.0,14890.0,,,,,,,,23.0,Lake Superior State University,Sault Ste Marie,MI,Midwest,Bachelor,Bachelor
13013.0,4100.0,11300.0,,,,,,,,,Lansing Community College,Lansing,MI,Midwest,Associate,Associate
58166.0,44760.0,44760.0,,,,,,,,,Lawrence Technological University,Southfield,MI,Midwest,Bachelor,Graduate
11912.0,3660.0,8370.0,,,,,,,,,Macomb Community College,Warren,MI,Midwest,Associate,Associate
41038.0,28440.0,28440.0,460.0,420.0,540.0,540.0,980.0,,,23.0,Madonna University,Livonia,MI,Midwest,Bachelor,Graduate
41787.0,29196.0,29196.0,,,,,,,,,Rochester Christian University,Rochester Hills,MI,Midwest,Bachelor,Graduate
34654.0,17736.0,60946.0,680.0,680.0,750.0,780.0,1465.0,31.0,34.0,,University of Michigan-Ann Arbor,Ann Arbor,MI,Midwest,Bachelor,Graduate
32198.0,16458.0,43842.0,590.0,590.0,680.0,680.0,1269.0,25.0,31.0,26.0,Michigan State University,East Lansing,MI,Midwest,Bachelor,Graduate
34152.0,19123.0,42988.0,570.0,560.0,680.0,670.0,1258.0,25.0,31.0,28.0,Michigan Technological University,Houghton,MI,Midwest,Bachelor,Graduate
24040.0,15640.0,32896.0,500.0,490.0,625.0,630.0,1115.0,24.0,28.0,25.0,University of Michigan-Dearborn,Dearborn,MI,Midwest,Bachelor,Graduate
20915.0,14704.0,28320.0,500.0,470.0,633.0,610.0,1102.0,19.0,24.0,25.0,University of Michigan-Flint,Flint,MI,Midwest,Bachelor,Graduate
17703.0,6132.0,10864.0,,,,,,,,,Mid Michigan College,Harrison,MI,Midwest,Associate,Associate
10465.0,4759.0,8267.0,,,,,,,,,Monroe County Community College,Monroe,MI,Midwest,Associate,Associate
12702.0,4662.0,10362.0,,,,,,,,,Montcalm Community College,Sidney,MI,Midwest,Associate,Associate
12178.0,7250.0,16010.0,,,,,,,,,Muskegon Community College,Muskegon,MI,Midwest,Associate,Associate
19219.0,5430.0,10590.0,,,,,,,,,North Central Michigan College,Petoskey,MI,Midwest,Associate,Associate
27841.0,14277.0,19773.0,,,,,,,,,Northern Michigan University,Marquette,MI,Midwest,Bachelor,Graduate
13753.0,5860.0,13476.0,,,,,,,,,Northwestern Michigan College,Traverse City,MI,Midwest,Associate,Bachelor
48780.0,34400.0,34400.0,,,,,,,,,Northwood University,Midland,MI,Midwest,Bachelor,Graduate
12353.0,3020.0,5560.0,,,,,,,,,Oakland Community College,Auburn Hills,MI,Midwest,Associate,Associate
25182.0,15262.0,23188.0,540.0,490.0,640.0,590.0,1120.0,,,25.0,Oakland University,Rochester Hills,MI,Midwest,Bachelor,Graduate
47069.0,34068.0,34068.0,,,,,,,,21.0,The University of Olivet,Olivet,MI,Midwest,Bachelor,Graduate
38366.0,27660.0,27660.0,,,,,,,,,Kuyper College,Grand Rapids,MI,Midwest,Bachelor,Bachelor
41915.0,24120.0,24120.0,,,,,,,,,Sacred Heart Major Seminary,Detroit,MI,Midwest,Certificate,Graduate
24936.0,12930.0,30450.0,480.0,440.0,600.0,570.0,1052.0,18.0,26.0,22.0,Saginaw Valley State University,University Center,MI,Midwest,Bachelor,Graduate
12048.0,4736.0,8142.0,,,,,,,,,Schoolcraft Community College District,Livonia,MI,Midwest,Associate,Bachelor
44449.0,30778.0,30778.0,413.0,393.0,528.0,545.0,954.0,16.0,23.0,,Siena Heights University,Adrian,MI,Midwest,Bachelor,Graduate
14391.0,5212.0,12150.0,,,,,,,,,St Clair County Community College,Port Huron,MI,Midwest,Associate,Associate
15589.0,6417.0,8394.0,,,,,,,,,Southwestern Michigan College,Dowagiac,MI,Midwest,Associate,Associate
44703.0,34014.0,34014.0,540.0,470.0,630.0,610.0,1170.0,,,,Spring Arbor University,Spring Arbor,MI,Midwest,Bachelor,Graduate
11826.0,2736.0,6504.0,,,,,,,,,Washtenaw Community College,Ann Arbor,MI,Midwest,Certificate,Associate
15401.0,3112.0,4067.0,,,,,,,,,Wayne County Community College District,Detroit,MI,Midwest,Associate,Associate
27350.0,15190.0,32037.0,540.0,520.0,640.0,630.0,1156.0,23.0,29.0,25.0,Wayne State University,Detroit,MI,Midwest,Bachelor,Graduate
10637.0,4470.0,8820.0,,,,,,,,,West Shore Community College,Scottville,MI,Midwest,Associate,Associate
29237.0,15252.0,19034.0,,,,,,,,24.0,Western Michigan University,Kalamazoo,MI,Midwest,Bachelor,Graduate
33874.0,18680.0,18680.0,,,,,,,,,Academy College,Bloomington,MN,Midwest,Bachelor,Bachelor
18698.0,6236.0,6236.0,,,,,,,,,Alexandria Technical & Community College,Alexandria,MN,Midwest,Associate,Associate
22247.0,6267.0,6267.0,,,,,,,,,Anoka Technical College,Anoka,MN,Midwest,Certificate,Associate
21068.0,5682.0,5682.0,,,,,,,,,Anoka-Ramsey Community College,Coon Rapids,MN,Midwest,Associate,Associate
62303.0,45452.0,45452.0,,,,,,,,21.0,Augsburg University,Minneapolis,MN,Midwest,Bachelor,Graduate
14442.0,6298.0,6298.0,,,,,,,,,Riverland Community College,Austin,MN,Midwest,Certificate,Associate
16905.0,6254.0,6254.0,,,,,,,,,Northwest Technical College,Bemidji,MN,Midwest,Certificate,Associate
22744.0,10237.0,10237.0,,,,,1090.0,18.0,24.0,22.0,Bemidji State University,Bemidji,MN,Midwest,Bachelor,Graduate
41013.0,31360.0,31360.0,550.0,490.0,580.0,600.0,1150.0,21.0,26.0,,Bethany Lutheran College,Mankato,MN,Midwest,Bachelor,Graduate
58569.0,44226.0,44226.0,610.0,580.0,650.0,650.0,1249.0,22.0,28.0,24.0,Bethel University,Saint Paul,MN,Midwest,Bachelor,Graduate
19543.0,6249.0,6249.0,,,,,,,,,Central Lakes College-Brainerd,Brainerd,MN,Midwest,Associate,Associate
84893.0,68892.0,68892.0,720.0,730.0,770.0,790.0,1517.0,32.0,34.0,33.0,Carleton College,Northfield,MN,Midwest,Bachelor,Bachelor
45942.0,31170.0,31170.0,,,,,1190.0,21.0,26.0,23.0,Concordia College at Moorhead,Moorhead,MN,Midwest,Bachelor,Graduate
37239.0,25600.0,25600.0,,,,,,,,,Concordia University-Saint Paul,Saint Paul,MN,Midwest,Bachelor,Graduate
18552.0,6679.0,6679.0,,,,,,,,,Dakota County Technical College,Rosemount,MN,Midwest,Associate,Associate
29250.0,18120.0,18120.0,,,,,1090.0,21.0,28.0,24.0,Martin Luther College,New Ulm,MN,Midwest,Bachelor,Graduate
19723.0,5785.0,5785.0,,,,,,,,,Lake Superior College,Duluth,MN,Midwest,Associate,Associate
17194.0,5908.0,5908.0,,,,,,,,,Minnesota State Community and Technical College,Fergus Falls,MN,Midwest,Associate,Associate
17408.0,6491.0,6491.0,,,,,,,,,Minnesota West Community and Technical College,Granite Falls,MN,Midwest,Certificate,Associate
67613.0,56076.0,56076.0,,,,,1290.0,24.0,30.0,29.0,Gustavus Adolphus College,Saint Peter,MN,Midwest,Bachelor,Bachelor
58110.0,50004.0,50004.0,568.0,565.0,728.0,663.0,1160.0,19.0,28.0,23.0,Hamline University,Saint Paul,MN,Midwest,Bachelor,Graduate
16032.0,5940.0,5940.0,,,,,,,,,Hennepin Technical College,Brooklyn Park,MN,Midwest,Certificate,Associate
16346.0,6022.0,6022.0,,,,,,,,,Minnesota North College,Hibbing,MN,Midwest,Associate,Associate
17103.0,6146.0,6146.0,,,,,,,,,Inver Hills Community College,Inver Grove Heights,MN,Midwest,Associate,Associate
82991.0,68104.0,68104.0,680.0,670.0,750.0,760.0,1440.0,30.0,34.0,31.0,Macalester College,Saint Paul,MN,Midwest,Bachelor,Bachelor
15401.0,6146.0,6146.0,,,,,,,,,South Central College,North Mankato,MN,Midwest,Associate,Associate
23995.0,9572.0,18942.0,,,,,1150.0,21.0,25.0,22.0,Minnesota State University-Mankato,Mankato,MN,Midwest,Bachelor,Graduate
25172.0,9840.0,9840.0,,,,,1020.0,16.0,21.0,,Metropolitan State University,Saint Paul,MN,Midwest,Bachelor,Graduate
30061.0,17214.0,38362.0,640.0,660.0,730.0,770.0,1362.0,26.0,31.0,30.0,University of Minnesota-Twin Cities,Minneapolis,MN,Midwest,Bachelor,Graduate
26068.0,13288.0,13288.0,,,,,,,,,University of Minnesota-Crookston,Crookston,MN,Midwest,Bachelor,Bachelor
59972.0,45484.0,45484.0,600.0,530.0,710.0,630.0,1161.0,21.0,29.0,,Minneapolis College of Art and Design,Minneapolis,MN,Midwest,Bachelor,Graduate
19683.0,6161.0,6161.0,,,,,,,,,Minneapolis Community and Technical College,Minneapolis,MN,Midwest,Certificate,Associate
26163.0,13450.0,13450.0,,,,,,,,,Herzing University-Minneapolis,St. Louis Park,MN,Midwest,Bachelor,Graduate
27680.0,14610.0,20130.0,590.0,590.0,675.0,675.0,1251.0,23.0,28.0,25.0,University of Minnesota-Duluth,Duluth,MN,Midwest,Bachelor,Graduate
27039.0,14526.0,16710.0,,,,,1150.0,20.0,26.0,,University of Minnesota-Morris,Morris,MN,Midwest,Bachelor,Bachelor
25197.0,10428.0,10428.0,,,,,1090.0,18.0,25.0,22.0,Minnesota State University Moorhead,Moorhead,MN,Midwest,Bachelor,Graduate
17470.0,5061.0,5061.0,,,,,,,,,North Hennepin Community College,Brooklyn Park,MN,Midwest,Associate,Associate
18694.0,6329.0,6329.0,,,,,,,,,Normandale Community College,Bloomington,MN,Midwest,Associate,Associate
44475.0,32220.0,32220.0,,,,,,,,,North Central University,Minneapolis,MN,Midwest,Bachelor,Graduate
19638.0,6289.0,6289.0,,,,,,,,,Northland Community and Technical College,Thief River Falls,MN,Midwest,Associate,Associate
51325.0,37920.0,37920.0,430.0,438.0,608.0,663.0,1173.0,20.0,28.0,,University of Northwestern-St Paul,Saint Paul,MN,Midwest,Bachelor,Graduate
39863.0,12015.0,12015.0,,,,,,,,,Northwestern Health Sciences University,Bloomington,MN,Midwest,Associate,Graduate
33958.0,19440.0,19440.0,,,,,,,,,Oak Hills Christian College,Bemidji,MN,Midwest,Bachelor,Bachelor
18479.0,4738.0,4738.0,,,,,,,,,Pine Technical & Community College,Pine City,MN,Midwest,Certificate,Associate
19639.0,6389.0,6389.0,,,,,,,,,Rochester Community and Technical College,Rochester,MN,Midwest,Associate,Associate
68453.0,55756.0,55756.0,565.0,483.0,643.0,590.0,1151.0,20.0,27.0,24.0,College of Saint Benedict,Saint Joseph,MN,Midwest,Bachelor,Graduate
14325.0,6124.0,6124.0,,,,,,,,,St Cloud Technical and Community College,Saint Cloud,MN,Midwest,Associate,Associate
21116.0,10245.0,10245.0,510.0,515.0,615.0,645.0,1092.0,17.0,25.0,21.0,Saint Cloud State University,Saint Cloud,MN,Midwest,Bachelor,Graduate
68521.0,55816.0,55816.0,503.0,438.0,635.0,593.0,1183.0,21.0,27.0,25.0,Saint Johns University,Collegeville,MN,Midwest,Bachelor,Graduate
57380.0,45080.0,45080.0,,,,,,,,,Saint Mary's University of Minnesota,Winona,MN,Midwest,Bachelor,Graduate
71843.0,59760.0,59760.0,660.0,640.0,740.0,730.0,1380.0,28.0,32.0,31.0,St Olaf College,Northfield,MN,Midwest,Bachelor,Bachelor
46598.0,31410.0,31410.0,,,,,,,,,Crown College,Saint Bonifacius,MN,Midwest,Bachelor,Graduate
55103.0,41778.0,41778.0,,,,,1120.0,19.0,25.0,25.0,The College of Saint Scholastica,Duluth,MN,Midwest,Bachelor,Graduate
66116.0,54398.0,54398.0,640.0,620.0,713.0,710.0,1296.0,25.0,30.0,25.0,University of St Thomas,Saint Paul,MN,Midwest,Bachelor,Graduate
60476.0,51454.0,51454.0,480.0,370.0,560.0,580.0,1147.0,20.0,26.0,23.0,St Catherine University,Saint Paul,MN,Midwest,Bachelor,Graduate
25221.0,11490.0,11490.0,,,,,,,,,Rasmussen University-Minnesota,St. Cloud,MN,Midwest,Certificate,Graduate
18261.0,6326.0,6326.0,,,,,,,,,Saint Paul College,Saint Paul,MN,Midwest,Certificate,Associate
24757.0,10361.0,10361.0,,,,,1050.0,16.0,23.0,,Southwest Minnesota State University,Marshall,MN,Midwest,Bachelor,Graduate
36587.0,27836.0,27836.0,,,,,1120.0,18.0,26.0,,Dunwoody College of Technology,Minneapolis,MN,Midwest,Associate,Bachelor
15694.0,6121.0,6121.0,,,,,,,,,Ridgewater College,Willmar,MN,Midwest,Associate,Associate
21397.0,6432.0,6432.0,,,,,,,,,Minnesota State College Southeast,Winona,MN,Midwest,Certificate,Associate
23683.0,10576.0,17308.0,,,,,,,,22.0,Winona State University,Winona,MN,Midwest,Bachelor,Graduate
15983.0,6214.0,6214.0,,,,,,,,,Century College,White Bear Lake,MN,Midwest,Certificate,Associate
23751.0,8785.0,8785.0,400.0,270.0,513.0,485.0,904.0,15.0,19.0,22.0,Alcorn State University,Alcorn State,MS,Southeast,Bachelor,Graduate
39793.0,30250.0,30250.0,490.0,520.0,668.0,630.0,1124.0,19.0,24.0,22.0,Belhaven University,Jackson,MS,Southeast,Bachelor,Graduate
33197.0,20180.0,20180.0,,,,,1090.0,19.0,24.0,21.0,Blue Mountain Christian University,Blue Mountain,MS,Southeast,Bachelor,Graduate
9444.0,3490.0,3490.0,,,,,,,,,Coahoma Community College,Clarksdale,MS,Southeast,Certificate,Associate
12490.0,4000.0,5000.0,,,,,,,,,Copiah-Lincoln Community College,Wesson,MS,Southeast,Associate,Associate
22445.0,8605.0,8605.0,475.0,450.0,590.0,620.0,1050.0,17.0,23.0,19.0,Delta State University,Cleveland,MS,Southeast,Bachelor,Graduate
13255.0,4160.0,6260.0,,,,,,,,,East Central Community College,Decatur,MS,Southeast,Associate,Associate
11353.0,4095.0,7445.0,,,,,,,,,East Mississippi Community College,Scooba,MS,Southeast,Associate,Associate
11036.0,4250.0,7300.0,,,,,,,,,Hinds Community College,Raymond,MS,Southeast,Associate,Associate
12875.0,3710.0,6610.0,,,,,,,,,Holmes Community College,Goodman,MS,Southeast,Associate,Associate
12079.0,3420.0,5820.0,,,,,,,,,Itawamba Community College,Fulton,MS,Southeast,Associate,Associate
32415.0,8965.0,11965.0,430.0,390.0,550.0,520.0,965.0,15.0,20.0,18.0,Jackson State University,Jackson,MS,Southeast,Bachelor,Graduate
13670.0,4806.0,6806.0,,,,,,,,,Jones County Junior College,Ellisville,MS,Southeast,Associate,Associate
14334.0,4078.0,6478.0,,,,,,,,,Meridian Community College,Meridian,MS,Southeast,Associate,Associate
60061.0,44680.0,44680.0,495.0,530.0,575.0,575.0,1181.0,21.0,28.0,25.0,Millsaps College,Jackson,MS,Southeast,Bachelor,Graduate
11379.0,3540.0,3540.0,,,,,,,,,Mississippi Delta Community College,Moorhead,MS,Southeast,Associate,Associate
28660.0,9772.0,28600.0,510.0,490.0,610.0,590.0,1184.0,21.0,29.0,25.0,University of Mississippi,University,MS,Southeast,Bachelor,Graduate
22225.0,8492.0,8492.0,,,,,1090.0,17.0,24.0,21.0,Mississippi University for Women,Columbus,MS,Southeast,Bachelor,Graduate
21154.0,7692.0,7692.0,,,,,870.0,13.0,17.0,16.0,Mississippi Valley State University,Itta Bena,MS,Southeast,Bachelor,Graduate
41214.0,23500.0,23500.0,,,,,1090.0,19.0,25.0,24.0,Mississippi Christian University,Clinton,MS,Southeast,Bachelor,Graduate
12978.0,4250.0,7850.0,,,,,,,,,Mississippi Gulf Coast Community College,Perkinston,MS,Southeast,Associate,Associate
29267.0,10202.0,27637.0,560.0,540.0,670.0,680.0,1219.0,21.0,29.0,26.0,Mississippi State University,Mississippi State,MS,Southeast,Bachelor,Graduate
15873.0,4470.0,7710.0,,,,,,,,,Northeast Mississippi Community College,Booneville,MS,Southeast,Associate,Associate
13857.0,3740.0,3740.0,,,,,,,,,Northwest Mississippi Community College,Senatobia,MS,Southeast,Associate,Associate
14832.0,3700.0,6100.0,,,,,,,,,Pearl River Community College,Poplarville,MS,Southeast,Associate,Associate
23107.0,13265.0,13265.0,,,,,,,,,Rust College,Holly Springs,MS,Southeast,Bachelor,Bachelor
13325.0,7425.0,7425.0,,,,,,5.0,7.0,,Southeastern Baptist College,Laurel,MS,Southeast,Associate,Bachelor
11644.0,4080.0,6780.0,,,,,,,,,Southwest Mississippi Community College,Summit,MS,Southeast,Associate,Associate
26566.0,9998.0,11998.0,,,,,1190.0,20.0,29.0,23.0,University of Southern Mississippi,Hattiesburg,MS,Southeast,Bachelor,Graduate
24239.0,12407.0,12407.0,,,,,,,,19.0,Tougaloo College,Tougaloo,MS,Southeast,Bachelor,Graduate
29651.0,15480.0,15480.0,540.0,500.0,690.0,600.0,1122.0,19.0,25.0,25.0,William Carey University,Hattiesburg,MS,Southeast,Bachelor,Graduate
50096.0,42000.0,42000.0,430.0,370.0,500.0,460.0,972.0,16.0,21.0,20.0,Avila University,Kansas City,MO,Midwest,Bachelor,Graduate
28448.0,16950.0,16950.0,,,,,,,,,Mission University,Springfield,MO,Midwest,Bachelor,Graduate
23938.0,14094.0,14094.0,500.0,480.0,610.0,530.0,1050.0,17.0,24.0,20.0,Calvary University,Kansas City,MO,Midwest,Bachelor,Graduate
24748.0,12200.0,12200.0,,,,,,,,,Central Christian College of the Bible,Moberly,MO,Midwest,Bachelor,Graduate
43635.0,28260.0,28260.0,440.0,520.0,490.0,555.0,1048.0,17.0,23.0,21.0,Central Methodist University-College of Liberal Arts and Sciences,Fayette,MO,Midwest,Bachelor,Bachelor
22947.0,10050.0,18600.0,,,,,1050.0,17.0,24.0,,University of Central Missouri,Warrensburg,MO,Midwest,Bachelor,Graduate
40764.0,14400.0,14400.0,,,,,,,,,Cleveland University-Kansas City,Overland Park,KS,Midwest,Bachelor,Graduate
37207.0,25826.0,25826.0,,,,,,,,,Columbia College,Columbia,MO,Midwest,Bachelor,Graduate
42698.0,26206.0,26206.0,,,,,,1.0,5.0,21.0,Conception Seminary College,Conception,MO,Midwest,Bachelor,Bachelor
39269.0,27562.0,27562.0,,,,,,,,22.0,Cottey College,Nevada,MO,Midwest,Bachelor,Bachelor
16291.0,6180.0,8280.0,,,,,,,,,Crowder College,Neosho,MO,Midwest,Associate,Associate
44112.0,30875.0,30875.0,,,,,,,,22.0,Culver-Stockton College,Canton,MO,Midwest,Bachelor,Graduate
48846.0,36745.0,36745.0,570.0,560.0,670.0,620.0,1218.0,22.0,29.0,27.0,Drury University,Springfield,MO,Midwest,Bachelor,Graduate
19386.0,4272.0,7680.0,,,,,,,,,East Central College,Union,MO,Midwest,Associate,Associate
39956.0,28548.0,28548.0,540.0,500.0,640.0,620.0,1188.0,21.0,27.0,,Evangel University,Springfield,MO,Midwest,Bachelor,Graduate
37936.0,18345.0,18345.0,,,,,,,,,Four Rivers Career Center,Washington,MO,Midwest,Certificate,Certificate
13188.0,4512.0,7200.0,,,,,,,,,Ozarks Technical Community College,Springfield,MO,Midwest,Associate,Bachelor
40839.0,26880.0,26880.0,,,,,1090.0,15.0,24.0,22.0,Hannibal-LaGrange University,Hannibal,MO,Midwest,Bachelor,Graduate
21493.0,7008.0,11640.0,,,,,,,,,Harris-Stowe State University,Saint Louis,MO,Midwest,Bachelor,Bachelor
13572.0,5250.0,8850.0,,,,,,,,,Jefferson College,Hillsboro,MO,Midwest,Associate,Associate
57410.0,44550.0,44550.0,,,,,,,,,Kansas City Art Institute,Kansas City,MO,Midwest,Bachelor,Bachelor
23704.0,9796.0,17692.0,,,,,,,,,Lincoln University,Jefferson City,MO,Midwest,Bachelor,Graduate
35436.0,21600.0,21600.0,,,,,1190.0,22.0,28.0,24.0,Lindenwood University,Saint Charles,MO,Midwest,Bachelor,Graduate
19026.0,8160.0,14610.0,,,,,,,,,State Technical College of Missouri,Linn,MO,Midwest,Associate,Associate
26928.0,9000.0,9000.0,,,,,,,,,Logan University,Chesterfield,MO,Midwest,Bachelor,Graduate
14665.0,3630.0,9600.0,,,,,,,,,Metropolitan Community College-Kansas City,Kansas City,MO,Midwest,Associate,Associate
41959.0,27166.0,27166.0,,,,,,,,23.0,Maryville University of Saint Louis,Saint Louis,MO,Midwest,Bachelor,Graduate
29080.0,10120.0,10120.0,,,,,,,,,Midwestern Baptist Theological Seminary,Kansas City,MO,Midwest,Bachelor,Graduate
18497.0,5660.0,8570.0,,,,,,,,,Mineral Area College,Park Hills,MO,Midwest,Associate,Associate
49257.0,34612.0,34612.0,,,,,910.0,12.0,18.0,23.0,Missouri Baptist University,Saint Louis,MO,Midwest,Bachelor,Graduate
19568.0,8960.0,17080.0,540.0,610.0,690.0,730.0,1065.0,17.0,24.0,21.0,Missouri Southern State University,Joplin,MO,Midwest,Bachelor,Graduate
37899.0,23700.0,23700.0,405.0,490.0,540.0,575.0,974.0,16.0,20.0,19.0,Missouri Valley College,Marshall,MO,Midwest,Bachelor,Graduate
21595.0,10306.0,20866.0,,,,,,,,,Missouri Western State University,Saint Joseph,MO,Midwest,Bachelor,Graduate
31713.0,14837.0,36056.0,580.0,570.0,670.0,660.0,1247.0,23.0,30.0,27.0,University of Missouri-Columbia,Columbia,MO,Midwest,Bachelor,Graduate
25320.0,12587.0,30227.0,640.0,650.0,760.0,790.0,1204.0,20.0,28.0,26.0,University of Missouri-Kansas City,Kansas City,MO,Midwest,Bachelor,Graduate
29231.0,14984.0,33248.0,580.0,610.0,690.0,730.0,1317.0,25.0,31.0,29.0,Missouri University of Science and Technology,Rolla,MO,Midwest,Bachelor,Graduate
31199.0,14112.0,35112.0,510.0,550.0,630.0,660.0,1199.0,19.0,27.0,26.0,University of Missouri-St Louis,Saint Louis,MO,Midwest,Bachelor,Graduate
14134.0,4110.0,8640.0,,,,,,,,,Moberly Area Community College,Moberly,MO,Midwest,Associate,Associate
25115.0,9838.0,18566.0,600.0,570.0,700.0,670.0,1320.0,25.0,31.0,27.0,Truman State University,Kirksville,MO,Midwest,Bachelor,Graduate
24945.0,10611.0,17324.0,478.0,498.0,593.0,600.0,1119.0,19.0,24.0,22.0,Northwest Missouri State University,Maryville,MO,Midwest,Bachelor,Graduate
28485.0,16000.0,16000.0,,,,,,,,,Ozark Christian College,Joplin,MO,Midwest,Bachelor,Graduate
33734.0,22320.0,22320.0,540.0,510.0,630.0,590.0,1118.0,20.0,25.0,23.0,College of the Ozarks,Point Lookout,MO,Midwest,Bachelor,Bachelor
29427.0,17500.0,17500.0,,,,,,,,,Park University,Parkville,MO,Midwest,Bachelor,Graduate
24808.0,14332.0,14332.0,,,,,,,,,Stevens-The Institute of Business & Arts,Saint Louis,MO,Midwest,Bachelor,Bachelor
29450.0,18008.0,18008.0,,,,,,,,,Ranken Technical College,Saint Louis,MO,Midwest,Certificate,Bachelor
59898.0,44966.0,44966.0,,,,,1120.0,19.0,26.0,23.0,Rockhurst University,Kansas City,MO,Midwest,Bachelor,Graduate
71932.0,55760.0,55760.0,600.0,600.0,700.0,710.0,1317.0,25.0,31.0,30.0,Saint Louis University,Saint Louis,MO,Midwest,Bachelor,Graduate
54802.0,32550.0,32550.0,530.0,525.0,620.0,620.0,1131.0,18.0,25.0,24.0,University of Health Sciences and Pharmacy in St. Louis,Saint Louis,MO,Midwest,Bachelor,Graduate
14560.0,3660.0,6990.0,,,,,,,,,Saint Louis Community College,Bridgeton,MO,Midwest,Associate,Associate
40301.0,30566.0,30566.0,430.0,380.0,610.0,600.0,1088.0,17.0,26.0,22.0,Southwest Baptist University,Bolivar,MO,Midwest,Bachelor,Graduate
16592.0,5936.0,8106.0,,,,,,,,,Missouri State University-West Plains,West Plains,MO,Midwest,Associate,Associate
14719.0,4176.0,7416.0,,,,,,,,,State Fair Community College,Sedalia,MO,Midwest,Associate,Associate
46643.0,28300.0,28300.0,,,,,,,,21.0,Stephens College,Columbia,MO,Midwest,Bachelor,Graduate
25177.0,9903.0,9903.0,,,,,950.0,15.0,20.0,,Southeast Missouri State University,Cape Girardeau,MO,Midwest,Bachelor,Graduate
25048.0,9502.0,18770.0,510.0,510.0,640.0,630.0,1122.0,19.0,26.0,23.0,Missouri State University-Springfield,Springfield,MO,Midwest,Bachelor,Graduate
18637.0,4950.0,6180.0,,,,,,,,,Three Rivers College,Poplar Bluff,MO,Midwest,Associate,Associate
18498.0,5370.0,8820.0,,,,,,,,,North Central Missouri College,Trenton,MO,Midwest,Associate,Associate
88488.0,65790.0,65790.0,730.0,770.0,770.0,800.0,1530.0,33.0,35.0,34.0,Washington University in St Louis,St. Louis,MO,Midwest,Bachelor,Graduate
51188.0,31750.0,31750.0,580.0,530.0,660.0,650.0,1102.0,18.0,25.0,24.0,Webster University,Saint Louis,MO,Midwest,Bachelor,Graduate
51532.0,35214.0,35214.0,480.0,510.0,630.0,620.0,1118.0,19.0,24.0,21.0,Westminster College,Fulton,MO,Midwest,Bachelor,Bachelor
35785.0,20610.0,20610.0,540.0,540.0,630.0,640.0,1095.0,18.0,24.0,24.0,William Jewell College,Liberty,MO,Midwest,Bachelor,Graduate
49094.0,30340.0,30340.0,,,,,,,,,William Woods University,Fulton,MO,Midwest,Bachelor,Graduate
11405.0,3610.0,3610.0,,,,,,,,,Blackfeet Community College,Browning,MT,West,Associate,Bachelor
18476.0,4130.0,10950.0,,,,,,,,,Highlands College of Montana Tech,Butte,MT,West,Certificate,Associate
55626.0,41484.0,41484.0,540.0,510.0,660.0,640.0,1200.0,21.0,27.0,25.0,Carroll College,Helena,MT,West,Bachelor,Graduate
16105.0,5010.0,9810.0,,,,,,,,,Dawson Community College,Glendive,MT,West,Associate,Associate
17734.0,1960.0,1960.0,,,,,,,,,Chief Dull Knife College,Lame Deer,MT,West,Associate,Associate
20054.0,7280.0,22897.0,,,,,,,,,Montana State University Billings,Billings,MT,West,Bachelor,Graduate
14882.0,4912.0,11659.0,,,,,,,,,Flathead Valley Community College,Kalispell,MT,West,Associate,Associate
14974.0,3080.0,3080.0,,,,,,,,,Aaniiih Nakoda College,Harlem,MT,West,Associate,Bachelor
10164.0,2250.0,2250.0,,,,,,,,,Fort Peck Community College,Poplar,MT,West,Associate,Associate
16664.0,4028.0,12911.0,,,,,,,,,Great Falls College Montana State University,Great Falls,MT,West,Associate,Associate
43477.0,30448.0,30448.0,,,,,980.0,15.0,23.0,20.0,University of Providence,Great Falls,MT,West,Bachelor,Graduate
15819.0,4146.0,11318.0,,,,,,,,,Helena College University of Montana,Helena,MT,West,Associate,Associate
11635.0,3200.0,3200.0,,,,,,,,,Little Big Horn College,Crow Agency,MT,West,Associate,Associate
17452.0,5818.0,10626.0,,,,,,,,,Miles Community College,Miles City,MT,West,Associate,Associate
22786.0,8340.0,26150.0,510.0,530.0,630.0,630.0,1126.0,19.0,25.0,24.0,Montana Technological University,Butte,MT,West,Bachelor,Graduate
25905.0,8460.0,33287.0,540.0,525.0,645.0,640.0,1183.0,21.0,27.0,24.0,Montana State University,Bozeman,MT,West,Bachelor,Graduate
23570.0,8552.0,33671.0,,,,,1190.0,23.0,28.0,22.0,The University of Montana,Missoula,MT,West,Bachelor,Graduate
16578.0,6982.0,21875.0,,,,,,,,,Montana State University-Northern,Havre,MT,West,Bachelor,Graduate
46093.0,35582.0,35582.0,488.0,405.0,565.0,568.0,1083.0,18.0,24.0,22.0,Rocky Mountain College,Billings,MT,West,Bachelor,Graduate
13047.0,4311.0,11583.0,,,,,,,,,Salish Kootenai College,Pablo,MT,West,Associate,Graduate
21403.0,6670.0,20130.0,,,,,,,,,The University of Montana-Western,Dillon,MT,West,Bachelor,Graduate
23531.0,9903.0,9903.0,,,,,,,,,Bellevue University,Bellevue,NE,Midwest,Bachelor,Graduate
24670.0,16104.0,16104.0,,,,,,,,,Clarkson College,Omaha,NE,Midwest,Bachelor,Graduate
32845.0,20640.0,20640.0,,,,,,,,,Bryan College of Health Sciences,Lincoln,NE,Midwest,Bachelor,Graduate
14128.0,3360.0,4800.0,,,,,,,,,Central Community College,Grand Island,NE,Midwest,Certificate,Associate
21132.0,8290.0,8290.0,,,,,,,,,Chadron State College,Chadron,NE,Midwest,Bachelor,Graduate
53292.0,40640.0,40640.0,,,,,,,,23.0,Concordia University-Nebraska,Seward,NE,Midwest,Bachelor,Graduate
63423.0,48856.0,48856.0,620.0,623.0,708.0,720.0,1321.0,26.0,31.0,28.0,Creighton University,Omaha,NE,Midwest,Bachelor,Graduate
57836.0,43985.0,43985.0,,,,,,,,,Doane University,Crete,NE,Midwest,Bachelor,Graduate
51422.0,37770.0,37770.0,,,,,1320.0,26.0,30.0,,Hastings College,Hastings,NE,Midwest,Bachelor,Graduate
25808.0,8676.0,15284.0,495.0,410.0,575.0,550.0,1118.0,19.0,26.0,22.0,University of Nebraska at Kearney,Kearney,NE,Midwest,Bachelor,Graduate
32835.0,17885.0,17885.0,,,,,,,,,Nebraska Methodist College of Nursing & Allied Health,Omaha,NE,Midwest,Bachelor,Graduate
11667.0,3375.0,4950.0,,,,,,,,,Metropolitan Community College Area,Omaha,NE,Midwest,Associate,Associate
13197.0,3600.0,4530.0,,,,,,,,,Mid-Plains Community College,North Platte,NE,Midwest,Associate,Associate
55719.0,42050.0,42050.0,490.0,473.0,590.0,580.0,1086.0,17.0,23.0,21.0,Midland University,Fremont,NE,Midwest,Bachelor,Graduate
21120.0,8718.0,23206.0,,,,,1120.0,19.0,26.0,22.0,University of Nebraska at Omaha,Omaha,NE,Midwest,Bachelor,Graduate
32757.0,4080.0,4080.0,,,,,,,,,Nebraska Indian Community College,Macy,NE,Midwest,Associate,Associate
53569.0,43572.0,43572.0,490.0,530.0,660.0,630.0,1189.0,22.0,27.0,26.0,Nebraska Wesleyan University,Lincoln,NE,Midwest,Bachelor,Graduate
26697.0,10434.0,28584.0,560.0,538.0,670.0,660.0,1191.0,22.0,28.0,25.0,University of Nebraska-Lincoln,Lincoln,NE,Midwest,Bachelor,Graduate
14437.0,3840.0,5130.0,,,,,,,,,Northeast Community College,Norfolk,NE,Midwest,Associate,Associate
22240.0,8640.0,8640.0,,,,,,,,,Peru State College,Peru,NE,Midwest,Bachelor,Graduate
35971.0,24510.0,24510.0,,,,,1150.0,18.0,26.0,,College of Saint Mary,Omaha,NE,Midwest,Bachelor,Graduate
13186.0,3690.0,4320.0,,,,,,,,,Southeast Community College Area,Lincoln,NE,Midwest,Certificate,Associate
42099.0,29334.0,29334.0,,,,,,,,21.0,Union Adventist University,Lincoln,NE,Midwest,Bachelor,Graduate
19998.0,5926.0,5926.0,,,,,,,,,Nebraska College of Technical Agriculture,Curtis,NE,Midwest,Associate,Associate
22565.0,8216.0,8216.0,,,,,,,,,Wayne State College,Wayne,NE,Midwest,Bachelor,Graduate
13939.0,3840.0,4410.0,,,,,,,,,Western Nebraska Community College,Scottsbluff,NE,Midwest,Associate,Associate
34268.0,23000.0,23000.0,450.0,430.0,540.0,570.0,1022.0,16.0,23.0,19.0,York University,York,NE,Midwest,Bachelor,Graduate
13665.0,4358.0,13024.0,,,,,,,,,College of Southern Nevada,Las Vegas,NV,Northwest,Associate,Bachelor
34126.0,17495.0,17495.0,,,,,,,,,Las Vegas College,Las Vegas,NV,Northwest,Associate,Bachelor
19638.0,9748.0,27411.0,510.0,500.0,630.0,610.0,1094.0,18.0,25.0,,University of Nevada-Las Vegas,Las Vegas,NV,Northwest,Bachelor,Graduate
25786.0,9578.0,27720.0,540.0,520.0,650.0,640.0,1132.0,19.0,26.0,23.0,University of Nevada-Reno,Reno,NV,Northwest,Bachelor,Graduate
12947.0,3923.0,13883.0,,,,,,,,,Great Basin College,Elko,NV,Northwest,Certificate,Bachelor
15247.0,3352.0,12018.0,,,,,,,,,Truckee Meadows Community College,Reno,NV,Northwest,Certificate,Bachelor
20248.0,4168.0,12834.0,,,,,,,,,Western Nevada College,Carson City,NV,Northwest,Associate,Bachelor
38527.0,19125.0,19125.0,,,,,,,,,Colby-Sawyer College,New London,NH,Northeast,Bachelor,Graduate
87793.0,68268.0,68268.0,740.0,760.0,780.0,790.0,1534.0,33.0,35.0,34.0,Dartmouth College,Hanover,NH,Northeast,Bachelor,Graduate
64185.0,46442.0,46442.0,545.0,512.0,632.0,650.0,1175.0,,,,Franklin Pierce University,Rindge,NH,Northeast,Bachelor,Graduate
59350.0,41938.0,41938.0,,,,,,,,,New England College,Henniker,NH,Northeast,Bachelor,Graduate
40918.0,17200.0,17200.0,,,,,,,,,Southern New Hampshire University,Manchester,NH,Northeast,Bachelor,Graduate
35537.0,19202.0,39852.0,550.0,540.0,670.0,660.0,1218.0,26.0,30.0,28.0,University of New Hampshire-Main Campus,Durham,NH,Northeast,Bachelor,Graduate
29993.0,14784.0,26840.0,,,,,,,,25.0,Keene State College,Keene,NH,Northeast,Bachelor,Graduate
20020.0,15838.0,36418.0,520.0,453.0,623.0,613.0,1100.0,,,,University of New Hampshire at Manchester,Manchester,NH,Northeast,Bachelor,Graduate
29644.0,14626.0,25566.0,,,,,,,,,Plymouth State University,Plymouth,NH,Northeast,Bachelor,Graduate
23726.0,7200.0,15450.0,,,,,,,,,NHTI-Concord's Community College,Concord,NH,Northeast,Associate,Associate
21739.0,7050.0,15300.0,,,,,,,,,White Mountains Community College,Berlin,NH,Northeast,Certificate,Associate
23244.0,6940.0,15190.0,,,,,,,,,River Valley Community College,Claremont,NH,Northeast,Associate,Associate
21494.0,6720.0,14970.0,,,,,,,,,Lakes Region Community College,Laconia,NH,Northeast,Associate,Associate
20703.0,7090.0,15340.0,,,,,,,,,Manchester Community College,Manchester,NH,Northeast,Associate,Associate
29014.0,7140.0,15390.0,,,,,,,,,Nashua Community College,Nashua,NH,Northeast,Associate,Associate
21963.0,7200.0,15450.0,,,,,,,,,Great Bay Community College,Portsmouth,NH,Northeast,Associate,Associate
53499.0,39488.0,39488.0,545.0,510.0,590.0,585.0,1070.0,,,,Rivier University,Nashua,NH,Northeast,Bachelor,Graduate
67213.0,48920.0,48920.0,570.0,540.0,658.0,620.0,1201.0,24.0,30.0,27.0,Saint Anselm College,Manchester,NH,Northeast,Bachelor,Graduate
15451.0,7724.0,9284.0,,,,,,,,,University of New Hampshire College of Professional Studies Online,Manchester,NH,Northeast,Bachelor,Graduate
42082.0,30400.0,30400.0,,,,,,,,,Thomas More College of Liberal Arts,Merrimack,NH,Northeast,Bachelor,Bachelor
33359.0,18075.0,18075.0,,,,,,,,,Eastwick College-Hackensack,Hackensack,NJ,Northeast,Associate,Bachelor
15597.0,6068.0,9068.0,,,,,,,,,Atlantic Cape Community College,Mays Landing,NJ,Northeast,Associate,Associate
17184.0,4913.0,9294.0,,,,,,,,,Bergen Community College,Paramus,NJ,Northeast,Associate,Associate
44691.0,29800.0,29800.0,,,,,,,,,Berkeley College-Woodland Park,Woodland Park,NJ,Northeast,Bachelor,Graduate
42035.0,15912.0,26022.0,,,,,,,,,Bloomfield College of Montclair State University,Bloomfield,NJ,Northeast,Bachelor,Bachelor
18143.0,6270.0,10140.0,,,,,,,,,Brookdale Community College,Lincroft,NJ,Northeast,Associate,Associate
12243.0,6990.0,9510.0,,,,,,,,,Rowan College at Burlington County,Mount Laurel,NJ,Northeast,Associate,Associate
54073.0,40848.0,40848.0,540.0,590.0,630.0,740.0,1260.0,,,,Caldwell University,Caldwell,NJ,Northeast,Bachelor,Graduate
12535.0,4320.0,4416.0,,,,,,,,,Camden County College,Blackwood,NJ,Northeast,Associate,Associate
52362.0,37732.0,37732.0,,,,,,,,19.0,Centenary University,Hackettstown,NJ,Northeast,Bachelor,Graduate
15033.0,6210.0,14310.0,,,,,,,,,County College of Morris,Randolph,NJ,Northeast,Associate,Associate
16069.0,5160.0,6000.0,,,,,,,,,Rowan College of South Jersey-Cumberland Campus,Vineland,NJ,Northeast,Associate,Associate
65301.0,47100.0,47100.0,570.0,533.0,688.0,650.0,1227.0,24.0,30.0,,Drew University,Madison,NJ,Northeast,Bachelor,Graduate
12506.0,5415.0,9523.0,,,,,,,,,Essex County College,Newark,NJ,Northeast,Associate,Associate
50305.0,38004.0,38004.0,,,,,,,,,Fairleigh Dickinson University-Metropolitan Campus,Teaneck,NJ,Northeast,Bachelor,Graduate
50316.0,39300.0,39300.0,,,,,,,,20.0,Felician University,Lodi,NJ,Northeast,Bachelor,Graduate
54204.0,38004.0,38004.0,,,,,,,,,Fairleigh Dickinson University-Florham Campus,Madison,NJ,Northeast,Bachelor,Graduate
50671.0,37260.0,37260.0,,,,,,,,25.0,Georgian Court University,Lakewood,NJ,Northeast,Bachelor,Graduate
35842.0,16574.0,26932.0,560.0,550.0,660.0,650.0,1212.0,23.0,29.0,27.0,Rowan University,Glassboro,NJ,Northeast,Bachelor,Graduate
16151.0,5160.0,6000.0,,,,,,,,,Rowan College of South Jersey-Gloucester Campus,Sewell,NJ,Northeast,Associate,Associate
32704.0,18057.0,18057.0,,,,,,,,,Eastwick College-Ramsey,Ramsey,NJ,Northeast,Associate,Bachelor
15469.0,5384.0,9248.0,,,,,,,,,Hudson County Community College,Jersey City,NJ,Northeast,Associate,Associate
28255.0,14460.0,14460.0,,,,,,,,,New Jersey City University,Jersey City,NJ,Northeast,Bachelor,Graduate
26949.0,14299.0,22446.0,460.0,470.0,565.0,585.0,1040.0,,,20.0,Kean University,Union,NJ,Northeast,Bachelor,Graduate
12545.0,5310.0,9174.0,,,,,,,,,Mercer County Community College,West Windsor,NJ,Northeast,Associate,Associate
10054.0,4764.0,7356.0,,,,,,,,,Middlesex College,Edison,NJ,Northeast,Associate,Associate
62904.0,46552.0,46552.0,580.0,560.0,660.0,650.0,1223.0,24.0,29.0,24.0,Monmouth University,West Long Branch,NJ,Northeast,Bachelor,Graduate
28305.0,15912.0,26022.0,480.0,430.0,620.0,590.0,1070.0,,,,Montclair State University,Montclair,NJ,Northeast,Bachelor,Graduate
47124.0,24916.0,31336.0,,,,,,,,,JFK Muhlenberg Harold B. and Dorothy A. Snyder Schools,Plainfield,NJ,Northeast,Certificate,Certificate
26454.0,15848.0,15848.0,,,,,,,,,Eastwick College-Nutley,Nutley,NJ,Northeast,Associate,Associate
32859.0,19974.0,37664.0,600.0,610.0,710.0,750.0,1337.0,27.0,34.0,30.0,New Jersey Institute of Technology,Newark,NJ,Northeast,Bachelor,Graduate
18207.0,4906.0,6970.0,,,,,,,,,Ocean County College,Toms River,NJ,Northeast,Associate,Associate
13754.0,6300.0,10560.0,,,,,,,,,Passaic County Community College,Paterson,NJ,Northeast,Associate,Associate
84040.0,62688.0,62688.0,740.0,770.0,780.0,800.0,1553.0,34.0,35.0,34.0,Princeton University,Princeton,NJ,Northeast,Bachelor,Graduate
27300.0,10650.0,10650.0,,,,,,,,,Rabbinical College of America,Morristown,NJ,Northeast,Bachelor,Graduate
29483.0,16777.0,27708.0,580.0,550.0,650.0,650.0,1211.0,22.0,30.0,26.0,Ramapo College of New Jersey,Mahwah,NJ,Northeast,Bachelor,Graduate
55967.0,41120.0,41120.0,550.0,550.0,670.0,650.0,1227.0,27.0,31.0,30.0,Rider University,Lawrenceville,NJ,Northeast,Bachelor,Graduate
35178.0,17764.0,37276.0,540.0,510.0,640.0,660.0,1178.0,19.0,25.0,21.0,Rutgers University-Camden,Camden,NJ,Northeast,Bachelor,Graduate
36993.0,17929.0,37441.0,650.0,660.0,730.0,770.0,1410.0,28.0,33.0,30.0,Rutgers University-New Brunswick,New Brunswick,NJ,Northeast,Bachelor,Graduate
35654.0,17250.0,36762.0,,,,,,,,25.0,Rutgers University-Newark,Newark,NJ,Northeast,Bachelor,Graduate
50272.0,42552.0,42552.0,,,,,,,,23.0,Saint Peter's University,Jersey City,NJ,Northeast,Bachelor,Graduate
17857.0,6360.0,10260.0,,,,,,,,,Salem Community College,Carneys Point,NJ,Northeast,Associate,Associate
68263.0,53170.0,53170.0,620.0,600.0,700.0,690.0,1322.0,27.0,32.0,29.0,Seton Hall University,South Orange,NJ,Northeast,Bachelor,Graduate
53075.0,36741.0,36741.0,,,,,,,,,Saint Elizabeth University,Morristown,NJ,Northeast,Bachelor,Graduate
13832.0,5664.0,7584.0,,,,,,,,,Raritan Valley Community College,Branchburg,NJ,Northeast,Associate,Associate
79790.0,63462.0,63462.0,670.0,710.0,735.0,770.0,1446.0,31.0,34.0,33.0,Stevens Institute of Technology,Hoboken,NJ,Northeast,Bachelor,Graduate
35139.0,16266.0,24524.0,530.0,500.0,620.0,610.0,1139.0,21.0,25.0,25.0,Stockton University,Galloway,NJ,Northeast,Bachelor,Graduate
25100.0,15800.0,15800.0,,,,,,,,,Talmudical Academy-New Jersey,Adelphia,NJ,Northeast,Associate,Bachelor
29400.0,16757.0,16757.0,,,,,,,,,Aviation Institute of Maintenance-Teterboro,Hasbrouck Heights,NJ,Northeast,Certificate,Certificate
38860.0,19632.0,25752.0,570.0,570.0,670.0,670.0,1246.0,26.0,31.0,29.0,The College of New Jersey,Ewing,NJ,Northeast,Bachelor,Graduate
13569.0,5280.0,9500.0,,,,,,,,,UCNJ Union College of Union County New Jersey,Cranford,NJ,Northeast,Associate,Associate
28476.0,15704.0,25344.0,,,,,,,,,William Paterson University of New Jersey,Wayne,NJ,Northeast,Bachelor,Graduate
11600.0,2060.0,8684.0,,,,,,,,,Central New Mexico Community College,Albuquerque,NM,Southwest,Certificate,Associate
13049.0,4346.0,4346.0,,,,,,,,,Navajo Technical University,Crownpoint,NM,Southwest,Certificate,Graduate
14397.0,2322.0,6360.0,,,,,,,,,New Mexico State University-Dona Ana,Las Cruces,NM,Southwest,Associate,Associate
10043.0,1592.0,3344.0,,,,,,,,,Clovis Community College,Clovis,NM,Southwest,Certificate,Associate
18940.0,7194.0,9174.0,430.0,400.0,540.0,520.0,964.0,17.0,23.0,19.0,Eastern New Mexico University-Main Campus,Portales,NM,Southwest,Bachelor,Graduate
11816.0,2256.0,5616.0,,,,,,,,,Eastern New Mexico University-Roswell Campus,Roswell,NM,Southwest,Certificate,Associate
24854.0,5920.0,5920.0,,,,,,,,,Institute of American Indian and Alaska Native Culture and Arts Development,Santa Fe,NM,Southwest,Bachelor,Graduate
20868.0,7416.0,12336.0,,,,,,,,,New Mexico Highlands University,Las Vegas,NM,Southwest,Bachelor,Graduate
9258.0,1440.0,2280.0,,,,,,,,,New Mexico Junior College,Hobbs,NM,Southwest,Associate,Associate
19121.0,7190.0,14156.0,,,,,,,,,New Mexico Military Institute,Roswell,NM,Southwest,Associate,Associate
11620.0,2906.0,5682.0,,,,,,,,,University of New Mexico-Gallup Campus,Gallup,NM,Southwest,Associate,Associate
24967.0,9476.0,27247.0,550.0,530.0,660.0,650.0,1207.0,20.0,29.0,26.0,New Mexico Institute of Mining and Technology,Socorro,NM,Southwest,Bachelor,Graduate
17783.0,2214.0,5686.0,,,,,,,,,University of New Mexico-Los Alamos Campus,Los Alamos,NM,Southwest,Associate,Associate
21259.0,10140.0,33060.0,460.0,430.0,600.0,570.0,1038.0,19.0,26.0,23.0,University of New Mexico-Main Campus,Albuquerque,NM,Southwest,Bachelor,Graduate
15728.0,2616.0,6072.0,,,,,,,,,New Mexico State University-Alamogordo,Alamogordo,NM,Southwest,Associate,Associate
13604.0,1176.0,4008.0,,,,,,,,,Southeast New Mexico College,Carlsbad,NM,Southwest,Associate,Associate
8514.0,2136.0,4272.0,,,,,,,,,New Mexico State University-Grants,Grants,NM,Southwest,Certificate,Associate
23274.0,8183.0,25307.0,450.0,420.0,570.0,540.0,1011.0,17.0,24.0,20.0,New Mexico State University-Main Campus,Las Cruces,NM,Southwest,Bachelor,Graduate
13469.0,1878.0,5130.0,,,,,,,,,University of New Mexico-Valencia County Campus,Los Lunas,NM,Southwest,Associate,Associate
19702.0,6400.0,14328.0,,,,,,,,,Northern New Mexico College,Espanola,NM,Southwest,Associate,Bachelor
15140.0,1928.0,5412.0,,,,,,,,,San Juan College,Farmington,NM,Southwest,Certificate,Associate
18405.0,1851.0,4131.0,,,,,,,,,Santa Fe Community College,Santa Fe,NM,Southwest,Certificate,Associate
28210.0,16670.0,16670.0,,,,,,,,,University of the Southwest,Hobbs,NM,Southwest,Bachelor,Graduate
12125.0,1095.0,1095.0,,,,,,,,,Southwestern Indian Polytechnic Institute,Albuquerque,NM,Southwest,Associate,Associate
16228.0,2136.0,5136.0,,,,,,,,,University of New Mexico-Taos Campus,Ranchos de Taos,NM,Southwest,Certificate,Associate
15975.0,2136.0,3408.0,,,,,,,,,Mesalands Community College,Tucumcari,NM,Southwest,Certificate,Associate
21562.0,7856.0,14342.0,,,,,,,,,Western New Mexico University,Silver City,NM,Southwest,Bachelor,Graduate
47346.0,29810.0,29810.0,,,,,,,,,Vaughn College of Aeronautics and Technology,Flushing,NY,Northeast,Associate,Graduate
63189.0,49110.0,49110.0,570.0,550.0,660.0,680.0,1219.0,24.0,30.0,26.0,Adelphi University,Garden City,NY,Northeast,Bachelor,Graduate
17087.0,6844.0,9616.0,,,,,,,,,SUNY Adirondack,Queensbury,NY,Northeast,Associate,Associate
23359.0,18374.0,18374.0,,,,,,,,,Bryant & Stratton College-Albany,Albany,NY,Northeast,Associate,Bachelor
54899.0,41475.0,41475.0,550.0,560.0,680.0,700.0,1252.0,23.0,31.0,30.0,Albany College of Pharmacy and Health Sciences,Albany,NY,Northeast,Bachelor,Graduate
57445.0,41500.0,41500.0,555.0,540.0,660.0,650.0,1279.0,24.0,29.0,25.0,Alfred University,Alfred,NY,Northeast,Bachelor,Graduate
41968.0,14817.0,14817.0,,,,,,,,,The Ailey School,New York,NY,Northeast,Certificate,Certificate
62554.0,40650.0,40650.0,,,,,,,,,American Academy of Dramatic Arts-New York,New York,NY,Northeast,Associate,Associate
26418.0,20018.0,20018.0,,,,,,,,,American Academy McAllister Institute of Funeral Service,New York,NY,Northeast,Associate,Associate
65647.0,46928.0,46928.0,,,,,,,,,American Musical and Dramatic Academy,New York,NY,Northeast,Certificate,Graduate
32924.0,11200.0,11200.0,,,,,,,,,Associated Beth Rivkah Schools,Brooklyn,NY,Northeast,Certificate,Associate
84553.0,66436.0,66436.0,650.0,620.0,750.0,700.0,1380.0,28.0,32.0,,Bard College,Annandale-On-Hudson,NY,Northeast,Bachelor,Graduate
89538.0,69888.0,69888.0,730.0,740.0,770.0,790.0,1520.0,32.0,34.0,33.0,Barnard College,New York,NY,Northeast,Bachelor,Bachelor
45041.0,29800.0,29800.0,,,,,,,,,Berkeley College-New York,New York,NY,Northeast,Bachelor,Graduate
24208.0,12000.0,12000.0,,,,,,,,,Beth Hamedrash Shaarei Yosher Institute,Brooklyn,NY,Northeast,Associate,Bachelor
24213.0,13025.0,13025.0,,,,,,,,,Boricua College,New York,NY,Northeast,Bachelor,Graduate
16640.0,8624.0,14288.0,,,,,,,,,SUNY Broome Community College,Binghamton,NY,Northeast,Associate,Associate
25249.0,18768.0,18768.0,,,,,,,,,Bryant & Stratton College-Syracuse North,Liverpool,NY,Northeast,Bachelor,Bachelor
24969.0,18910.0,18910.0,,,,,,,,,Bryant & Stratton College-Buffalo,Buffalo,NY,Northeast,Associate,Bachelor
24114.0,20073.0,20073.0,,,,,,,,,Bryant & Stratton College-Greece,Rochester,NY,Northeast,Associate,Bachelor
44322.0,34500.0,34500.0,,,,,,,,28.0,Canisius University,Buffalo,NY,Northeast,Bachelor,Graduate
34498.0,17433.0,17433.0,,,,,,,,,St Paul's School of Nursing-Queens,Rego Park,NY,Northeast,Associate,Associate
16709.0,7056.0,12336.0,,,,,,,,,Cayuga County Community College,Auburn,NY,Northeast,Associate,Associate
29697.0,8400.0,8400.0,,,,,,,,,Central Yeshiva Tomchei Tmimim Lubavitz,Brooklyn,NY,Northeast,Bachelor,Graduate
41990.0,25610.0,25610.0,,,,,,,,,Circle in the Square Theatre School,New York,NY,Northeast,Certificate,Certificate
79022.0,59398.0,59398.0,590.0,610.0,690.0,700.0,1304.0,25.0,32.0,29.0,Clarkson University,Potsdam,NY,Northeast,Bachelor,Graduate
16318.0,6831.0,6831.0,,,,,,,,,Clinton Community College,Plattsburgh,NY,Northeast,Associate,Associate
87070.0,70306.0,70306.0,710.0,720.0,760.0,780.0,1508.0,33.0,34.0,33.0,Colgate University,Hamilton,NY,Northeast,Bachelor,Graduate
34203.0,20188.0,20188.0,,,,,,,,,Metropolitan College of New York,New York,NY,Northeast,Bachelor,Graduate
89472.0,71845.0,71845.0,740.0,770.0,780.0,800.0,1553.0,34.0,35.0,35.0,Columbia University in the City of New York,New York,NY,Northeast,Bachelor,Graduate
14261.0,6048.0,11448.0,,,,,,,,,Columbia-Greene Community College,Hudson,NY,Northeast,Associate,Associate
64190.0,46820.0,46820.0,653.0,642.0,748.0,753.0,1410.0,28.0,34.0,,The Cooper Union for the Advancement of Science and Art,New York,NY,Northeast,Bachelor,Graduate
88140.0,69314.0,69314.0,730.0,770.0,770.0,800.0,1535.0,33.0,35.0,34.0,Cornell University,Ithaca,NY,Northeast,Bachelor,Graduate
14197.0,6534.0,10326.0,,,,,,,,,SUNY Corning Community College,Corning,NY,Northeast,Associate,Associate
58790.0,39850.0,39850.0,478.0,450.0,600.0,583.0,1060.0,17.0,23.0,,Culinary Institute of America,Hyde Park,NY,Northeast,Associate,Graduate
14170.0,7464.0,15414.0,550.0,550.0,690.0,710.0,1280.0,,,,CUNY Bernard M Baruch College,New York,NY,Northeast,Bachelor,Graduate
12866.0,5170.0,8050.0,,,,,,,,,CUNY Borough of Manhattan Community College,New York,NY,Northeast,Associate,Associate
12677.0,5206.0,8086.0,,,,,,,,,CUNY Bronx Community College,Bronx,NY,Northeast,Associate,Associate
14151.0,7452.0,15402.0,460.0,490.0,660.0,680.0,1140.0,,,,CUNY Brooklyn College,Brooklyn,NY,Northeast,Bachelor,Graduate
14795.0,7490.0,15440.0,460.0,430.0,620.0,630.0,1040.0,,,,College of Staten Island CUNY,Staten Island,NY,Northeast,Bachelor,Graduate
14403.0,7340.0,15290.0,540.0,530.0,700.0,730.0,1260.0,,,,CUNY City College,New York,NY,Northeast,Bachelor,Graduate
13069.0,5254.0,8134.0,,,,,,,,,CUNY Hostos Community College,Bronx,NY,Northeast,Associate,Associate
13905.0,7382.0,15332.0,550.0,550.0,700.0,720.0,1280.0,,,,CUNY Hunter College,New York,NY,Northeast,Bachelor,Graduate
14212.0,7470.0,15420.0,480.0,450.0,620.0,600.0,1080.0,,,,CUNY John Jay College of Criminal Justice,New York,NY,Northeast,Bachelor,Graduate
13580.0,5252.0,8132.0,,,,,,,,,CUNY Kingsborough Community College,Brooklyn,NY,Northeast,Associate,Associate
13648.0,5218.0,8098.0,,,,,,,,,CUNY LaGuardia Community College,Long Island City,NY,Northeast,Associate,Associate
14121.0,7410.0,15360.0,440.0,410.0,590.0,560.0,970.0,,,,CUNY Lehman College,Bronx,NY,Northeast,Bachelor,Graduate
14771.0,7352.0,15302.0,440.0,410.0,520.0,500.0,920.0,,,,CUNY Medgar Evers College,Brooklyn,NY,Northeast,Bachelor,Bachelor
14110.0,7332.0,15282.0,460.0,440.0,570.0,570.0,1010.0,,,,CUNY New York City College of Technology,Brooklyn,NY,Northeast,Bachelor,Bachelor
14367.0,7538.0,15488.0,500.0,510.0,650.0,640.0,1120.0,,,,CUNY Queens College,Queens,NY,Northeast,Bachelor,Graduate
12392.0,5210.0,8090.0,,,,,,,,,CUNY Queensborough Community College,Bayside,NY,Northeast,Associate,Associate
14330.0,7358.0,15308.0,410.0,380.0,480.0,480.0,880.0,,,,CUNY York College,Jamaica,NY,Northeast,Bachelor,Graduate
48539.0,34940.0,34940.0,510.0,485.0,610.0,610.0,1130.0,,,24.0,D'Youville  University,Buffalo,NY,Northeast,Bachelor,Graduate
45192.0,35218.0,35218.0,,,,,,,,,Daemen University,Amherst,NY,Northeast,Bachelor,Graduate
21150.0,10800.0,10800.0,,,,,,,,,Yeshiva of Far Rockaway Derech Ayson Rabbinical Seminary,Far Rockaway,NY,Northeast,Bachelor,Bachelor
47802.0,34220.0,34220.0,,,,,,,,,Dominican University New York,Orangeburg,NY,Northeast,Bachelor,Graduate
17159.0,5670.0,10670.0,,,,,,,,,Dutchess Community College,Poughkeepsie,NY,Northeast,Associate,Associate
18492.0,12444.0,12444.0,,,,,,,,,Belanger School of Nursing,Schenectady,NY,Northeast,Associate,Associate
52449.0,38976.0,38976.0,568.0,522.0,694.0,691.0,1314.0,26.0,29.0,,Elmira College,Elmira,NY,Northeast,Bachelor,Graduate
14348.0,6100.0,11300.0,,,,,,,,,Erie Community College,Buffalo,NY,Northeast,Associate,Associate
26838.0,6294.0,16874.0,,,,,,,,,Fashion Institute of Technology,New York,NY,Northeast,Associate,Graduate
19900.0,6234.0,8418.0,,,,,,,,,Finger Lakes Community College,Canandaigua,NY,Northeast,Associate,Associate
42458.0,30250.0,30250.0,,,,,,,,,Five Towns College,Dix Hills,NY,Northeast,Bachelor,Graduate
82762.0,64915.0,64915.0,660.0,660.0,730.0,750.0,1418.0,30.0,33.0,32.0,Fordham University,Bronx,NY,Northeast,Bachelor,Graduate
14226.0,6198.0,6798.0,,,,,,,,,Fulton-Montgomery Community College,Johnstown,NY,Northeast,Associate,Associate
15959.0,5900.0,6500.0,,,,,,,,,Genesee Community College,Batavia,NY,Northeast,Associate,Associate
84230.0,68960.0,68960.0,720.0,730.0,770.0,780.0,1506.0,33.0,35.0,34.0,Hamilton College,Clinton,NY,Northeast,Bachelor,Bachelor
68614.0,54962.0,54962.0,540.0,530.0,670.0,620.0,1200.0,,,25.0,Hartwick College,Oneonta,NY,Northeast,Bachelor,Bachelor
51340.0,25852.0,25852.0,,,,,,,,,Helene Fuld College of Nursing,New York,NY,Northeast,Associate,Bachelor
20149.0,5776.0,5776.0,,,,,,,,,Herkimer County Community College,Herkimer,NY,Northeast,Associate,Associate
42114.0,33740.0,33740.0,,,,,,,,,Hilbert College,Hamburg,NY,Northeast,Bachelor,Graduate
82602.0,65117.0,65117.0,610.0,580.0,700.0,685.0,1319.0,28.0,32.0,29.0,Hobart William Smith Colleges,Geneva,NY,Northeast,Bachelor,Graduate
70624.0,57660.0,57660.0,620.0,610.0,700.0,700.0,1319.0,28.0,32.0,29.0,Hofstra University,Hempstead,NY,Northeast,Bachelor,Graduate
31143.0,18430.0,18430.0,600.0,570.0,695.0,680.0,1284.0,26.0,31.0,26.0,Houghton University,Houghton,NY,Northeast,Bachelor,Graduate
15757.0,6796.0,11852.0,,,,,,,,,Hudson Valley Community College,Troy,NY,Northeast,Associate,Associate
60247.0,47260.0,47260.0,570.0,540.0,650.0,650.0,1217.0,24.0,29.0,26.0,Iona University,New Rochelle,NY,Northeast,Bachelor,Graduate
68699.0,53540.0,53540.0,630.0,600.0,710.0,680.0,1312.0,27.0,30.0,,Ithaca College,Ithaca,NY,Northeast,Bachelor,Graduate
18243.0,6840.0,6840.0,,,,,,,,,Jamestown Community College,Jamestown,NY,Northeast,Associate,Associate
19286.0,6264.0,11700.0,,,,,,,,,Jefferson Community College,Watertown,NY,Northeast,Associate,Associate
85945.0,67357.0,67357.0,720.0,720.0,790.0,790.0,1500.0,,,33.0,Jewish Theological Seminary of America,New York,NY,Northeast,Bachelor,Graduate
83892.0,57950.0,57950.0,,,,,,,,,The Juilliard School,New York,NY,Northeast,Bachelor,Graduate
17850.0,13200.0,13200.0,,,,,,,,,Kehilath Yakov Rabbinical Seminary,Ossining,NY,Northeast,Bachelor,Bachelor
54760.0,39332.0,39332.0,,,,,,,,26.0,Keuka College,Keuka Park,NY,Northeast,Bachelor,Graduate
53064.0,33504.0,33504.0,500.0,460.0,580.0,558.0,1035.0,19.0,25.0,,LIM College,New York,NY,Northeast,Bachelor,Graduate
53183.0,40330.0,40330.0,580.0,580.0,670.0,660.0,1255.0,25.0,30.0,27.0,Le Moyne College,Syracuse,NY,Northeast,Bachelor,Graduate
55424.0,42432.0,42432.0,560.0,550.0,670.0,680.0,1224.0,21.0,30.0,28.0,Long Island University,Brookville,NY,Northeast,Bachelor,Graduate
30053.0,13500.0,13500.0,,,,,,,,,Machzikei Hadath Rabbinical College,Brooklyn,NY,Northeast,Bachelor,Bachelor
43113.0,21700.0,21700.0,,,,,,,,,Mandl School-The College of Allied Health,New York,NY,Northeast,Associate,Associate
64348.0,53400.0,53400.0,580.0,600.0,680.0,678.0,1270.0,25.0,29.0,,Manhattan University,Riverdale,NY,Northeast,Bachelor,Graduate
77703.0,57050.0,57050.0,,,,,,,,,Manhattan School of Music,New York,NY,Northeast,Bachelor,Graduate
53499.0,44604.0,44604.0,,,,,,,,27.0,Manhattanville University,Purchase,NY,Northeast,Bachelor,Graduate
21798.0,18740.0,18740.0,,,,,,,,,Maria College of Albany,Albany,NY,Northeast,Associate,Graduate
14370.0,12085.0,12085.0,,,,,,,,,Marion S Whelan School of Nursing of Geneva General Hospital,Geneva,NY,Northeast,Certificate,Certificate
67574.0,47750.0,47750.0,600.0,590.0,680.0,660.0,1295.0,25.0,31.0,28.0,Marist University,Poughkeepsie,NY,Northeast,Bachelor,Graduate
65767.0,41870.0,41870.0,585.0,520.0,673.0,650.0,1214.0,24.0,27.0,25.0,Marymount Manhattan College,New York,NY,Northeast,Bachelor,Bachelor
32596.0,22880.0,22880.0,,,,,,,,25.0,Mercy University,Dobbs Ferry,NY,Northeast,Bachelor,Graduate
21810.0,15200.0,15200.0,,,,,,,,,Mesivta Torah Vodaath Rabbinical Seminary,Brooklyn,NY,Northeast,Bachelor,Graduate
21300.0,10100.0,10100.0,,,,,,,,,Mesivta of Eastern Parkway-Yeshiva Zichron Meilech,Brooklyn,NY,Northeast,Associate,Bachelor
18560.0,13250.0,13250.0,,,,,,,,,Mesivtha Tifereth Jerusalem of America,New York,NY,Northeast,Bachelor,Graduate
31734.0,15865.0,15865.0,,,,,,,,,Mildred Elley School-Albany Campus,Albany,NY,Northeast,Certificate,Associate
20614.0,13600.0,13600.0,,,,,,,,,Mirrer Yeshiva Cent Institute,Brooklyn,NY,Northeast,Associate,Graduate
16656.0,6218.0,8851.0,,,,,,,,,Mohawk Valley Community College,Utica,NY,Northeast,Associate,Associate
50720.0,39790.0,39790.0,540.0,548.0,640.0,650.0,1187.0,22.0,28.0,29.0,Molloy University,Rockville Centre,NY,Northeast,Bachelor,Graduate
28285.0,18464.0,18464.0,,,,,,,,,Monroe University,Bronx,NY,Northeast,Associate,Graduate
14606.0,6006.0,11056.0,,,,,,,,,Monroe Community College,Rochester,NY,Northeast,Associate,Associate
55014.0,43450.0,43450.0,,,,,1150.0,19.0,28.0,22.0,Mount Saint Mary College,Newburgh,NY,Northeast,Bachelor,Graduate
54170.0,44540.0,44540.0,478.0,533.0,590.0,588.0,1090.0,,,20.0,University of Mount Saint Vincent,Bronx,NY,Northeast,Bachelor,Graduate
14983.0,6330.0,12130.0,,,,,,,,,Nassau Community College,Garden City,NY,Northeast,Associate,Associate
58254.0,42450.0,42450.0,530.0,540.0,650.0,670.0,1216.0,23.0,32.0,,Nazareth University,Rochester,NY,Northeast,Bachelor,Graduate
44715.0,19000.0,19000.0,,,,,,,,,Neighborhood Playhouse School of the Theater,New York City,NY,Northeast,Certificate,Certificate
88284.0,58694.0,58694.0,,,,,,,,,The New School,New York,NY,Northeast,Bachelor,Graduate
84374.0,62796.0,62796.0,720.0,760.0,760.0,800.0,1520.0,34.0,35.0,34.0,New York University,New York,NY,Northeast,Bachelor,Graduate
13908.0,6894.0,12030.0,,,,,,,,,Niagara County Community College,Sanborn,NY,Northeast,Associate,Associate
51632.0,39345.0,39345.0,530.0,530.0,625.0,610.0,1168.0,22.0,28.0,25.0,Niagara University,Niagara University,NY,Northeast,Bachelor,Graduate
18051.0,6682.0,9370.0,,,,,,,,,North Country Community College,Saranac Lake,NY,Northeast,Associate,Associate
56976.0,46560.0,46560.0,590.0,600.0,690.0,730.0,1311.0,24.0,32.0,28.0,New York Institute of Technology,Old Westbury,NY,Northeast,Bachelor,Graduate
48730.0,32330.0,32330.0,,,,,,,,,New York School of Interior Design,New York,NY,Northeast,Certificate,Graduate
16585.0,6102.0,11392.0,,,,,,,,,Onondaga Community College,Syracuse,NY,Northeast,Associate,Associate
14807.0,6526.0,12334.0,,,,,,,,,Orange County Community College,Middletown,NY,Northeast,Associate,Associate
69550.0,53290.0,53290.0,600.0,580.0,680.0,660.0,1266.0,24.0,29.0,26.0,Pace University,New York,NY,Northeast,Bachelor,Graduate
51506.0,33009.0,33009.0,,,,,,,,,Paul Smiths College of Arts and Science,Paul Smiths,NY,Northeast,Bachelor,Graduate
26525.0,15450.0,15450.0,,,,,,,,,Plaza College,Forest Hills,NY,Northeast,Associate,Bachelor
24830.0,18000.0,18000.0,,,,,,,,,Davis College,Pottersville,NY,Northeast,Bachelor,Bachelor
80049.0,61845.0,61845.0,590.0,560.0,700.0,690.0,1290.0,26.0,31.0,30.0,Pratt Institute-Main,Brooklyn,NY,Northeast,Bachelor,Graduate
20400.0,10800.0,10800.0,,,,,,,,,Rabbinical Academy Mesivta Rabbi Chaim Berlin,Brooklyn,NY,Northeast,Bachelor,Graduate
20075.0,10000.0,10000.0,,,,,,,,,Rabbinical College Bobover Yeshiva Bnei Zion,Brooklyn,NY,Northeast,Bachelor,Graduate
17750.0,8450.0,8450.0,,,,,,,,,Rabbinical Seminary Mkor Chaim,Lakewood,NJ,Northeast,Bachelor,Bachelor
21600.0,10290.0,10290.0,,,,,,,,,Rabbinical College of Long Island,Long Beach,NY,Northeast,Associate,Bachelor
19700.0,10000.0,10000.0,,,,,,,,,Rabbinical Seminary of America,Flushing,NY,Northeast,Bachelor,Graduate
82404.0,64081.0,64081.0,670.0,705.0,740.0,770.0,1456.0,30.0,34.0,33.0,Rensselaer Polytechnic Institute,Troy,NY,Northeast,Bachelor,Graduate
52919.0,38826.0,38826.0,505.0,485.0,670.0,635.0,1170.0,,,26.0,Roberts Wesleyan University,Rochester,NY,Northeast,Bachelor,Graduate
74626.0,59274.0,59274.0,650.0,650.0,720.0,740.0,1383.0,29.0,33.0,31.0,Rochester Institute of Technology,Rochester,NY,Northeast,Bachelor,Graduate
85962.0,67080.0,67080.0,680.0,730.0,750.0,790.0,1488.0,31.0,34.0,33.0,University of Rochester,Rochester,NY,Northeast,Bachelor,Graduate
18713.0,6862.0,6862.0,,,,,,,,,Rockland Community College,Suffern,NY,Northeast,Associate,Associate
50607.0,38164.0,38164.0,,,,,,,,,Russell Sage College,Troy,NY,Northeast,Bachelor,Graduate
57271.0,41735.0,41735.0,535.0,530.0,650.0,640.0,1197.0,24.0,30.0,24.0,St Bonaventure University,Saint Bonaventure,NY,Northeast,Bachelor,Graduate
38098.0,28775.0,28775.0,,,,,,,,24.0,St. Francis College,Brooklyn,NY,Northeast,Bachelor,Graduate
82000.0,65900.0,65900.0,645.0,610.0,710.0,710.0,1371.0,30.0,33.0,31.0,St Lawrence University,Canton,NY,Northeast,Bachelor,Graduate
53370.0,39450.0,39450.0,410.0,470.0,520.0,565.0,1000.0,,,29.0,St. Thomas Aquinas College,Sparkill,NY,Northeast,Bachelor,Graduate
82467.0,66862.0,66862.0,650.0,590.0,740.0,690.0,1366.0,28.0,31.0,31.0,Sarah Lawrence College,Bronxville,NY,Northeast,Bachelor,Graduate
16830.0,6190.0,8974.0,,,,,,,,,Schenectady County Community College,Schenectady,NY,Northeast,Associate,Associate
64870.0,46580.0,46580.0,550.0,560.0,680.0,680.0,1254.0,27.0,33.0,,Siena University,Loudonville,NY,Northeast,Bachelor,Graduate
85270.0,67290.0,67290.0,680.0,660.0,750.0,730.0,1405.0,31.0,33.0,31.0,Skidmore College,Saratoga Springs,NY,Northeast,Bachelor,Bachelor
41897.0,36550.0,36550.0,560.0,550.0,640.0,630.0,1190.0,24.0,29.0,26.0,St. Joseph's University-New York,Brooklyn,NY,Northeast,Bachelor,Graduate
55201.0,41190.0,41190.0,560.0,560.0,650.0,650.0,1214.0,23.0,28.0,26.0,St. John Fisher University,Rochester,NY,Northeast,Bachelor,Graduate
44677.0,17492.0,17492.0,,,,,,,,,St Paul's School of Nursing-Staten Island,Staten Island,NY,Northeast,Associate,Associate
65527.0,53020.0,53020.0,580.0,570.0,670.0,670.0,1244.0,24.0,29.0,26.0,St. John's University-New York,Queens,NY,Northeast,Bachelor,Graduate
16601.0,6468.0,12132.0,,,,,,,,,Sullivan County Community College,Loch Sheldrake,NY,Northeast,Associate,Associate
25385.0,8892.0,16837.0,500.0,490.0,600.0,600.0,1094.0,20.0,24.0,,SUNY College of Technology at Alfred,Alfred,NY,Northeast,Associate,Bachelor
24906.0,8742.0,13572.0,,,,,,,,20.0,SUNY College of Technology at Canton,Canton,NY,Northeast,Bachelor,Bachelor
26944.0,8772.0,12762.0,450.0,460.0,580.0,580.0,1004.0,18.0,23.0,,SUNY College of Technology at Delhi,Delhi,NY,Northeast,Associate,Graduate
27786.0,8768.0,18678.0,,,,,,,,19.0,SUNY College of Agriculture and Technology at Cobleskill,Cobleskill,NY,Northeast,Bachelor,Bachelor
18966.0,8626.0,18536.0,520.0,520.0,620.0,620.0,1147.0,20.0,28.0,24.0,Farmingdale State College,Farmingdale,NY,Northeast,Bachelor,Graduate
26833.0,8825.0,19245.0,510.0,480.0,620.0,610.0,1130.0,,,,SUNY Morrisville,Morrisville,NY,Northeast,Associate,Bachelor
28802.0,10866.0,31256.0,,,,,,,,26.0,University at Albany,Albany,NY,Northeast,Bachelor,Graduate
30345.0,10567.0,30447.0,670.0,670.0,740.0,760.0,1415.0,30.0,32.0,32.0,Binghamton University,Vestal,NY,Northeast,Bachelor,Graduate
30785.0,10936.0,31536.0,600.0,610.0,680.0,700.0,1295.0,27.0,32.0,28.0,University at Buffalo,Buffalo,NY,Northeast,Bachelor,Graduate
30539.0,10931.0,32741.0,650.0,680.0,730.0,770.0,1419.0,29.0,33.0,31.0,Stony Brook University,Stony Brook,NY,Northeast,Bachelor,Graduate
28133.0,9303.0,22263.0,,,,,,,,,SUNY College of Environmental Science and Forestry,Syracuse,NY,Northeast,Bachelor,Graduate
23741.0,8625.0,21215.0,505.0,520.0,680.0,690.0,1201.0,22.0,30.0,27.0,SUNY Polytechnic Institute,Utica,NY,Northeast,Bachelor,Graduate
26046.0,8752.0,15822.0,550.0,550.0,640.0,640.0,1193.0,23.0,26.0,26.0,SUNY Brockport,Brockport,NY,Northeast,Bachelor,Graduate
24279.0,8533.0,19653.0,490.0,490.0,630.0,610.0,1070.0,,,,SUNY Buffalo State University,Buffalo,NY,Northeast,Bachelor,Graduate
28108.0,8874.0,18784.0,,,,,,,,25.0,State University of New York at Cortland,Cortland,NY,Northeast,Bachelor,Graduate
25879.0,8831.0,19771.0,590.0,570.0,680.0,690.0,1250.0,23.0,28.0,27.0,SUNY at Fredonia,Fredonia,NY,Northeast,Bachelor,Graduate
27709.0,8999.0,19569.0,600.0,590.0,670.0,670.0,1286.0,26.0,31.0,28.0,SUNY College at Geneseo,Geneseo,NY,Northeast,Bachelor,Graduate
28428.0,8572.0,18822.0,600.0,570.0,690.0,650.0,1265.0,25.0,29.0,27.0,State University of New York at New Paltz,New Paltz,NY,Northeast,Bachelor,Graduate
28821.0,8831.0,19781.0,570.0,550.0,660.0,650.0,1230.0,25.0,30.0,,SUNY Oneonta,Oneonta,NY,Northeast,Bachelor,Graduate
27052.0,8825.0,18735.0,530.0,540.0,630.0,640.0,1187.0,23.0,29.0,27.0,State University of New York at Oswego,Oswego,NY,Northeast,Bachelor,Graduate
25083.0,8768.0,18678.0,,,,,,,,,SUNY College at Potsdam,Potsdam,NY,Northeast,Bachelor,Graduate
29043.0,8953.0,19203.0,620.0,565.0,710.0,670.0,1312.0,27.0,30.0,29.0,SUNY at Purchase College,Purchase,NY,Northeast,Bachelor,Graduate
21287.0,8422.0,18842.0,,,,,,,,,SUNY Old Westbury,Old Westbury,NY,Northeast,Bachelor,Graduate
28244.0,9035.0,18945.0,540.0,540.0,640.0,610.0,1165.0,22.0,28.0,26.0,State University of New York at Plattsburgh,Plattsburgh,NY,Northeast,Bachelor,Graduate
19699.0,7648.0,17558.0,,,,,,,,,Empire State University,Saratoga Springs,NY,Northeast,Bachelor,Graduate
29786.0,8589.0,19159.0,570.0,553.0,640.0,648.0,1214.0,22.0,28.0,26.0,SUNY Maritime College,Throggs Neck,NY,Northeast,Bachelor,Graduate
35629.0,27066.0,27066.0,,,,,,,,,Swedish Institute a College of Health Sciences,New York,NY,Northeast,Associate,Associate
84517.0,65528.0,65528.0,640.0,630.0,720.0,720.0,1375.0,29.0,32.0,30.0,Syracuse University,Syracuse,NY,Northeast,Bachelor,Graduate
20353.0,8750.0,8750.0,,,,,,,,,Talmudical Seminary Oholei Torah,Brooklyn,NY,Northeast,Bachelor,Bachelor
16850.0,6150.0,6150.0,,,,,,,,,Talmudical Institute of Upstate New York,Rochester,NY,Northeast,Bachelor,Bachelor
20222.0,6970.0,12855.0,,,,,,,,,Tompkins Cortland Community College,Dryden,NY,Northeast,Associate,Associate
34000.0,9600.0,9600.0,,,,,,,,,Torah Temimah Talmudical Seminary,Staten Island,NY,Northeast,Associate,Bachelor
40500.0,22450.0,22450.0,630.0,588.0,730.0,723.0,1348.0,24.0,32.0,,Touro University,New York,NY,Northeast,Bachelor,Graduate
29845.0,20640.0,20640.0,,,,,,,,,Trocaire College,Buffalo,NY,Northeast,Associate,Bachelor
14925.0,6666.0,12146.0,,,,,,,,,Ulster County Community College,Stone Ridge,NY,Northeast,Associate,Associate
84561.0,69039.0,69039.0,660.0,650.0,720.0,760.0,1395.0,29.0,33.0,30.0,Union College,Schenectady,NY,Northeast,Bachelor,Bachelor
22754.0,15000.0,15000.0,,,,,,,,,United Talmudical Seminary,Brooklyn,NY,Northeast,Bachelor,Bachelor
9168.0,895.0,895.0,560.0,550.0,650.0,650.0,1207.0,22.0,29.0,27.0,United States Merchant Marine Academy,Kings Point,NY,U.S. Service Schools,Bachelor,Graduate
37205.0,26930.0,26930.0,480.0,510.0,660.0,590.0,1110.0,,,,Utica University,Utica,NY,Northeast,Bachelor,Graduate
87419.0,71030.0,71030.0,730.0,720.0,770.0,780.0,1494.0,33.0,35.0,33.0,Vassar College,Poughkeepsie,NY,Northeast,Bachelor,Bachelor
36335.0,28670.0,28670.0,,,,,,,,,Villa Maria College,Buffalo,NY,Northeast,Bachelor,Bachelor
78051.0,51400.0,51400.0,610.0,578.0,730.0,760.0,1320.0,,,26.0,School of Visual Arts,New York,NY,Northeast,Bachelor,Graduate
65574.0,53200.0,53200.0,600.0,590.0,660.0,630.0,1243.0,23.0,28.0,,Wagner College,Staten Island,NY,Northeast,Bachelor,Graduate
81950.0,63214.0,63214.0,710.0,720.0,750.0,780.0,1496.0,32.0,34.0,33.0,Webb Institute,Glen Cove,NY,Northeast,Bachelor,Bachelor
31660.0,25191.0,25191.0,,,,,,,,,The College of Westchester,White Plains,NY,Northeast,Bachelor,Bachelor
15316.0,5948.0,12486.0,,,,,,,,,SUNY Westchester Community College,Valhalla,NY,Northeast,Associate,Associate
22600.0,11500.0,11500.0,,,,,,,,,Word of Life Bible Institute,Pottersville,NY,Northeast,Certificate,Certificate
18612.0,13300.0,13300.0,,,,,,,,,Yeshiva Karlin Stolin,Brooklyn,NY,Northeast,Bachelor,Bachelor
24200.0,12700.0,12700.0,,,,,,,,,Yeshiva Derech Chaim,Brooklyn,NY,Northeast,Associate,Bachelor
23300.0,14000.0,14000.0,,,,,,,,,Yeshiva of Nitra Rabbinical College,Chester,NY,Northeast,Bachelor,Bachelor
22150.0,19550.0,19550.0,,,,,,,,,Yeshivath Shaar Hatorah,Kew Gardens,NY,Northeast,Bachelor,Bachelor
70892.0,51800.0,51800.0,670.0,670.0,740.0,770.0,1426.0,29.0,33.0,,Yeshiva University,New York,NY,Northeast,Bachelor,Graduate
20397.0,12000.0,12000.0,,,,,,,,,Yeshivath Viznitz,Monsey,NY,Northeast,Bachelor,Bachelor
20440.0,10880.0,10880.0,,,,,,,,,Yeshivath Zichron Moshe,South Fallsburg,NY,Northeast,Associate,Bachelor
13621.0,2242.0,7652.0,,,,,,,,,College of the Albemarle,Elizabeth City,NC,Southeast,Associate,Associate
16111.0,2022.0,6630.0,,,,,,,,,South Piedmont Community College,Polkton,NC,Southeast,Associate,Associate
23169.0,7579.0,25212.0,570.0,550.0,660.0,620.0,1214.0,21.0,27.0,27.0,Appalachian State University,Boone,NC,Southeast,Bachelor,Graduate
16061.0,2882.0,9026.0,,,,,,,,,Asheville-Buncombe Technical Community College,Asheville,NC,Southeast,Certificate,Associate
51935.0,37250.0,37250.0,,,,,,,,20.0,Barton College,Wilson,NC,Southeast,Bachelor,Graduate
16245.0,2540.0,8684.0,,,,,,,,,Beaufort County Community College,Washington,NC,Southeast,Certificate,Associate
34788.0,19500.0,19500.0,490.0,470.0,610.0,590.0,1099.0,18.0,26.0,22.0,Belmont Abbey College,Belmont,NC,Southeast,Bachelor,Graduate
41296.0,19140.0,19140.0,410.0,410.0,580.0,480.0,925.0,,,,Bennett College,Greensboro,NC,Southeast,Bachelor,Bachelor
12613.0,2618.0,8762.0,,,,,,,,,Bladen Community College,Dublin,NC,Southeast,Associate,Associate
13274.0,2660.0,8804.0,,,,,,,,,Blue Ridge Community College,Flat Rock,NC,Southeast,Certificate,Associate
47288.0,32280.0,32280.0,440.0,430.0,620.0,600.0,1060.0,16.0,26.0,,Brevard College,Brevard,NC,Southeast,Bachelor,Graduate
12836.0,2553.0,8697.0,,,,,,,,,Brunswick Community College,Bolivia,NC,Southeast,Associate,Associate
26375.0,16550.0,16550.0,,,,,1150.0,21.0,23.0,23.0,Cabarrus College of Health Sciences,Concord,NC,Southeast,Associate,Graduate
20188.0,2526.0,6526.0,,,,,,,,,Caldwell Community College and Technical Institute,Hudson,NC,Southeast,Associate,Associate
62187.0,41600.0,41600.0,,,,,,,,22.0,Campbell University,Buies Creek,NC,Southeast,Bachelor,Graduate
14740.0,2748.0,8892.0,,,,,,,,,Cape Fear Community College,Wilmington,NC,Southeast,Associate,Associate
19621.0,2310.0,8222.0,,,,,,,,,Carteret Community College,Morehead City,NC,Southeast,Certificate,Associate
49516.0,34300.0,34300.0,520.0,510.0,650.0,650.0,1096.0,17.0,25.0,22.0,Catawba College,Salisbury,NC,Southeast,Bachelor,Graduate
20446.0,2427.0,7803.0,,,,,,,,,Catawba Valley Community College,Hickory,NC,Southeast,Associate,Associate
14901.0,2711.0,8855.0,,,,,,,,,Central Carolina Community College,Sanford,NC,Southeast,Associate,Associate
10546.0,2792.0,8936.0,,,,,,,,,Central Piedmont Community College,Charlotte,NC,Southeast,Associate,Associate
39027.0,27910.0,27910.0,,,,,,,,18.0,Chowan University,Murfreesboro,NC,Southeast,Bachelor,Graduate
5565.0,2602.0,8746.0,,,,,,,,,Cleveland Community College,Shelby,NC,Southeast,Certificate,Associate
16793.0,2512.0,8656.0,,,,,,,,,Coastal Carolina Community College,Jacksonville,NC,Southeast,Associate,Associate
10735.0,2022.0,6630.0,,,,,,,,,Craven Community College,New Bern,NC,Southeast,Associate,Associate
14280.0,1980.0,6588.0,,,,,,,,,Davidson-Davie Community College,Thomasville,NC,Southeast,Certificate,Associate
79475.0,64410.0,64410.0,695.0,705.0,750.0,780.0,1469.0,31.0,34.0,,Davidson College,Davidson,NC,Southeast,Bachelor,Bachelor
87072.0,68758.0,68758.0,740.0,760.0,770.0,800.0,1548.0,34.0,35.0,34.0,Duke University,Durham,NC,Southeast,Bachelor,Graduate
10430.0,1986.0,6594.0,,,,,,,,,Durham Technical Community College,Durham,NC,Southeast,Associate,Associate
23867.0,7361.0,23638.0,540.0,530.0,630.0,610.0,1180.0,21.0,26.0,,East Carolina University,Greenville,NC,Southeast,Bachelor,Graduate
9330.0,2640.0,8784.0,,,,,,,,,Edgecombe Community College,Tarboro,NC,Southeast,Certificate,Associate
17701.0,6536.0,10536.0,470.0,450.0,560.0,520.0,1019.0,16.0,22.0,17.0,Elizabeth City State University,Elizabeth City,NC,Southeast,Bachelor,Graduate
62266.0,46958.0,46958.0,580.0,550.0,650.0,630.0,1208.0,23.0,28.0,,Elon University,Elon,NC,Southeast,Bachelor,Graduate
11277.0,2628.0,8772.0,,,,,,,,,Fayetteville Technical Community College,Fayetteville,NC,Southeast,Certificate,Associate
16652.0,4353.0,8353.0,460.0,430.0,550.0,540.0,959.0,15.0,19.0,17.0,Fayetteville State University,Fayetteville,NC,Southeast,Bachelor,Graduate
14101.0,2276.0,6884.0,,,,,,,,,Forsyth Technical Community College,Winston-Salem,NC,Southeast,Associate,Associate
47091.0,34760.0,34760.0,495.0,480.0,608.0,590.0,1113.0,19.0,25.0,21.0,Gardner-Webb University,Boiling Springs,NC,Southeast,Bachelor,Graduate
16866.0,3186.0,9330.0,,,,,,,,,Gaston College,Dallas,NC,Southeast,Certificate,Associate
35165.0,21000.0,21000.0,,,,,,,,,Greensboro College,Greensboro,NC,Southeast,Bachelor,Graduate
55689.0,41362.0,41362.0,550.0,570.0,650.0,610.0,1105.0,18.0,24.0,20.0,Guilford College,Greensboro,NC,Southeast,Bachelor,Graduate
20529.0,2320.0,7696.0,,,,,,,,,Guilford Technical Community College,Jamestown,NC,Southeast,Associate,Associate
16938.0,2608.0,8752.0,,,,,,,,,Halifax Community College,Weldon,NC,Southeast,Associate,Associate
17011.0,2580.0,8724.0,,,,,,,,,Haywood Community College,Clyde,NC,Southeast,Associate,Associate
24868.0,8688.0,8688.0,,,,,,,,,Heritage Bible College,Dunn,NC,Southeast,Bachelor,Bachelor
65548.0,45312.0,45312.0,560.0,550.0,670.0,650.0,1288.0,24.0,33.0,26.0,High Point University,High Point,NC,Southeast,Bachelor,Graduate
18132.0,2030.0,6638.0,,,,,,,,,Isothermal Community College,Spindale,NC,Southeast,Certificate,Associate
11870.0,2592.0,8736.0,,,,,,,,,James Sprunt Community College,Kenansville,NC,Southeast,Certificate,Associate
34923.0,21300.0,21300.0,,,,,,,,,Johnson C Smith University,Charlotte,NC,Southeast,Bachelor,Graduate
11230.0,2756.0,8900.0,,,,,,,,,Johnston Community College,Smithfield,NC,Southeast,Associate,Associate
49498.0,33250.0,33250.0,,,,,,,,23.0,Lees-McRae College,Banner Elk,NC,Southeast,Bachelor,Graduate
14929.0,2578.0,8722.0,,,,,,,,,Lenoir Community College,Kinston,NC,Southeast,Certificate,Associate
44621.0,31900.0,31900.0,,,,,,,,,Lenoir-Rhyne University,Hickory,NC,Southeast,Bachelor,Graduate
28305.0,18296.0,18296.0,,,,,,,,14.0,Livingstone College,Salisbury,NC,Southeast,Bachelor,Graduate
38833.0,24120.0,24120.0,,,,,,,,,Louisburg College,Louisburg,NC,Southeast,Associate,Associate
50099.0,37736.0,37736.0,,,,,,,,,Mars Hill University,Mars Hill,NC,Southeast,Bachelor,Graduate
11275.0,2523.0,8667.0,,,,,,,,,Martin Community College,Williamston,NC,Southeast,Certificate,Associate
14932.0,2626.0,8770.0,,,,,,,,,Mayland Community College,Spruce Pine,NC,Southeast,Associate,Associate
18783.0,2032.0,6640.0,,,,,,,,,McDowell Technical Community College,Marion,NC,Southeast,Associate,Associate
57313.0,45630.0,45630.0,588.0,510.0,668.0,680.0,1204.0,23.0,29.0,26.0,Meredith College,Raleigh,NC,Southeast,Bachelor,Graduate
55796.0,41250.0,41250.0,550.0,530.0,630.0,620.0,1182.0,22.0,27.0,24.0,Methodist University,Fayetteville,NC,Southeast,Bachelor,Graduate
16661.0,2641.0,8785.0,,,,,,,,,Mitchell Community College,Statesville,NC,Southeast,Associate,Associate
17669.0,2538.0,8682.0,,,,,,,,,Montgomery Community College,Troy,NC,Southeast,Certificate,Associate
47133.0,36450.0,36450.0,,,,,,,,25.0,Montreat College,Montreat,NC,Southeast,Bachelor,Graduate
38569.0,27366.0,27366.0,,,,,1050.0,18.0,24.0,19.0,University of Mount Olive,Mount Olive,NC,Southeast,Bachelor,Graduate
10062.0,2866.0,8866.0,,,,,,,,,Nash Community College,Rocky Mount,NC,Southeast,Certificate,Associate
20427.0,6813.0,20673.0,510.0,510.0,600.0,590.0,1074.0,17.0,23.0,19.0,North Carolina A & T State University,Greensboro,NC,Southeast,Bachelor,Graduate
21685.0,7501.0,24849.0,600.0,570.0,700.0,660.0,1251.0,23.0,29.0,26.0,University of North Carolina Asheville,Asheville,NC,Southeast,Bachelor,Graduate
26055.0,8994.0,41203.0,690.0,700.0,750.0,780.0,1439.0,28.0,34.0,25.0,University of North Carolina at Chapel Hill,Chapel Hill,NC,Southeast,Bachelor,Graduate
23010.0,7239.0,22492.0,570.0,570.0,660.0,670.0,1231.0,21.0,28.0,24.0,University of North Carolina at Charlotte,Charlotte,NC,Southeast,Bachelor,Graduate
21373.0,7661.0,24012.0,590.0,560.0,685.0,670.0,1193.0,22.0,27.0,24.0,University of North Carolina at Greensboro,Greensboro,NC,Southeast,Bachelor,Graduate
26556.0,6699.0,19735.0,,,,,1050.0,19.0,22.0,18.0,North Carolina Central University,Durham,NC,Southeast,Bachelor,Graduate
26470.0,9477.0,27211.0,600.0,540.0,720.0,650.0,1260.0,22.0,29.0,25.0,University of North Carolina School of the Arts,Winston Salem,NC,Southeast,Bachelor,Graduate
26425.0,8799.0,32847.0,650.0,650.0,720.0,750.0,1376.0,28.0,32.0,30.0,North Carolina State University at Raleigh,Raleigh,NC,Southeast,Bachelor,Graduate
49974.0,35736.0,35736.0,,,,,,,,18.0,North Carolina Wesleyan University,Rocky Mount,NC,Southeast,Bachelor,Graduate
26547.0,7277.0,24152.0,620.0,610.0,680.0,660.0,1287.0,24.0,29.0,26.0,University of North Carolina Wilmington,Wilmington,NC,Southeast,Bachelor,Graduate
8227.0,1867.0,6475.0,,,,,,,,,Pamlico Community College,Grantsboro,NC,Southeast,Certificate,Associate
49362.0,34176.0,34176.0,545.0,535.0,630.0,595.0,1170.0,22.0,27.0,24.0,William Peace University,Raleigh,NC,Southeast,Bachelor,Bachelor
17261.0,3648.0,7648.0,490.0,480.0,600.0,600.0,1056.0,18.0,23.0,19.0,University of North Carolina at Pembroke,Pembroke,NC,Southeast,Bachelor,Graduate
45542.0,35070.0,35070.0,,,,,,,,22.0,Pfeiffer University,Misenheimer,NC,Southeast,Bachelor,Graduate
12039.0,2556.0,8700.0,,,,,,,,,Piedmont Community College,Roxboro,NC,Southeast,Certificate,Associate
15979.0,2580.0,8724.0,,,,,,,,,Pitt Community College,Winterville,NC,Southeast,Certificate,Associate
65742.0,45846.0,45846.0,560.0,580.0,670.0,670.0,1206.0,20.0,27.0,24.0,Queens University of Charlotte,Charlotte,NC,Southeast,Bachelor,Graduate
16435.0,2416.0,8176.0,,,,,,,,,Randolph Community College,Asheboro,NC,Southeast,Certificate,Associate
15667.0,1956.0,6564.0,,,,,,,,,Richmond Community College,Hamlet,NC,Southeast,Certificate,Associate
33011.0,17280.0,17280.0,390.0,440.0,640.0,570.0,1000.0,,,18.0,Mid-Atlantic Christian University,Elizabeth City,NC,Southeast,Bachelor,Bachelor
9415.0,2642.0,8786.0,,,,,,,,,Roanoke-Chowan Community College,Ahoskie,NC,Southeast,Associate,Associate
12628.0,2581.0,8725.0,,,,,,,,,Robeson Community College,Lumberton,NC,Southeast,Associate,Associate
10933.0,1966.0,6574.0,,,,,,,,,Rockingham Community College,Wentworth,NC,Southeast,Associate,Associate
17338.0,2064.0,6672.0,,,,,,,,,Rowan-Cabarrus Community College,Salisbury,NC,Southeast,Certificate,Associate
33179.0,16896.0,16896.0,,,,,,,,,Saint Augustine's University,Raleigh,NC,Southeast,Bachelor,Graduate
48532.0,33848.0,33848.0,553.0,513.0,643.0,600.0,1082.0,16.0,22.0,19.0,Salem College,Winston-Salem,NC,Southeast,Bachelor,Graduate
13142.0,2877.0,9789.0,,,,,,,,,Sampson Community College,Clinton,NC,Southeast,Certificate,Associate
14709.0,2040.0,6648.0,,,,,,,,,Sandhills Community College,Pinehurst,NC,Southeast,Associate,Associate
30861.0,17538.0,17538.0,,,,,,,,,Shaw University,Raleigh,NC,Southeast,Bachelor,Graduate
15193.0,2600.0,8744.0,,,,,,,,,Southeastern Community College,Whiteville,NC,Southeast,Associate,Associate
15856.0,4112.0,13184.0,,,,,,,,,Southwestern Community College,Sylva,NC,Southeast,Associate,Associate
15370.0,2672.0,8816.0,,,,,,,,,Stanly Community College,Albemarle,NC,Southeast,Certificate,Associate
22632.0,11318.0,11318.0,540.0,460.0,660.0,590.0,1127.0,21.0,24.0,,Southeastern Baptist Theological Seminary,Wake Forest,NC,Southeast,Bachelor,Graduate
14271.0,2668.0,8812.0,,,,,,,,,Surry Community College,Dobson,NC,Southeast,Certificate,Associate
15922.0,2592.0,8736.0,,,,,,,,,Alamance Community College,Graham,NC,Southeast,Certificate,Associate
18830.0,2636.0,8780.0,,,,,,,,,Tri-County Community College,Murphy,NC,Southeast,Associate,Associate
13153.0,1944.0,6552.0,,,,,,,,,Vance-Granville Community College,Henderson,NC,Southeast,Associate,Associate
87499.0,67642.0,67642.0,700.0,710.0,750.0,770.0,1475.0,32.0,34.0,,Wake Forest University,Winston-Salem,NC,Southeast,Bachelor,Graduate
15953.0,2254.0,6862.0,,,,,,,,,Wake Technical Community College,Raleigh,NC,Southeast,Certificate,Associate
56966.0,41500.0,41500.0,,,,,1350.0,25.0,29.0,27.0,Warren Wilson College,Swannanoa,NC,Southeast,Bachelor,Graduate
11096.0,2566.0,8710.0,,,,,,,,,Wayne Community College,Goldsboro,NC,Southeast,Certificate,Associate
16642.0,2650.0,8794.0,,,,,,,,,Western Piedmont Community College,Morganton,NC,Southeast,Associate,Associate
9844.0,2572.0,8716.0,,,,,,,,,Wilkes Community College,Wilkesboro,NC,Southeast,Certificate,Associate
10765.0,2572.0,8716.0,,,,,,,,,Wilson Community College,Wilson,NC,Southeast,Associate,Associate
57473.0,41636.0,41636.0,510.0,500.0,610.0,600.0,1111.0,18.0,25.0,,Wingate University,Wingate,NC,Southeast,Bachelor,Graduate
28817.0,9970.0,9970.0,,,,,,,,,Carolina Christian College,Winston Salem,NC,Southeast,Bachelor,Bachelor
23147.0,6126.0,16782.0,430.0,400.0,520.0,500.0,945.0,15.0,20.0,17.0,Winston-Salem State University,Winston-Salem,NC,Southeast,Bachelor,Graduate
19992.0,4630.0,8630.0,560.0,520.0,660.0,610.0,1157.0,19.0,25.0,22.0,Western Carolina University,Cullowhee,NC,Southeast,Bachelor,Graduate
15771.0,5247.0,7331.0,,,,,,,,,Bismarck State College,Bismarck,ND,Midwest,Associate,Bachelor
20567.0,9118.0,9118.0,,,,,,,,19.0,Dickinson State University,Dickinson,ND,Midwest,Bachelor,Graduate
14090.0,3870.0,3870.0,,,,,,,,,Nueta Hidatsa Sahnish College,New Town,ND,Midwest,Associate,Bachelor
38013.0,24990.0,24990.0,,,,,,,,21.0,University of Jamestown,Jamestown,ND,Midwest,Bachelor,Graduate
18731.0,5520.0,5520.0,,,,,,,,,Lake Region State College,Devils Lake,ND,Midwest,Associate,Associate
11969.0,3950.0,3950.0,,,,,,,,,Cankdeska Cikana Community College,Fort Totten,ND,Midwest,Associate,Associate
33672.0,22356.0,22356.0,580.0,530.0,680.0,660.0,1159.0,21.0,26.0,,University of Mary,Bismarck,ND,Midwest,Bachelor,Graduate
20657.0,7979.0,11237.0,,,,,,,,20.0,Mayville State University,Mayville,ND,Midwest,Bachelor,Graduate
19339.0,8702.0,8702.0,500.0,430.0,570.0,570.0,1051.0,18.0,24.0,20.0,Minot State University,Minot,ND,Midwest,Bachelor,Graduate
25605.0,10951.0,15570.0,,,,,,,,23.0,University of North Dakota,Grand Forks,ND,Midwest,Bachelor,Graduate
17265.0,5974.0,6973.0,,,,,,,,,North Dakota State College of Science,Wahpeton,ND,Midwest,Associate,Associate
16774.0,5388.0,6294.0,,,,,,,,,Dakota College at Bottineau,Bottineau,ND,Midwest,Associate,Associate
23716.0,11110.0,15764.0,,,,,1150.0,19.0,25.0,23.0,North Dakota State University-Main Campus,Fargo,ND,Midwest,Bachelor,Graduate
16651.0,6128.0,6128.0,,,,,,,,,Williston State College,Williston,ND,Midwest,Associate,Associate
10012.0,4010.0,4010.0,,,,,,,,,Sitting Bull College,Fort Yates,ND,Midwest,Associate,Graduate
31544.0,19700.0,19700.0,,,,,,,,,Trinity Bible College and Graduate School,Ellendale,ND,Midwest,Bachelor,Graduate
13655.0,2794.0,2794.0,,,,,,,,,Turtle Mountain College,Belcourt,ND,Midwest,Certificate,Graduate
14309.0,4632.0,4632.0,,,,,,,,,United Tribes Technical College,Bismarck,ND,Midwest,Associate,Bachelor
20468.0,8514.0,13544.0,420.0,410.0,530.0,540.0,1041.0,17.0,24.0,20.0,Valley City State University,Valley City,ND,Midwest,Bachelor,Graduate
22732.0,11350.0,11350.0,,,,,,,,,ETI Technical College of Niles,Niles,OH,Midwest,Certificate,Associate
27417.0,13450.0,13450.0,,,,,,,,,Herzing University-Akron,Akron,OH,Midwest,Associate,Bachelor
26284.0,13135.0,20815.0,460.0,440.0,600.0,590.0,1081.0,17.0,25.0,,University of Akron Main Campus,Akron,OH,Midwest,Bachelor,Graduate
15993.0,7723.0,15403.0,440.0,390.0,550.0,550.0,1040.0,16.0,23.0,,University of Akron Wayne College,Orrville,OH,Midwest,Bachelor,Bachelor
14612.0,6800.0,6800.0,,,,,,,,,Allegheny Wesleyan College,Salem,OH,Midwest,Bachelor,Bachelor
53879.0,41375.0,41375.0,,,,,,,,,Art Academy of Cincinnati,Cincinnati,OH,Midwest,Bachelor,Graduate
43434.0,31210.0,31210.0,505.0,530.0,610.0,598.0,1120.0,20.0,25.0,23.0,Ashland University,Ashland,OH,Midwest,Bachelor,Graduate
28979.0,20230.0,20230.0,,,,,1020.0,15.0,25.0,21.0,Aultman College of Nursing and Health Sciences,Canton,OH,Midwest,Associate,Bachelor
55606.0,39832.0,39832.0,550.0,510.0,650.0,640.0,1194.0,22.0,29.0,24.0,Baldwin Wallace University,Berea,OH,Midwest,Bachelor,Graduate
12680.0,4698.0,7200.0,,,,,,,,,Belmont College,St Clairsville,OH,Midwest,Associate,Associate
51862.0,37362.0,37362.0,430.0,430.0,550.0,580.0,976.0,16.0,22.0,,Bluffton University,Bluffton,OH,Midwest,Bachelor,Graduate
22070.0,6407.0,14395.0,,,,,,,,,Bowling Green State University-Firelands,Huron,OH,Midwest,Associate,Bachelor
33007.0,14460.0,22448.0,500.0,500.0,610.0,600.0,1117.0,19.0,26.0,23.0,Bowling Green State University-Main Campus,Bowling Green,OH,Midwest,Bachelor,Graduate
23917.0,19580.0,19580.0,,,,,,,,,Bryant & Stratton College-Parma,Parma,OH,Midwest,Associate,Bachelor
57130.0,43234.0,43234.0,450.0,460.0,590.0,590.0,1068.0,18.0,25.0,23.0,Capital University,Columbus,OH,Midwest,Bachelor,Graduate
85851.0,66608.0,66608.0,700.0,730.0,760.0,780.0,1513.0,32.0,34.0,34.0,Case Western Reserve University,Cleveland,OH,Midwest,Bachelor,Graduate
49320.0,37150.0,37150.0,580.0,550.0,690.0,670.0,1241.0,22.0,29.0,26.0,Cedarville University,Cedarville,OH,Midwest,Bachelor,Graduate
14764.0,5256.0,8016.0,,,,,,,,,Central Ohio Technical College,Newark,OH,Midwest,Associate,Bachelor
21929.0,8058.0,10058.0,,,,,,,,16.0,Central State University,Wilberforce,OH,Midwest,Bachelor,Graduate
23858.0,14415.0,14415.0,,,,,,,,,Choffin Career  and Technical Center,Youngstown,OH,Midwest,Certificate,Certificate
28094.0,16836.0,16836.0,,,,,1090.0,15.0,25.0,20.0,The Christ College of Nursing and Health Sciences,Cincinnati,OH,Midwest,Bachelor,Bachelor
32171.0,13976.0,29310.0,570.0,590.0,670.0,700.0,1282.0,24.0,29.0,27.0,University of Cincinnati-Main Campus,Cincinnati,OH,Midwest,Bachelor,Graduate
12229.0,5517.0,10044.0,,,,,,,,,Cincinnati State Technical and Community College,Cincinnati,OH,Midwest,Certificate,Bachelor
19165.0,6750.0,13982.0,,,,,,,,,University of Cincinnati-Clermont College,Batavia,OH,Midwest,Associate,Bachelor
21784.0,7200.0,15998.0,,,,,,,,,University of Cincinnati-Blue Ash College,Blue Ash,OH,Midwest,Associate,Bachelor
35017.0,24600.0,24600.0,,,,,,,,,Ohio Christian University,Circleville,OH,Midwest,Bachelor,Graduate
16812.0,4393.0,8049.0,,,,,,,,,Clark State College,Springfield,OH,Midwest,Certificate,Bachelor
64587.0,49400.0,49400.0,500.0,480.0,660.0,620.0,1193.0,23.0,29.0,23.0,Cleveland Institute of Art,Cleveland,OH,Midwest,Bachelor,Bachelor
61212.0,52880.0,52880.0,,,,,,,,,Cleveland Institute of Music,Cleveland,OH,Midwest,Bachelor,Graduate
27159.0,12988.0,18510.0,,,,,,,,23.0,Cleveland State University,Cleveland,OH,Midwest,Bachelor,Graduate
54443.0,40825.0,40825.0,,,,,,,,,Columbus College of Art & Design,Columbus,OH,Midwest,Bachelor,Graduate
13381.0,5488.0,11224.0,,,,,,,,,Columbus State Community College,Columbus,OH,Midwest,Certificate,Bachelor
11189.0,3249.0,7249.0,,,,,,,,,Cuyahoga Community College District,Cleveland,OH,Midwest,Certificate,Associate
29862.0,14130.0,14130.0,,,,,,,,,Davis College,Toledo,OH,Midwest,Certificate,Associate
65881.0,49140.0,49140.0,600.0,600.0,690.0,690.0,1335.0,25.0,31.0,26.0,University of Dayton,Dayton,OH,Midwest,Bachelor,Graduate
53667.0,29320.0,29320.0,,,,,,,,20.0,Defiance College,Defiance,OH,Midwest,Bachelor,Graduate
81900.0,67000.0,67000.0,660.0,660.0,730.0,760.0,1410.0,30.0,33.0,30.0,Denison University,Granville,OH,Midwest,Bachelor,Bachelor
13472.0,4499.0,8346.0,,,,,,,,,Edison State Community College,Piqua,OH,Midwest,Certificate,Associate
54580.0,41164.0,41164.0,,,,,,,,23.0,The University of Findlay,Findlay,OH,Midwest,Bachelor,Graduate
30696.0,9577.0,9577.0,,,,,,,,,Franklin University,Columbus,OH,Midwest,Bachelor,Graduate
18358.0,7710.0,7710.0,,,,,,,,,Gods Bible School and College,Cincinnati,OH,Midwest,Associate,Graduate
26627.0,15470.0,15470.0,,,,,,,,21.0,Good Samaritan College of Nursing and Health Science,Cincinnati,OH,Midwest,Associate,Bachelor
47025.0,33650.0,33650.0,,,,,,,,22.0,Heidelberg University,Tiffin,OH,Midwest,Bachelor,Graduate
40572.0,27600.0,27600.0,,,,,,,,,Hiram College,Hiram,OH,Midwest,Bachelor,Graduate
19171.0,5540.0,10290.0,,,,,,,,,Hocking College,Nelsonville,OH,Midwest,Associate,Associate
65827.0,50500.0,50500.0,600.0,580.0,660.0,670.0,1298.0,25.0,32.0,27.0,John Carroll University,University Heights,OH,Midwest,Bachelor,Graduate
30681.0,14817.0,14817.0,,,,,,,,,Hondros College of Nursing,Columbus,OH,Midwest,Certificate,Associate
17513.0,7492.0,17342.0,,,,,,,,,Kent State University at Ashtabula,Ashtabula,OH,Midwest,Associate,Bachelor
18635.0,7492.0,17342.0,,,,,,,,,Kent State University at East Liverpool,East Liverpool,OH,Midwest,Associate,Bachelor
15936.0,7492.0,17342.0,,,,,,,,,Kent State University at Stark,North Canton,OH,Midwest,Associate,Bachelor
18371.0,7492.0,17342.0,,,,,,,,,Kent State University at Trumbull,Warren,OH,Midwest,Associate,Bachelor
17539.0,7492.0,17342.0,,,,,,,,,Kent State University at Tuscarawas,New Philadelphia,OH,Midwest,Associate,Bachelor
18446.0,7492.0,17342.0,,,,,,,,,Kent State University at Salem,Salem,OH,Midwest,Associate,Bachelor
30567.0,13232.0,23082.0,510.0,500.0,630.0,610.0,1099.0,18.0,25.0,22.0,Kent State University at Kent,Kent,OH,Midwest,Bachelor,Graduate
16480.0,7492.0,17342.0,,,,,,,,,Kent State University at Geauga,Burton,OH,Midwest,Associate,Bachelor
87590.0,71520.0,71520.0,680.0,678.0,743.0,760.0,1429.0,31.0,33.0,33.0,Kenyon College,Gambier,OH,Midwest,Bachelor,Bachelor
32839.0,16320.0,16320.0,,,,,1050.0,19.0,24.0,20.0,Kettering College,Kettering,OH,Midwest,Bachelor,Graduate
50790.0,37634.0,37634.0,,,,,,,,20.0,Lake Erie College,Painesville,OH,Midwest,Bachelor,Graduate
11859.0,3872.0,9235.0,,,,,,,,,Lakeland Community College,Kirtland,OH,Midwest,Associate,Associate
14578.0,4560.0,9120.0,,,,,,,,,James A. Rhodes State College,Lima,OH,Midwest,Certificate,Bachelor
34607.0,11534.0,11534.0,,,,,,,,,Ohio Business College-Sheffield,Sheffield Village,OH,Midwest,Certificate,Associate
9860.0,4265.0,8860.0,,,,,,,,,Lorain County Community College,Elyria,OH,Midwest,Certificate,Bachelor
45378.0,29500.0,29500.0,,,,,,,,20.0,Lourdes University,Sylvania,OH,Midwest,Bachelor,Graduate
49754.0,37160.0,37160.0,470.0,460.0,590.0,590.0,1081.0,18.0,24.0,21.0,Malone University,Canton,OH,Midwest,Bachelor,Graduate
53709.0,39652.0,39652.0,510.0,530.0,600.0,600.0,1088.0,17.0,24.0,21.0,Marietta College,Marietta,OH,Midwest,Bachelor,Graduate
13026.0,6595.0,11225.0,,,,,,,,,Marion Technical College,Marion,OH,Midwest,Associate,Bachelor
30260.0,19470.0,19470.0,410.0,380.0,510.0,500.0,947.0,15.0,20.0,19.0,Mercy College of Ohio,Toledo,OH,Midwest,Bachelor,Graduate
15352.0,7491.0,19407.0,,,,,,,,,Miami University-Hamilton,Hamilton,OH,Midwest,Bachelor,Graduate
14890.0,7491.0,19407.0,,,,,,,,,Miami University-Middletown,Middletown,OH,Midwest,Bachelor,Bachelor
38757.0,18161.0,41221.0,610.0,610.0,690.0,700.0,1317.0,25.0,30.0,27.0,Miami University-Oxford,Oxford,OH,Midwest,Bachelor,Graduate
21446.0,22080.0,22080.0,,,,,,,,19.0,Mount Carmel College of Nursing,Columbus,OH,Midwest,Bachelor,Graduate
49276.0,36600.0,36600.0,460.0,450.0,620.0,620.0,1088.0,18.0,25.0,22.0,University of Mount Union,Alliance,OH,Midwest,Bachelor,Graduate
49858.0,37158.0,37158.0,528.0,518.0,645.0,670.0,1131.0,18.0,25.0,22.0,Mount Vernon Nazarene University,Mount Vernon,OH,Midwest,Bachelor,Graduate
46719.0,38150.0,38150.0,470.0,460.0,580.0,560.0,1183.0,20.0,28.0,24.0,Mount St. Joseph University,Cincinnati,OH,Midwest,Bachelor,Graduate
13935.0,6006.0,11766.0,,,,,,,,,Zane State College,Zanesville,OH,Midwest,Associate,Bachelor
44658.0,32665.0,32665.0,460.0,450.0,560.0,545.0,1017.0,17.0,22.0,,Muskingum University,New Concord,OH,Midwest,Bachelor,Graduate
10118.0,4624.0,9103.0,,,,,,,,,North Central State College,Mansfield,OH,Midwest,Associate,Bachelor
17994.0,4698.0,9170.0,,,,,,,,,Northwest State Community College,Archbold,OH,Midwest,Associate,Associate
26266.0,13875.0,13875.0,,,,,,,,,University of Northwestern Ohio,Lima,OH,Midwest,Associate,Graduate
87404.0,67366.0,67366.0,700.0,660.0,760.0,760.0,1447.0,31.0,34.0,32.0,Oberlin College,Oberlin,OH,Midwest,Bachelor,Graduate
47621.0,35720.0,35720.0,,,,,,,,,Ohio Dominican University,Columbus,OH,Midwest,Bachelor,Graduate
53580.0,39800.0,39800.0,585.0,590.0,690.0,710.0,1252.0,24.0,29.0,25.0,Ohio Northern University,Ada,OH,Midwest,Bachelor,Graduate
24595.0,9584.0,36362.0,,,,,,,,,Ohio State University Agricultural Technical Institute,Wooster,OH,Midwest,Associate,Associate
19487.0,9488.0,36266.0,,,,,,,,,Ohio State University-Lima Campus,Lima,OH,Midwest,Bachelor,Bachelor
23623.0,9488.0,36266.0,,,,,,,,,Ohio State University-Mansfield Campus,Mansfield,OH,Midwest,Associate,Bachelor
18928.0,9488.0,36266.0,,,,,,,,,Ohio State University-Marion Campus,Marion,OH,Midwest,Associate,Bachelor
22063.0,9488.0,36266.0,,,,,,,,,Ohio State University-Newark Campus,Newark,OH,Midwest,Associate,Bachelor
30305.0,13244.0,40022.0,640.0,670.0,720.0,760.0,1387.0,28.0,32.0,29.0,Ohio State University-Main Campus,Columbus,OH,Midwest,Bachelor,Graduate
10777.0,6362.0,9444.0,,,,,,,,,Ohio University-Eastern Campus,Saint Clairsville,OH,Midwest,Bachelor,Bachelor
11356.0,6362.0,9444.0,,,,,,,,,Ohio University-Chillicothe Campus,Chillicothe,OH,Midwest,Associate,Bachelor
11607.0,6362.0,9444.0,,,,,,,,,Ohio University-Southern Campus,Ironton,OH,Midwest,Associate,Bachelor
10984.0,6362.0,9444.0,,,,,,,,,Ohio University-Lancaster Campus,Lancaster,OH,Midwest,Bachelor,Bachelor
30586.0,14158.0,24838.0,550.0,540.0,650.0,640.0,1212.0,22.0,28.0,25.0,Ohio University-Main Campus,Athens,OH,Midwest,Bachelor,Graduate
11041.0,6362.0,9444.0,,,,,,,,,Ohio University-Zanesville Campus,Zanesville,OH,Midwest,Associate,Bachelor
22500.0,14798.0,14798.0,,,,,,,,,East Ohio College,East Liverpool,OH,Midwest,Associate,Associate
14032.0,9619.0,10453.0,,,,,,,,,Trinity Health System School of Nursing,Steubenville,OH,Midwest,Certificate,Certificate
68424.0,53888.0,53888.0,,,,,,,,25.0,Ohio Wesleyan University,Delaware,OH,Midwest,Bachelor,Bachelor
48321.0,35548.0,35548.0,,,,,1220.0,22.0,28.0,23.0,Otterbein University,Westerville,OH,Midwest,Bachelor,Graduate
14436.0,5870.0,10502.0,,,,,,,,,Owens Community College,Perrysburg,OH,Midwest,Certificate,Associate
27427.0,15884.0,15884.0,,,,,,,,,Professional Skills Institute,Maumee,OH,Midwest,Associate,Bachelor
25000.0,18000.0,18000.0,,,,,,,,,Rabbinical College Telshe,Wickliffe,OH,Midwest,Bachelor,Bachelor
35305.0,14440.0,14440.0,,,,,,,,,Fortis College-Centerville,Centerville,OH,Midwest,Certificate,Associate
33716.0,20560.0,20560.0,,,,,,,,,University of Rio Grande,Rio Grande,OH,Midwest,Associate,Graduate
47229.0,31468.0,31468.0,,,,,,,,,The Modern College of Design,Kettering,OH,Midwest,Associate,Bachelor
21974.0,10626.0,17358.0,,,,,,,,,Shawnee State University,Portsmouth,OH,Midwest,Bachelor,Graduate
11003.0,3675.0,8556.0,,,,,,,,,Sinclair Community College,Dayton,OH,Midwest,Certificate,Bachelor
10755.0,4790.0,7886.0,,,,,,,,,Stark State College,North Canton,OH,Midwest,Certificate,Associate
27696.0,16699.0,16699.0,,,,,,,,,Stautzenberger College-Maumee,Maumee,OH,Midwest,Certificate,Associate
44580.0,34100.0,34100.0,590.0,520.0,700.0,650.0,1220.0,22.0,29.0,25.0,Franciscan University of Steubenville,Steubenville,OH,Midwest,Bachelor,Graduate
15244.0,5912.0,10818.0,,,,,,,,,Southern State Community College,Hillsboro,OH,Midwest,Associate,Associate
23647.0,5748.0,8544.0,,,,,,,,,Terra State Community College,Fremont,OH,Midwest,Certificate,Associate
48004.0,34790.0,34790.0,470.0,440.0,555.0,555.0,986.0,15.0,21.0,,Tiffin University,Tiffin,OH,Midwest,Bachelor,Graduate
26512.0,12744.0,22104.0,550.0,550.0,650.0,650.0,1235.0,23.0,29.0,25.0,University of Toledo,Toledo,OH,Midwest,Bachelor,Graduate
50523.0,38990.0,38990.0,523.0,483.0,578.0,555.0,1097.0,20.0,26.0,23.0,Ursuline College,Pepper Pike,OH,Midwest,Bachelor,Graduate
47575.0,35745.0,35745.0,510.0,530.0,630.0,650.0,1193.0,20.0,27.0,23.0,Walsh University,North Canton,OH,Midwest,Bachelor,Graduate
12847.0,4128.0,4152.0,,,,,,,,,Washington State College of Ohio,Marietta,OH,Midwest,Associate,Bachelor
25676.0,16448.0,16448.0,,,,,,,,18.0,Wilberforce University,Wilberforce,OH,Midwest,Bachelor,Graduate
43431.0,32082.0,32082.0,450.0,400.0,610.0,610.0,1029.0,16.0,23.0,20.0,Wilmington College,Wilmington,OH,Midwest,Bachelor,Graduate
57799.0,45940.0,45940.0,500.0,480.0,650.0,625.0,1179.0,21.0,28.0,23.0,Wittenberg University,Springfield,OH,Midwest,Bachelor,Graduate
75656.0,61640.0,61640.0,630.0,590.0,740.0,720.0,1353.0,27.0,33.0,29.0,The College of Wooster,Wooster,OH,Midwest,Bachelor,Bachelor
24373.0,11522.0,21222.0,,,,,,,,21.0,Wright State University-Main Campus,Dayton,OH,Midwest,Bachelor,Graduate
16340.0,7728.0,17428.0,,,,,,,,21.0,Wright State University-Lake Campus,Celina,OH,Midwest,Bachelor,Bachelor
65476.0,50640.0,50640.0,553.0,550.0,660.0,650.0,1217.0,22.0,29.0,25.0,Xavier University,Cincinnati,OH,Midwest,Bachelor,Graduate
21708.0,11113.0,11473.0,510.0,500.0,620.0,610.0,1120.0,19.0,25.0,21.0,Youngstown State University,Youngstown,OH,Midwest,Bachelor,Graduate
44743.0,33550.0,33550.0,,,,,,,,20.0,Oklahoma Wesleyan University,Bartlesville,OK,Southwest,Bachelor,Graduate
46465.0,31190.0,31190.0,,,,,,,,,Southern Nazarene University,Bethany,OK,Southwest,Bachelor,Graduate
19862.0,7095.0,16515.0,,,,,,,,,Cameron University,Lawton,OK,Southwest,Bachelor,Graduate
23617.0,4380.0,9098.0,,,,,,,,,Carl Albert State College,Poteau,OK,Southwest,Associate,Associate
26392.0,8818.0,19704.0,,,,,1090.0,18.0,24.0,21.0,University of Central Oklahoma,Edmond,OK,Southwest,Bachelor,Graduate
17957.0,3792.0,7530.0,,,,,,,,,Connors State College,Warner,OK,Southwest,Certificate,Associate
18459.0,8032.0,17842.0,460.0,440.0,560.0,560.0,1049.0,17.0,24.0,20.0,East Central University,Ada,OK,Southwest,Bachelor,Graduate
18546.0,4947.0,8384.0,,,,,,,,,Eastern Oklahoma State College,Wilburton,OK,Southwest,Associate,Associate
15510.0,5385.0,7951.0,,,,,,,,,Redlands Community College,El Reno,OK,Southwest,Associate,Associate
26126.0,17714.0,17714.0,,,,,980.0,16.0,20.0,18.0,Randall University,Moore,OK,Southwest,Bachelor,Graduate
21394.0,6863.0,14616.0,,,,,,,,,Langston University,Langston,OK,Southwest,Associate,Graduate
20726.0,7230.0,11430.0,,,,,,,,,Murray State College,Tishomingo,OK,Southwest,Associate,Bachelor
36273.0,20940.0,20940.0,,,,,,,,,Spartan College of Aeronautics and Technology,Tulsa,OK,Southwest,Associate,Bachelor
21551.0,7810.0,17290.0,438.0,428.0,593.0,543.0,1049.0,18.0,23.0,20.0,Northeastern State University,Tahlequah,OK,Southwest,Bachelor,Graduate
15242.0,5083.0,12202.0,,,,,,,,,Northern Oklahoma College,Tonkawa,OK,Southwest,Associate,Associate
18885.0,5213.0,11363.0,,,,,,,,,Northeastern Oklahoma A&M College,Miami,OK,Southwest,Associate,Associate
18672.0,5970.0,11664.0,420.0,383.0,518.0,518.0,1003.0,16.0,21.0,20.0,Northwestern Oklahoma State University,Alva,OK,Southwest,Bachelor,Graduate
39106.0,27180.0,27180.0,500.0,510.0,640.0,630.0,1122.0,19.0,26.0,23.0,Oklahoma Christian University,Edmond,OK,Southwest,Bachelor,Graduate
15055.0,8092.0,8673.0,,,,,,,,,Oklahoma Panhandle State University,Goodwell,OK,Southwest,Bachelor,Bachelor
28290.0,10234.0,25754.0,530.0,510.0,630.0,620.0,1150.0,20.0,27.0,24.0,Oklahoma State University-Main Campus,Stillwater,OK,Southwest,Bachelor,Graduate
12881.0,3779.0,9564.0,,,,,,,,,Oklahoma State University-Oklahoma City,Oklahoma City,OK,Southwest,Associate,Bachelor
48695.0,35570.0,35570.0,540.0,530.0,630.0,610.0,1024.0,17.0,19.0,22.0,Oklahoma Baptist University,Shawnee,OK,Southwest,Bachelor,Graduate
11439.0,4059.0,9810.0,,,,,,,,,Oklahoma City Community College,Oklahoma City,OK,Southwest,Associate,Associate
47247.0,35648.0,35648.0,540.0,510.0,650.0,610.0,1177.0,21.0,27.0,25.0,Oklahoma City University,Oklahoma City,OK,Southwest,Bachelor,Graduate
28872.0,9797.0,27377.0,580.0,560.0,670.0,660.0,1246.0,23.0,29.0,26.0,University of Oklahoma-Norman Campus,Norman,OK,Southwest,Bachelor,Graduate
17256.0,5774.0,11384.0,,,,,,,,,Oklahoma State University Institute of Technology,Okmulgee,OK,Southwest,Associate,Bachelor
50004.0,35470.0,35470.0,580.0,540.0,660.0,650.0,1196.0,22.0,28.0,23.0,Oral Roberts University,Tulsa,OK,Southwest,Bachelor,Graduate
21064.0,7750.0,16410.0,,,,,,,,,Rogers State University,Claremore,OK,Southwest,Bachelor,Graduate
18655.0,5030.0,11407.0,,,,,,,,,Rose State College,Midwest City,OK,Southwest,Associate,Associate
20662.0,9000.0,20190.0,580.0,510.0,700.0,580.0,1152.0,21.0,26.0,,University of Science and Arts of Oklahoma,Chickasha,OK,Southwest,Bachelor,Bachelor
23353.0,5460.0,11790.0,,,,,,,,,Seminole State College,Seminole,OK,Southwest,Associate,Associate
18594.0,7530.0,16740.0,490.0,490.0,593.0,593.0,1087.0,18.0,24.0,20.0,Southeastern Oklahoma State University,Durant,OK,Southwest,Bachelor,Graduate
33305.0,21900.0,21900.0,,,,,,,,,Southwestern Christian University,Bethany,OK,Southwest,Bachelor,Graduate
23334.0,8469.0,8499.0,,,,,,,,20.0,Southwestern Oklahoma State University,Weatherford,OK,Southwest,Bachelor,Graduate
12900.0,3792.0,9720.0,,,,,,,,,Tulsa Community College,Tulsa,OK,Southwest,Associate,Associate
64459.0,50061.0,50061.0,610.0,613.0,760.0,770.0,1389.0,25.0,34.0,26.0,University of Tulsa,Tulsa,OK,Southwest,Bachelor,Graduate
15372.0,5586.0,9954.0,,,,,,,,,Western Oklahoma State College,Altus,OK,Southwest,Associate,Associate
20650.0,7076.0,9754.0,,,,,,,,,Blue Mountain Community College,Pendleton,OR,Northwest,Associate,Associate
19753.0,5049.0,13545.0,,,,,,,,,Central Oregon Community College,Bend,OR,Northwest,Associate,Associate
16151.0,6345.0,14040.0,,,,,,,,,Chemeketa Community College,Salem,OR,Northwest,Associate,Bachelor
11085.0,6345.0,14265.0,,,,,,,,,Clackamas Community College,Oregon City,OR,Northwest,Associate,Associate
18567.0,5110.0,9610.0,,,,,,,,,Clatsop Community College,Astoria,OR,Northwest,Associate,Associate
26718.0,11076.0,25431.0,,,,,,,,,Eastern Oregon University,La Grande,OR,Northwest,Bachelor,Graduate
30849.0,17620.0,17620.0,,,,,,,,,New Hope Christian College-Eugene,Eugene,OR,Northwest,Bachelor,Bachelor
58644.0,42750.0,42750.0,560.0,510.0,680.0,660.0,1197.0,20.0,29.0,23.0,George Fox University,Newberg,OR,Northwest,Bachelor,Graduate
18699.0,6202.0,13078.0,,,,,,,,,Lane Community College,Eugene,OR,Northwest,Associate,Associate
79987.0,64828.0,64828.0,,,,,,,,30.0,Lewis & Clark College,Portland,OR,Northwest,Bachelor,Graduate
65935.0,50850.0,50850.0,,,,,,,,,Linfield University,McMinnville,OR,Northwest,Bachelor,Graduate
18789.0,7317.0,15901.0,,,,,,,,,Linn-Benton Community College,Albany,OR,Northwest,Associate,Associate
17462.0,5247.0,9819.0,,,,,,,,,Mt Hood Community College,Gresham,OR,Northwest,Associate,Associate
47143.0,35800.0,35800.0,,,,,1020.0,18.0,20.0,18.0,Bushnell University,Eugene,OR,Northwest,Bachelor,Graduate
27524.0,13260.0,37196.0,500.0,500.0,650.0,620.0,1150.0,18.0,27.0,25.0,Oregon Institute of Technology,Klamath Falls,OR,Northwest,Bachelor,Graduate
31653.0,14400.0,38190.0,580.0,560.0,700.0,700.0,1290.0,24.0,31.0,25.0,Oregon State University,Corvallis,OR,Northwest,Bachelor,Graduate
34793.0,16137.0,44598.0,580.0,550.0,690.0,670.0,1272.0,23.0,30.0,,University of Oregon,Eugene,OR,Northwest,Bachelor,Graduate
70376.0,49006.0,49006.0,,,,,,,,,Pacific Northwest College of Art,Portland,OR,Northwest,Bachelor,Graduate
72374.0,56374.0,56374.0,480.0,420.0,630.0,610.0,1090.0,18.0,29.0,23.0,Pacific University,Forest Grove,OR,Northwest,Bachelor,Graduate
17934.0,5220.0,10440.0,,,,,,,,,Portland Community College,Portland,OR,Northwest,Associate,Associate
21590.0,11679.0,31074.0,,,,,,,,21.0,Portland State University,Portland,OR,Northwest,Bachelor,Graduate
73224.0,58100.0,58100.0,580.0,580.0,670.0,700.0,1277.0,25.0,31.0,29.0,University of Portland,Portland,OR,Northwest,Bachelor,Graduate
86376.0,69350.0,69350.0,680.0,610.0,750.0,770.0,1437.0,30.0,34.0,,Reed College,Portland,OR,Northwest,Bachelor,Graduate
18962.0,5256.0,6300.0,,,,,,,,,Rogue Community College,Grants Pass,OR,Northwest,Associate,Associate
27636.0,12762.0,31887.0,,,,,,,,22.0,Southern Oregon University,Ashland,OR,Northwest,Bachelor,Graduate
16274.0,7192.0,7192.0,,,,,,,,,Southwestern Oregon Community College,Coos Bay,OR,Northwest,Associate,Associate
14990.0,6345.0,6795.0,,,,,,,,,Treasure Valley Community College,Ontario,OR,Northwest,Certificate,Associate
17440.0,6104.0,6104.0,,,,,,,,,Umpqua Community College,Roseburg,OR,Northwest,Certificate,Associate
38948.0,22220.0,22220.0,,,,,,,,,Warner Pacific University,Portland,OR,Northwest,Bachelor,Bachelor
52019.0,40280.0,40280.0,,,,,,,,24.0,Corban University,Salem,OR,Northwest,Bachelor,Graduate
67501.0,51156.0,51156.0,640.0,600.0,730.0,710.0,1377.0,28.0,33.0,,Willamette University,Salem,OR,Northwest,Bachelor,Graduate
25062.0,11879.0,32534.0,,,,,,,,,Western Oregon University,Monmouth,OR,Northwest,Bachelor,Graduate
41093.0,28917.0,28917.0,,,,,,,,28.0,Bryn Athyn College of the New Church,Bryn Athyn,PA,Northeast,Bachelor,Graduate
43711.0,29082.0,29082.0,,,,,,,,,Albright College,Reading,PA,Northeast,Bachelor,Graduate
19716.0,4842.0,12583.0,,,,,,,,,Community College of Allegheny County,Pittsburgh,PA,Northeast,Associate,Associate
71348.0,56550.0,56550.0,610.0,563.0,690.0,668.0,1275.0,25.0,30.0,26.0,Allegheny College,Meadville,PA,Northeast,Bachelor,Bachelor
62745.0,46800.0,46800.0,550.0,540.0,640.0,620.0,1186.0,27.0,28.0,26.0,DeSales University,Center Valley,PA,Northeast,Bachelor,Graduate
57565.0,45000.0,45000.0,570.0,523.0,658.0,628.0,1170.0,,,,Alvernia University,Reading,PA,Northeast,Bachelor,Graduate
12556.0,7500.0,20700.0,,,,,,,,,Community College of Beaver County,Monaca,PA,Northeast,Associate,Associate
64645.0,49610.0,49610.0,550.0,515.0,650.0,615.0,1190.0,,,25.0,Arcadia University,Glenside,PA,Northeast,Bachelor,Graduate
83250.0,65920.0,65920.0,660.0,620.0,750.0,760.0,1396.0,29.0,33.0,,Bryn Mawr College,Bryn Mawr,PA,Northeast,Bachelor,Graduate
83756.0,67812.0,67812.0,650.0,660.0,730.0,740.0,1410.0,30.0,33.0,31.0,Bucknell University,Lewisburg,PA,Northeast,Bachelor,Graduate
11688.0,5683.0,13963.0,,,,,,,,,Bucks County Community College,Newtown,PA,Northeast,Associate,Associate
12340.0,5910.0,12000.0,,,,,,,,,Butler County Community College,Butler,PA,Northeast,Associate,Associate
49327.0,35874.0,35874.0,500.0,460.0,598.0,570.0,1080.0,,,23.0,Carlow University,Pittsburgh,PA,Northeast,Bachelor,Graduate
83654.0,66246.0,66246.0,730.0,770.0,770.0,800.0,1546.0,34.0,35.0,34.0,Carnegie Mellon University,Pittsburgh,PA,Northeast,Bachelor,Graduate
57206.0,46314.0,46314.0,,,,,,,,25.0,Cedar Crest College,Allentown,PA,Northeast,Bachelor,Graduate
27116.0,19854.0,19854.0,,,,,,,,,Central Penn College,Summerdale,PA,Northeast,Certificate,Graduate
61261.0,44626.0,44626.0,550.0,520.0,670.0,625.0,1198.0,21.0,30.0,,Chatham University,Pittsburgh,PA,Northeast,Bachelor,Graduate
58168.0,39870.0,39870.0,,,,,,,,,Chestnut Hill College,Philadelphia,PA,Northeast,Bachelor,Graduate
26782.0,10904.0,18870.0,,,,,,,,,Cheyney University of Pennsylvania,Cheyney,PA,Northeast,Bachelor,Bachelor
13530.0,6930.0,15540.0,,,,,,,,,Delaware County Community College,Media,PA,Northeast,Associate,Associate
59933.0,44850.0,44850.0,560.0,530.0,663.0,640.0,1204.0,23.0,30.0,26.0,Delaware Valley University,Doylestown,PA,Northeast,Bachelor,Graduate
82902.0,65650.0,65650.0,670.0,640.0,740.0,720.0,1391.0,30.0,33.0,,Dickinson College,Carlisle,PA,Northeast,Bachelor,Graduate
32767.0,19450.0,19450.0,,,,,,,,,Douglas Education Center,Monessen,PA,Northeast,Certificate,Associate
76835.0,62412.0,62412.0,620.0,620.0,700.0,740.0,1345.0,27.0,32.0,29.0,Drexel University,Philadelphia,PA,Northeast,Bachelor,Graduate
67776.0,48986.0,48986.0,600.0,580.0,670.0,670.0,1276.0,26.0,32.0,27.0,Duquesne University,Pittsburgh,PA,Northeast,Bachelor,Graduate
27917.0,11536.0,19502.0,500.0,500.0,590.0,590.0,1084.0,22.0,23.0,23.0,East Stroudsburg University of Pennsylvania,East Stroudsburg,PA,Northeast,Bachelor,Graduate
55001.0,38400.0,38400.0,,,,,,,,,Eastern University,Saint Davids,PA,Northeast,Bachelor,Graduate
50865.0,37950.0,37950.0,560.0,545.0,660.0,650.0,1204.0,26.0,31.0,26.0,Elizabethtown College,Elizabethtown,PA,Northeast,Bachelor,Graduate
38471.0,15264.0,15264.0,,,,,,,,,Erie Institute of Technology Inc,Erie,PA,Northeast,Certificate,Associate
85776.0,70794.0,70794.0,660.0,650.0,730.0,733.0,1392.0,30.0,33.0,,Franklin and Marshall College,Lancaster,PA,Northeast,Bachelor,Bachelor
52869.0,40656.0,40656.0,,,,,,,,24.0,Gannon University,Erie,PA,Northeast,Bachelor,Graduate
45407.0,33450.0,33450.0,,,,,,,,,Geneva College,Beaver Falls,PA,Northeast,Bachelor,Graduate
81960.0,66640.0,66640.0,640.0,630.0,720.0,740.0,1379.0,29.0,32.0,30.0,Gettysburg College,Gettysburg,PA,Northeast,Bachelor,Graduate
55786.0,40122.0,40122.0,530.0,493.0,598.0,588.0,1090.0,,,,Gwynedd Mercy University,Gwynedd Valley,PA,Northeast,Bachelor,Graduate
42997.0,32000.0,32000.0,,,,,,,,,Harcum College,Bryn Mawr,PA,Northeast,Associate,Associate
18369.0,6975.0,12472.0,,,,,,,,,Harrisburg Area Community College,Harrisburg,PA,Northeast,Associate,Associate
90382.0,70688.0,70688.0,720.0,740.0,770.0,780.0,1513.0,33.0,35.0,34.0,Haverford College,Haverford,PA,Northeast,Bachelor,Bachelor
20876.0,7714.0,7714.0,,,,,,,,,Commonwealth Technical Institute,Johnstown,PA,Northeast,Certificate,Associate
40539.0,35330.0,35330.0,480.0,430.0,580.0,570.0,1060.0,,,21.0,Holy Family University,Philadelphia,PA,Northeast,Bachelor,Graduate
43979.0,29330.0,29330.0,578.0,578.0,660.0,663.0,1260.0,,,25.0,Immaculata University,Immaculata,PA,Northeast,Bachelor,Graduate
26898.0,11380.0,16297.0,490.0,480.0,600.0,580.0,1082.0,20.0,27.0,21.0,Indiana University of Pennsylvania,Indiana,PA,Northeast,Bachelor,Graduate
29863.0,15940.0,15940.0,,,,,,,,,UPMC Jameson School of Nursing,New Castle,PA,Northeast,Certificate,Certificate
27354.0,21225.0,21225.0,,,,,,,,,Johnson College,Scranton,PA,Northeast,Associate,Associate
71850.0,58580.0,58580.0,570.0,560.0,670.0,650.0,1227.0,22.0,30.0,,Juniata College,Huntingdon,PA,Northeast,Bachelor,Graduate
32071.0,18300.0,18300.0,,,,,,,,,Keystone College,La Plume,PA,Northeast,Bachelor,Graduate
57973.0,44100.0,44100.0,540.0,530.0,650.0,620.0,1170.0,,,,King's College,Wilkes-Barre,PA,Northeast,Bachelor,Graduate
29866.0,11314.0,16068.0,570.0,550.0,670.0,640.0,1210.0,,,21.0,Kutztown University of Pennsylvania,Kutztown,PA,Northeast,Bachelor,Graduate
47111.0,34052.0,34052.0,480.0,460.0,600.0,600.0,1055.0,15.0,22.0,21.0,La Roche University,Pittsburgh,PA,Northeast,Bachelor,Graduate
48337.0,37800.0,37800.0,,,,,,,,,La Salle University,Philadelphia,PA,Northeast,Bachelor,Graduate
28770.0,18400.0,18400.0,,,,,,,,,Lackawanna College,Scranton,PA,Northeast,Associate,Bachelor
83133.0,65398.0,65398.0,670.0,680.0,740.0,760.0,1424.0,31.0,33.0,32.0,Lafayette College,Easton,PA,Northeast,Bachelor,Bachelor
44066.0,29990.0,29990.0,530.0,540.0,665.0,615.0,1180.0,,,23.0,Lancaster Bible College,Lancaster,PA,Northeast,Bachelor,Graduate
31825.0,12150.0,12150.0,,,,,,,,,Lansdale School of Business,North Wales,PA,Northeast,Certificate,Associate
66497.0,52080.0,52080.0,580.0,560.0,652.0,650.0,1240.0,,,,Lebanon Valley College,Annville,PA,Northeast,Bachelor,Graduate
15405.0,5280.0,13270.0,,,,,,,,,Lehigh Carbon Community College,Schnecksville,PA,Northeast,Associate,Associate
80856.0,64980.0,64980.0,680.0,690.0,730.0,770.0,1440.0,31.0,34.0,32.0,Lehigh University,Bethlehem,PA,Northeast,Bachelor,Graduate
28505.0,12512.0,19384.0,420.0,400.0,500.0,460.0,920.0,,,19.0,Lincoln University,Lincoln University,PA,Northeast,Bachelor,Graduate
31582.0,16190.0,16190.0,,,,,,,,,UPMC St. Margaret School of Nursing,Pittsburgh,PA,Northeast,Certificate,Certificate
14499.0,6600.0,16260.0,,,,,,,,,Luzerne County Community College,Nanticoke,PA,Northeast,Associate,Associate
64105.0,50029.0,50029.0,540.0,540.0,650.0,650.0,1160.0,,,25.0,Lycoming College,Williamsport,PA,Northeast,Bachelor,Bachelor
27557.0,21780.0,21780.0,360.0,365.0,445.0,490.0,820.0,,,,Manor College,Jenkintown,PA,Northeast,Associate,Bachelor
55582.0,41420.0,41420.0,530.0,530.0,640.0,610.0,1162.0,18.0,30.0,22.0,Marywood University,Scranton,PA,Northeast,Bachelor,Graduate
24268.0,17320.0,17320.0,,,,,,,,,Vet Tech Institute,Pittsburgh,PA,Northeast,Associate,Associate
59557.0,45770.0,45770.0,,,,,,,,,Mercyhurst University,Erie,PA,Northeast,Bachelor,Graduate
55875.0,42240.0,42240.0,570.0,540.0,680.0,670.0,1236.0,26.0,31.0,27.0,Messiah University,Mechanicsburg,PA,Northeast,Bachelor,Graduate
18252.0,12147.0,12147.0,,,,,,,,,ASPIRA City College,Philadelphia,PA,Northeast,Associate,Associate
26913.0,11128.0,22952.0,520.0,500.0,620.0,590.0,1110.0,,,,Millersville University of Pennsylvania,Millersville,PA,Northeast,Bachelor,Graduate
53648.0,40370.0,40370.0,,,,,,,,,Misericordia University,Dallas,PA,Northeast,Bachelor,Graduate
16233.0,6690.0,17250.0,,,,,,,,,Montgomery County Community College,Blue Bell,PA,Northeast,Associate,Associate
71327.0,52812.0,52812.0,620.0,560.0,710.0,670.0,1282.0,26.0,32.0,,Moore College of Art and Design,Philadelphia,PA,Northeast,Bachelor,Graduate
65601.0,53500.0,53500.0,540.0,530.0,655.0,630.0,1183.0,24.0,29.0,,Moravian University,Bethlehem,PA,Northeast,Bachelor,Graduate
40435.0,27072.0,27072.0,473.0,445.0,598.0,570.0,1070.0,,,,Mount Aloysius College,Cresson,PA,Northeast,Bachelor,Graduate
77270.0,62805.0,62805.0,640.0,610.0,710.0,700.0,1343.0,29.0,33.0,30.0,Muhlenberg College,Allentown,PA,Northeast,Bachelor,Graduate
57180.0,39100.0,39100.0,,,,,,,,21.0,Neumann University,Aston,PA,Northeast,Bachelor,Graduate
18119.0,5550.0,15270.0,,,,,,,,,Northampton County Area Community College,Bethlehem,PA,Northeast,Associate,Associate
29767.0,22800.0,22800.0,,,,,,,,,Heritage Valley Health System School of Nursing,McKees Rocks,PA,Northeast,Certificate,Certificate
23995.0,14850.0,14850.0,,,,,,,,,Pennsylvania Institute of Technology,Media,PA,Northeast,Certificate,Associate
34081.0,15972.0,26958.0,560.0,560.0,650.0,660.0,1228.0,25.0,31.0,,Pennsylvania State University-Penn State Erie-Behrend College,Erie,PA,Northeast,Bachelor,Graduate
26863.0,14408.0,24134.0,580.0,530.0,625.0,640.0,1190.0,,,,Pennsylvania State University-Penn State New Kensington,New Kensington,PA,Northeast,Bachelor,Graduate
26821.0,14024.0,23560.0,,,,,,,,,Pennsylvania State University-Penn State Shenango,Sharon,PA,Northeast,Bachelor,Bachelor
25994.0,14280.0,24006.0,550.0,540.0,680.0,650.0,1200.0,,,,Pennsylvania State University-Penn State Wilkes-Barre,Dallas,PA,Northeast,Bachelor,Bachelor
27862.0,15208.0,25392.0,560.0,540.0,650.0,620.0,1190.0,,,,Pennsylvania State University-Penn State Scranton,Dunmore,PA,Northeast,Bachelor,Bachelor
28109.0,15208.0,25392.0,580.0,550.0,660.0,660.0,1210.0,,,,Pennsylvania State University-Penn State Lehigh Valley,Center Valley,PA,Northeast,Bachelor,Bachelor
32559.0,15972.0,26958.0,530.0,540.0,650.0,640.0,1187.0,22.0,28.0,,Pennsylvania State University-Penn State Altoona,Altoona,PA,Northeast,Bachelor,Bachelor
26210.0,14408.0,24134.0,530.0,550.0,630.0,660.0,1214.0,24.0,27.0,,Pennsylvania State University-Penn State Beaver,Monaca,PA,Northeast,Bachelor,Bachelor
32242.0,15972.0,26958.0,550.0,540.0,640.0,635.0,1174.0,18.0,27.0,,Pennsylvania State University-Penn State Berks,Reading,PA,Northeast,Bachelor,Bachelor
32521.0,15972.0,26958.0,550.0,570.0,650.0,660.0,1227.0,22.0,31.0,,Pennsylvania State University-Penn State Harrisburg,Middletown,PA,Northeast,Bachelor,Graduate
31088.0,15208.0,25392.0,550.0,530.0,650.0,660.0,1200.0,,,,Pennsylvania State University-Penn State Brandywine,Media,PA,Northeast,Bachelor,Bachelor
28530.0,14408.0,24134.0,490.0,500.0,630.0,580.0,1080.0,,,,Pennsylvania State University-Penn State DuBois,DuBois,PA,Northeast,Bachelor,Bachelor
25154.0,14408.0,24134.0,580.0,540.0,660.0,590.0,1170.0,,,,Pennsylvania State University-Penn State Fayette- Eberly,Lemont Furnace,PA,Northeast,Bachelor,Bachelor
29677.0,15208.0,25392.0,550.0,540.0,660.0,630.0,1200.0,,,,Pennsylvania State University-Penn State Hazleton,Hazleton,PA,Northeast,Bachelor,Bachelor
39694.0,20644.0,41790.0,620.0,620.0,700.0,720.0,1337.0,27.0,32.0,,Pennsylvania State University-Main Campus,University Park,PA,Northeast,Bachelor,Graduate
26214.0,14408.0,24134.0,560.0,520.0,620.0,660.0,1160.0,,,,Pennsylvania State University-Penn State Greater Allegheny,McKeesport,PA,Northeast,Bachelor,Bachelor
28841.0,14408.0,24134.0,500.0,480.0,650.0,650.0,1160.0,,,,Pennsylvania State University-Penn State Mont Alto,Mont Alto,PA,Northeast,Bachelor,Bachelor
28795.0,15268.0,25664.0,540.0,530.0,635.0,630.0,1181.0,23.0,27.0,,Pennsylvania State University-Penn State Abington,Abington,PA,Northeast,Bachelor,Graduate
30065.0,15208.0,25392.0,520.0,500.0,630.0,600.0,1130.0,,,,Pennsylvania State University-Penn State Schuylkill,Schuylkill Haven,PA,Northeast,Bachelor,Bachelor
27826.0,15208.0,25392.0,530.0,520.0,620.0,625.0,1140.0,22.0,28.0,,Pennsylvania State University-Penn State York,York,PA,Northeast,Bachelor,Graduate
18660.0,15060.0,15060.0,,,,,,,,,Peirce College,Philadelphia,PA,Northeast,Bachelor,Graduate
23804.0,13654.0,13654.0,,,,,,,,,Penn Commercial Business/Technical School,Washington,PA,Northeast,Certificate,Associate
66106.0,44600.0,44600.0,,,,,,,,,Pennsylvania Academy of the Fine Arts,Philadelphia,PA,Northeast,Bachelor,Graduate
43815.0,32150.0,32150.0,,,,,,,,,Pennsylvania College of Art and Design,Lancaster,PA,Northeast,Bachelor,Bachelor
89028.0,68686.0,68686.0,740.0,770.0,770.0,800.0,1553.0,34.0,36.0,34.0,University of Pennsylvania,Philadelphia,PA,Northeast,Bachelor,Graduate
46233.0,34009.0,34009.0,540.0,460.0,590.0,570.0,1110.0,,,,Cairn University-Langhorne,Langhorne,PA,Northeast,Bachelor,Graduate
19172.0,4632.0,12744.0,,,,,,,,,Community College of Philadelphia,Philadelphia,PA,Northeast,Associate,Associate
30478.0,14770.0,26644.0,510.0,500.0,620.0,580.0,1125.0,20.0,28.0,24.0,University of Pittsburgh-Bradford,Bradford,PA,Northeast,Bachelor,Bachelor
30141.0,14710.0,26584.0,545.0,510.0,633.0,620.0,1160.0,17.0,26.0,22.0,University of Pittsburgh-Greensburg,Greensburg,PA,Northeast,Bachelor,Bachelor
30349.0,14906.0,26780.0,500.0,485.0,610.0,610.0,1105.0,22.0,27.0,24.0,University of Pittsburgh-Johnstown,Johnstown,PA,Northeast,Bachelor,Bachelor
38105.0,21926.0,41430.0,640.0,640.0,720.0,740.0,1370.0,29.0,33.0,31.0,University of Pittsburgh-Pittsburgh Campus,Pittsburgh,PA,Northeast,Bachelor,Graduate
25231.0,11918.0,22210.0,,,,,,,,,University of Pittsburgh-Titusville,Titusville,PA,Northeast,Associate,Associate
37350.0,18730.0,18730.0,,,,,,,,,Pittsburgh Institute of Aeronautics,West Mifflin,PA,Northeast,Certificate,Associate
52643.0,39570.0,39570.0,,,,,,,,22.0,Point Park University,Pittsburgh,PA,Northeast,Bachelor,Graduate
14563.0,6480.0,12510.0,,,,,,,,,Reading Area Community College,Reading,PA,Northeast,Associate,Associate
29377.0,12225.0,12225.0,,,,,,,,,Reading Hospital School of Health Sciences,Reading,PA,Northeast,Certificate,Certificate
35504.0,29499.0,29499.0,,,,,,,,,Walnut Hill College,Philadelphia,PA,Northeast,Associate,Bachelor
51621.0,35970.0,35970.0,,,,,,,,,Robert Morris University,Moon Township,PA,Northeast,Bachelor,Graduate
29468.0,17402.0,17402.0,,,,,,,,,Rosedale Technical College,Pittsburgh,PA,Northeast,Associate,Associate
38498.0,23845.0,23845.0,,,,,,,,21.0,Rosemont College,Rosemont,PA,Northeast,Bachelor,Graduate
59815.0,44000.0,44000.0,530.0,520.0,620.0,610.0,1155.0,21.0,27.0,,Saint Francis University,Loretto,PA,Northeast,Bachelor,Graduate
67954.0,53260.0,53260.0,590.0,580.0,680.0,670.0,1258.0,28.0,31.0,28.0,Saint Joseph's University - Philadelphia,Philadelphia,PA,Northeast,Bachelor,Graduate
56752.0,42396.0,42396.0,510.0,510.0,620.0,610.0,1116.0,20.0,27.0,25.0,Saint Vincent College,Latrobe,PA,Northeast,Bachelor,Graduate
69552.0,53983.0,53983.0,590.0,570.0,660.0,658.0,1237.0,25.0,30.0,26.0,University of Scranton,Scranton,PA,Northeast,Bachelor,Graduate
56183.0,42944.0,42944.0,510.0,510.0,620.0,620.0,1117.0,19.0,27.0,,Seton Hill University,Greensburg,PA,Northeast,Bachelor,Graduate
33489.0,16190.0,16190.0,,,,,,,,,UPMC Shadyside School of Nursing,Pittsburgh,PA,Northeast,Certificate,Certificate
14270.0,13431.0,13431.0,,,,,,,,,Laurel Technical Institute,Hermitage,PA,Northeast,Associate,Associate
30785.0,13720.0,15974.0,,,,,1120.0,16.0,28.0,,Shippensburg University of Pennsylvania,Shippensburg,PA,Northeast,Bachelor,Graduate
25537.0,10568.0,14676.0,500.0,480.0,610.0,580.0,1095.0,18.0,26.0,23.0,Slippery Rock University of Pennsylvania,Slippery Rock,PA,Northeast,Bachelor,Graduate
27981.0,19905.0,19905.0,,,,,,,,,South Hills School of Business & Technology,State College,PA,Northeast,Associate,Associate
75410.0,59850.0,59850.0,560.0,540.0,660.0,640.0,1232.0,21.0,29.0,,Susquehanna University,Selinsgrove,PA,Northeast,Bachelor,Graduate
84103.0,65494.0,65494.0,740.0,750.0,770.0,790.0,1534.0,33.0,35.0,34.0,Swarthmore College,Swarthmore,PA,Northeast,Bachelor,Bachelor
18694.0,9050.0,9050.0,,,,,,,,,Thaddeus Stevens College of Technology,Lancaster,PA,Northeast,Associate,Associate
22680.0,11512.0,11512.0,,,,,,,,,Talmudical Yeshiva of Philadelphia,Philadelphia,PA,Northeast,Bachelor,Bachelor
40903.0,23011.0,38958.0,,,,,,,,,Temple University,Philadelphia,PA,Northeast,Bachelor,Graduate
53202.0,38344.0,38344.0,,,,,,,,21.0,Thiel College,Greenville,PA,Northeast,Bachelor,Graduate
64197.0,47505.0,47505.0,580.0,580.0,660.0,670.0,1243.0,25.0,30.0,28.0,Thomas Jefferson University,Philadelphia,PA,Northeast,Bachelor,Graduate
76815.0,61210.0,61210.0,610.0,590.0,705.0,680.0,1310.0,28.0,32.0,30.0,Ursinus College,Collegeville,PA,Northeast,Bachelor,Bachelor
45422.0,25240.0,25240.0,,,,,,,,,University of Valley Forge,Phoenixville,PA,Northeast,Bachelor,Graduate
53511.0,32176.0,32176.0,,,,,,,,,Valley Forge Military College,Wayne,PA,Northeast,Associate,Associate
84793.0,67776.0,67776.0,685.0,710.0,740.0,770.0,1460.0,32.0,34.0,33.0,Villanova University,Villanova,PA,Northeast,Bachelor,Graduate
42972.0,29392.0,29392.0,,,,,,,,26.0,Washington & Jefferson College,Washington,PA,Northeast,Bachelor,Bachelor
44397.0,30480.0,30480.0,470.0,460.0,630.0,620.0,1090.0,19.0,23.0,,Waynesburg University,Waynesburg,PA,Northeast,Bachelor,Graduate
28394.0,10775.0,22599.0,560.0,540.0,650.0,620.0,1187.0,24.0,28.0,26.0,West Chester University of Pennsylvania,West Chester,PA,Northeast,Bachelor,Graduate
29938.0,13410.0,13410.0,,,,,,,,,Western Pennsylvania Hospital School of Nursing,Pittsburgh,PA,Northeast,Certificate,Certificate
53003.0,40290.0,40290.0,,,,,,,,23.0,Westminster College,New Wilmington,PA,Northeast,Bachelor,Graduate
10573.0,6018.0,14424.0,,,,,,,,,Westmoreland County Community College,Youngwood,PA,Northeast,Associate,Associate
70621.0,55730.0,55730.0,550.0,530.0,650.0,640.0,1180.0,,,,Widener University,Chester,PA,Northeast,Bachelor,Graduate
56765.0,43496.0,43496.0,530.0,490.0,630.0,620.0,1136.0,22.0,29.0,24.0,Wilkes University,Wilkes-Barre,PA,Northeast,Bachelor,Graduate
37263.0,31611.0,31611.0,,,,,,,,,Williamson College of the Trades,Media,PA,Northeast,Associate,Associate
39344.0,27100.0,27100.0,480.0,450.0,610.0,570.0,1000.0,,,,Wilson College,Chambersburg,PA,Northeast,Bachelor,Graduate
20400.0,10600.0,10600.0,,,,,,,,,Yeshivath Beth Moshe,Scranton,PA,Northeast,Associate,Associate
37319.0,25588.0,25588.0,520.0,500.0,640.0,630.0,1162.0,21.0,28.0,25.0,York College of Pennsylvania,York,PA,Northeast,Bachelor,Graduate
87648.0,71412.0,71412.0,740.0,770.0,780.0,800.0,1546.0,34.0,35.0,34.0,Brown University,Providence,RI,Northeast,Bachelor,Graduate
69964.0,52677.0,52677.0,610.0,580.0,660.0,670.0,1265.0,27.0,28.0,28.0,Bryant University,Smithfield,RI,Northeast,Bachelor,Graduate
60314.0,42419.0,42419.0,460.0,430.0,590.0,570.0,1050.0,22.0,27.0,,Johnson & Wales University-Providence,Providence,RI,Northeast,Bachelor,Graduate
48543.0,37275.0,37275.0,,,,,,,,,New England Institute of Technology,East Greenwich,RI,Northeast,Associate,Graduate
80466.0,63550.0,63550.0,630.0,620.0,700.0,690.0,1346.0,29.0,32.0,29.0,Providence College,Providence,RI,Northeast,Bachelor,Graduate
17454.0,11300.0,27299.0,450.0,420.0,580.0,540.0,990.0,,,,Rhode Island College,Providence,RI,Northeast,Bachelor,Graduate
12725.0,5550.0,14834.0,,,,,,,,,Community College of Rhode Island,Warwick,RI,Northeast,Associate,Associate
34321.0,16942.0,37146.0,520.0,500.0,650.0,630.0,1160.0,,,28.0,University of Rhode Island,Kingston,RI,Northeast,Bachelor,Graduate
81727.0,62688.0,62688.0,688.0,708.0,750.0,780.0,1473.0,31.0,34.0,31.0,Rhode Island School of Design,Providence,RI,Northeast,Bachelor,Graduate
61950.0,44418.0,44418.0,580.0,560.0,660.0,650.0,1223.0,24.0,29.0,,Roger Williams University,Bristol,RI,Northeast,Bachelor,Graduate
70630.0,50100.0,50100.0,600.0,560.0,680.0,650.0,1232.0,26.0,29.0,,Salve Regina University,Newport,RI,Northeast,Bachelor,Graduate
29902.0,14160.0,14160.0,,,,,,,,,Northpoint Bible College,Haverhill,MA,Northeast,Bachelor,Graduate
13171.0,5174.0,7924.0,,,,,,,,,Aiken Technical College,Graniteville,SC,Southeast,Associate,Associate
23998.0,14304.0,14304.0,,,,,,,,,Allen University,Columbia,SC,Southeast,Bachelor,Graduate
50192.0,34970.0,34970.0,560.0,540.0,650.0,630.0,1202.0,22.0,29.0,,Anderson University,Anderson,SC,Southeast,Bachelor,Graduate
44558.0,32520.0,32520.0,480.0,450.0,600.0,560.0,1059.0,18.0,24.0,21.0,Charleston Southern University,Charleston,SC,Southeast,Bachelor,Graduate
23832.0,6156.0,11916.0,,,,,,,,,Technical College of the Lowcountry,Beaufort,SC,Southeast,Associate,Associate
32000.0,17440.0,17440.0,,,,,,,,,Benedict College,Columbia,SC,Southeast,Bachelor,Graduate
36580.0,24470.0,24470.0,,,,,,,,,Bob Jones University,Greenville,SC,Southeast,Bachelor,Graduate
39914.0,29800.0,29800.0,530.0,510.0,620.0,590.0,1140.0,22.0,28.0,21.0,Southern Wesleyan University,Central,SC,Southeast,Bachelor,Graduate
32362.0,12978.0,38296.0,590.0,550.0,670.0,640.0,1247.0,25.0,30.0,26.0,College of Charleston,Charleston,SC,Southeast,Bachelor,Graduate
18221.0,5664.0,6024.0,,,,,,,,,Northeastern Technical College,Cheraw,SC,Southeast,Certificate,Associate
33880.0,12570.0,38508.0,540.0,545.0,640.0,645.0,1208.0,22.0,27.0,,Citadel Military College of South Carolina,Charleston,SC,Southeast,Bachelor,Graduate
33530.0,18282.0,18282.0,,,,,,,,,Claflin University,Orangeburg,SC,Southeast,Bachelor,Graduate
35015.0,15554.0,40866.0,620.0,620.0,700.0,710.0,1353.0,28.0,32.0,30.0,Clemson University,Clemson,SC,Southeast,Bachelor,Graduate
25015.0,11136.0,11136.0,,,,,,,,,Clinton College,Rock Hill,SC,Southeast,Bachelor,Bachelor
45805.0,33416.0,33416.0,,,,,,,,20.0,Coker University,Hartsville,SC,Southeast,Bachelor,Graduate
43045.0,27900.0,27900.0,,,,,,,,21.0,Columbia International University,Columbia,SC,Southeast,Bachelor,Graduate
35258.0,22214.0,22214.0,,,,,,,,,Columbia College,Columbia,SC,Southeast,Bachelor,Graduate
38838.0,25240.0,25240.0,510.0,500.0,630.0,620.0,1138.0,19.0,26.0,,Converse University,Spartanburg,SC,Southeast,Bachelor,Graduate
24590.0,6315.0,11955.0,,,,,,,,,Denmark Technical College,Denmark,SC,Southeast,Certificate,Associate
55248.0,36710.0,36710.0,,,,,,,,20.0,Erskine College,Due West,SC,Southeast,Bachelor,Graduate
10731.0,4636.0,6772.0,,,,,,,,,Florence-Darlington Technical College,Florence,SC,Southeast,Certificate,Associate
23850.0,11160.0,21544.0,450.0,420.0,575.0,540.0,1015.0,16.0,24.0,19.0,Francis Marion University,Florence,SC,Southeast,Bachelor,Graduate
76798.0,59770.0,59770.0,650.0,610.0,720.0,710.0,1371.0,28.0,32.0,31.0,Furman University,Greenville,SC,Southeast,Bachelor,Graduate
20166.0,5495.0,10775.0,,,,,,,,,Greenville Technical College,Greenville,SC,Southeast,Certificate,Bachelor
11909.0,4468.0,8836.0,,,,,,,,,Horry-Georgetown Technical College,Conway,SC,Southeast,Certificate,Associate
27277.0,11700.0,21300.0,490.0,460.0,608.0,570.0,1057.0,16.0,23.0,21.0,Lander University,Greenwood,SC,Southeast,Bachelor,Graduate
14274.0,5100.0,14700.0,,,,,,,,,Midlands Technical College,West Columbia,SC,Southeast,Associate,Associate
30148.0,16664.0,16664.0,,,,,,,,,Morris College,Sumter,SC,Southeast,Bachelor,Bachelor
46442.0,31100.0,31100.0,,,,,,,,19.0,Newberry College,Newberry,SC,Southeast,Bachelor,Graduate
42034.0,25800.0,25800.0,540.0,520.0,630.0,610.0,1156.0,20.0,28.0,22.0,North Greenville University,Tigerville,SC,Southeast,Bachelor,Graduate
15165.0,5210.0,8354.0,,,,,,,,,Orangeburg Calhoun Technical College,Orangeburg,SC,Southeast,Certificate,Associate
21746.0,4775.0,6923.0,,,,,,,,,Piedmont Technical College,Greenwood,SC,Southeast,Certificate,Associate
60242.0,44910.0,44910.0,500.0,480.0,620.0,580.0,1118.0,21.0,26.0,23.0,Presbyterian College,Clinton,SC,Southeast,Bachelor,Graduate
21540.0,10760.0,21218.0,510.0,470.0,620.0,600.0,1120.0,19.0,26.0,20.0,University of South Carolina Aiken,Aiken,SC,Southeast,Bachelor,Graduate
24353.0,10730.0,21776.0,,,,,,,,,University of South Carolina Beaufort,Bluffton,SC,Southeast,Bachelor,Graduate
31638.0,12688.0,35972.0,600.0,580.0,680.0,680.0,1297.0,26.0,32.0,29.0,University of South Carolina-Columbia,Columbia,SC,Southeast,Bachelor,Graduate
18682.0,7558.0,18238.0,,,,,,,,,University of South Carolina-Lancaster,Lancaster,SC,Southeast,Associate,Associate
19297.0,7558.0,18238.0,,,,,,,,,University of South Carolina-Salkehatchie,Allendale,SC,Southeast,Associate,Associate
17964.0,7558.0,18238.0,,,,,,,,,University of South Carolina-Sumter,Sumter,SC,Southeast,Associate,Associate
19112.0,7558.0,18238.0,,,,,,,,,University of South Carolina-Union,Union,SC,Southeast,Associate,Associate
26692.0,11640.0,29628.0,530.0,520.0,620.0,600.0,1143.0,21.0,26.0,23.0,Coastal Carolina University,Conway,SC,Southeast,Bachelor,Graduate
30015.0,11060.0,21750.0,,,,,,,,17.0,South Carolina State University,Orangeburg,SC,Southeast,Bachelor,Graduate
25124.0,11588.0,23090.0,510.0,495.0,605.0,570.0,1099.0,21.0,26.0,21.0,University of South Carolina-Upstate,Spartanburg,SC,Southeast,Bachelor,Graduate
32183.0,20650.0,20650.0,,,,,,,,,Spartanburg Methodist College,Spartanburg,SC,Southeast,Associate,Bachelor
11505.0,5071.0,10135.0,,,,,,,,,Spartanburg Community College,Spartanburg,SC,Southeast,Certificate,Associate
13774.0,5715.0,9016.0,,,,,,,,,Central Carolina Technical College,Sumter,SC,Southeast,Certificate,Associate
25057.0,4448.0,11815.0,,,,,,,,,Tri-County Technical College,Pendleton,SC,Southeast,Certificate,Associate
13408.0,4546.0,8620.0,,,,,,,,,Trident Technical College,Charleston,SC,Southeast,Associate,Associate
25574.0,12630.0,12630.0,,,,,,,,,Voorhees University,Denmark,SC,Southeast,Bachelor,Graduate
15806.0,4488.0,8592.0,,,,,,,,,Williamsburg Technical College,Kingstree,SC,Southeast,Certificate,Associate
30710.0,14678.0,28676.0,520.0,490.0,630.0,590.0,1139.0,20.0,27.0,23.0,Winthrop University,Rock Hill,SC,Southeast,Bachelor,Graduate
72441.0,56005.0,56005.0,608.0,590.0,680.0,663.0,1296.0,27.0,31.0,30.0,Wofford College,Spartanburg,SC,Southeast,Bachelor,Bachelor
15395.0,8036.0,13340.0,,,,,,,,,York Technical College,Rock Hill,SC,Southeast,Certificate,Associate
55159.0,40160.0,40160.0,570.0,580.0,680.0,690.0,1195.0,21.0,27.0,25.0,Augustana University,Sioux Falls,SD,Midwest,Bachelor,Graduate
21277.0,8764.0,11866.0,465.0,500.0,565.0,570.0,1087.0,18.0,24.0,21.0,Black Hills State University,Spearfish,SD,Midwest,Bachelor,Graduate
25753.0,9654.0,12756.0,570.0,620.0,680.0,760.0,1215.0,20.0,27.0,23.0,Dakota State University,Madison,SD,Midwest,Bachelor,Graduate
43864.0,33790.0,33790.0,,,,,,,,22.0,Dakota Wesleyan University,Mitchell,SD,Midwest,Bachelor,Graduate
19637.0,6718.0,6718.0,,,,,,,,,Lake Area Technical College,Watertown,SD,Midwest,Associate,Associate
16994.0,7524.0,7524.0,,,,,,,,,Mitchell Technical College,Mitchell,SD,Midwest,Associate,Associate
48247.0,34600.0,34600.0,,,,,1120.0,18.0,25.0,22.0,Mount Marty University,Yankton,SD,Midwest,Bachelor,Graduate
34452.0,16065.0,16065.0,,,,,,,,,National American University-Rapid City,Rapid City,SD,Midwest,Bachelor,Graduate
22077.0,8845.0,11947.0,490.0,490.0,590.0,570.0,1089.0,18.0,24.0,21.0,Northern State University,Aberdeen,SD,Midwest,Bachelor,Graduate
10494.0,2684.0,2684.0,,,,,,,,,Oglala Lakota College,Kyle,SD,Midwest,Associate,Graduate
25385.0,10500.0,14900.0,560.0,580.0,660.0,680.0,1245.0,24.0,30.0,27.0,South Dakota School of Mines and Technology,Rapid City,SD,Midwest,Bachelor,Graduate
24636.0,9299.0,12809.0,530.0,530.0,610.0,630.0,1120.0,19.0,25.0,22.0,South Dakota State University,Brookings,SD,Midwest,Bachelor,Graduate
20714.0,4714.0,4714.0,,,,,,,,,Sinte Gleska University,Mission,SD,Midwest,Associate,Graduate
34274.0,21750.0,21750.0,,,,,,,,,University of Sioux Falls,Sioux Falls,SD,Midwest,Bachelor,Graduate
9998.0,4330.0,4330.0,,,,,,,,,Sisseton Wahpeton College,Sisseton,SD,Midwest,Associate,Bachelor
20272.0,7650.0,7650.0,,,,,,,,,Southeast Technical College,Sioux Falls,SD,Midwest,Associate,Associate
24422.0,9432.0,12942.0,530.0,595.0,620.0,695.0,1125.0,19.0,25.0,22.0,University of South Dakota,Vermillion,SD,Midwest,Bachelor,Graduate
18845.0,8294.0,8294.0,,,,,,,,,Western Dakota Technical College,Rapid City,SD,Midwest,Associate,Associate
27044.0,13604.0,13604.0,,,,,,,,,American Baptist College,Nashville,TN,Southeast,Bachelor,Bachelor
22233.0,9006.0,14766.0,445.0,398.0,573.0,553.0,1088.0,18.0,24.0,21.0,Austin Peay State University,Clarksville,TN,Southeast,Bachelor,Graduate
22227.0,13796.0,13796.0,,,,,1050.0,17.0,22.0,22.0,Baptist Health Sciences University,Memphis,TN,Southeast,Bachelor,Graduate
62570.0,42540.0,42540.0,600.0,560.0,690.0,660.0,1280.0,24.0,30.0,27.0,Belmont University,Nashville,TN,Southeast,Bachelor,Graduate
31203.0,18712.0,18712.0,410.0,420.0,570.0,550.0,972.0,15.0,21.0,18.0,Bethel University,McKenzie,TN,Southeast,Bachelor,Graduate
31270.0,19800.0,19800.0,,,,,,,,,Bryan College-Dayton,Dayton,TN,Southeast,Bachelor,Graduate
49024.0,34700.0,34700.0,500.0,455.0,645.0,570.0,1117.0,19.0,25.0,22.0,Carson-Newman University,Jefferson City,TN,Southeast,Bachelor,Graduate
13348.0,4772.0,17756.0,,,,,,,,,Chattanooga State Community College,Chattanooga,TN,Southeast,Associate,Associate
48038.0,38420.0,38420.0,460.0,560.0,700.0,680.0,1098.0,19.0,24.0,22.0,Christian Brothers University,Memphis,TN,Southeast,Bachelor,Graduate
14834.0,4762.0,17746.0,,,,,,,,,Cleveland State Community College,Cleveland,TN,Southeast,Associate,Associate
13179.0,5296.0,18112.0,,,,,,,,,Columbia State Community College,Columbia,TN,Southeast,Associate,Associate
43358.0,27840.0,27840.0,,,,,,,,,Cumberland University,Lebanon,TN,Southeast,Bachelor,Graduate
55117.0,40572.0,40572.0,590.0,570.0,700.0,680.0,1256.0,23.0,30.0,26.0,Lipscomb University,Nashville,TN,Southeast,Bachelor,Graduate
14329.0,4758.0,17742.0,,,,,,,,,Dyersburg State Community College,Dyersburg,TN,Southeast,Associate,Associate
27042.0,10472.0,14522.0,510.0,470.0,620.0,580.0,1144.0,19.0,26.0,23.0,East Tennessee State University,Johnson City,TN,Southeast,Bachelor,Graduate
37746.0,12709.0,12709.0,,,,,,,,,Chattanooga College Medical Dental and & Technical Careers,Chattanooga,TN,Southeast,Certificate,Associate
39450.0,25858.0,25858.0,570.0,570.0,720.0,790.0,1200.0,19.0,24.0,23.0,Fisk University,Nashville,TN,Southeast,Bachelor,Graduate
37072.0,21400.0,21400.0,,,,,,,,,Welch College,Gallatin,TN,Southeast,Bachelor,Graduate
38315.0,25620.0,25620.0,481.0,471.0,549.0,538.0,1109.0,19.0,26.0,24.0,Freed-Hardeman University,Henderson,TN,Southeast,Bachelor,Graduate
15183.0,4740.0,17724.0,,,,,,,,,Jackson State Community College,Jackson,TN,Southeast,Associate,Associate
28125.0,12223.0,12223.0,,,,,1020.0,18.0,23.0,21.0,John A Gupton College,Nashville,TN,Southeast,Associate,Associate
34244.0,21122.0,21122.0,490.0,470.0,570.0,540.0,1078.0,18.0,24.0,22.0,Johnson University,Knoxville,TN,Southeast,Bachelor,Graduate
49004.0,36194.0,36194.0,,,,,,,,21.0,King University,Bristol,TN,Southeast,Bachelor,Graduate
30954.0,18535.0,18535.0,,,,,,,,,South College,Knoxville,TN,Southeast,Associate,Graduate
23441.0,11790.0,11790.0,,,,,,,,,Lane College,Jackson,TN,Southeast,Bachelor,Bachelor
19001.0,12076.0,12076.0,,,,,,,,15.0,Le Moyne-Owen College,Memphis,TN,Southeast,Bachelor,Bachelor
35688.0,23790.0,23790.0,540.0,500.0,630.0,600.0,1145.0,20.0,27.0,24.0,Lee University,Cleveland,TN,Southeast,Bachelor,Graduate
41530.0,26938.0,26938.0,510.0,490.0,610.0,600.0,1092.0,18.0,24.0,22.0,Lincoln Memorial University,Harrogate,TN,Southeast,Bachelor,Graduate
24750.0,10924.0,10924.0,435.0,470.0,555.0,555.0,1083.0,18.0,24.0,21.0,The University of Tennessee Southern,Pulaski,TN,Southeast,Bachelor,Graduate
54622.0,39284.0,39284.0,,,,,,,,24.0,Maryville College,Maryville,TN,Southeast,Bachelor,Graduate
25169.0,10728.0,15384.0,480.0,435.0,600.0,580.0,1088.0,18.0,24.0,,University of Memphis,Memphis,TN,Southeast,Bachelor,Graduate
24289.0,10266.0,31574.0,520.0,490.0,630.0,600.0,1121.0,20.0,26.0,23.0,Middle Tennessee State University,Murfreesboro,TN,Southeast,Bachelor,Graduate
24326.0,4738.0,17722.0,,,,,,,,,Motlow State Community College,Tullahoma,TN,Southeast,Associate,Associate
14385.0,4730.0,17714.0,,,,,,,,,Nashville State Community College,Nashville,TN,Southeast,Associate,Associate
71136.0,57110.0,57110.0,650.0,650.0,733.0,753.0,1362.0,26.0,32.0,30.0,Rhodes College,Memphis,TN,Southeast,Bachelor,Graduate
13397.0,4998.0,18630.0,,,,,,,,,Roane State Community College,Harriman,TN,Southeast,Associate,Associate
12999.0,4778.0,17750.0,,,,,,,,,Southwest Tennessee Community College,Memphis,TN,Southeast,Associate,Associate
71986.0,56120.0,56120.0,640.0,620.0,710.0,680.0,1344.0,27.0,31.0,29.0,The University of the South,Sewanee,TN,Southeast,Bachelor,Graduate
13431.0,4786.0,17770.0,,,,,,,,,Pellissippi State Community College,Knoxville,TN,Southeast,Associate,Associate
38618.0,27300.0,27300.0,530.0,490.0,660.0,640.0,1129.0,19.0,25.0,,Southern Adventist University,Collegedale,TN,Southeast,Bachelor,Graduate
39440.0,30814.0,30814.0,,,,,1090.0,19.0,23.0,21.0,Tennessee Wesleyan University,Athens,TN,Southeast,Bachelor,Graduate
25489.0,10448.0,18512.0,513.0,500.0,620.0,590.0,1147.0,20.0,26.0,23.0,The University of Tennessee-Chattanooga,Chattanooga,TN,Southeast,Bachelor,Graduate
33678.0,13812.0,33256.0,600.0,600.0,680.0,690.0,1311.0,25.0,31.0,28.0,The University of Tennessee-Knoxville,Knoxville,TN,Southeast,Bachelor,Graduate
23079.0,10560.0,16600.0,500.0,470.0,610.0,600.0,1120.0,19.0,25.0,22.0,The University of Tennessee-Martin,Martin,TN,Southeast,Bachelor,Graduate
25637.0,8616.0,22416.0,460.0,420.0,540.0,510.0,1000.0,16.0,21.0,,Tennessee State University,Nashville,TN,Southeast,Bachelor,Graduate
25663.0,11376.0,15576.0,528.0,520.0,650.0,660.0,1151.0,20.0,27.0,,Tennessee Technological University,Cookeville,TN,Southeast,Bachelor,Graduate
41548.0,31300.0,31300.0,510.0,470.0,610.0,625.0,1091.0,18.0,24.0,,Trevecca Nazarene University,Nashville,TN,Southeast,Bachelor,Graduate
15793.0,4782.0,17766.0,,,,,,,,,Northeast State Community College,Blountville,TN,Southeast,Associate,Associate
43776.0,29250.0,29250.0,,,,,,,,22.0,Tusculum University,Greeneville,TN,Southeast,Bachelor,Graduate
58363.0,40025.0,40025.0,600.0,560.0,710.0,680.0,1256.0,22.0,30.0,27.0,Union University,Jackson,TN,Southeast,Bachelor,Graduate
89590.0,67498.0,67498.0,730.0,770.0,770.0,800.0,1549.0,34.0,35.0,35.0,Vanderbilt University,Nashville,TN,Southeast,Bachelor,Graduate
16401.0,4756.0,17740.0,,,,,,,,,Volunteer State Community College,Gallatin,TN,Southeast,Associate,Associate
14313.0,4752.0,17736.0,,,,,,,,,Walters State Community College,Morristown,TN,Southeast,Associate,Associate
21985.0,9723.0,9723.0,,,,,,,,,William R Moore College of Technology,Memphis,TN,Southeast,Certificate,Associate
59256.0,44200.0,44200.0,540.0,530.0,650.0,620.0,1194.0,22.0,28.0,25.0,Abilene Christian University,Abilene,TX,Southwest,Bachelor,Graduate
16962.0,1906.0,4402.0,,,,,,,,,Alvin Community College,Alvin,TX,Southwest,Associate,Associate
10854.0,2136.0,4704.0,,,,,,,,,Amarillo College,Amarillo,TX,Southwest,Associate,Associate
14848.0,3430.0,6490.0,,,,,,,,,Angelina College,Lufkin,TX,Southwest,Certificate,Associate
23441.0,8460.0,18300.0,470.0,440.0,590.0,560.0,1054.0,18.0,24.0,21.0,Angelo State University,San Angelo,TX,Southwest,Bachelor,Graduate
33424.0,20830.0,20830.0,,,,,,,,,Arlington Baptist University,Arlington,TX,Southwest,Bachelor,Graduate
61607.0,48680.0,48680.0,550.0,550.0,660.0,650.0,1212.0,23.0,29.0,26.0,Austin College,Sherman,TX,Southwest,Bachelor,Graduate
15190.0,2550.0,10590.0,,,,,,,,,Austin Community College District,Austin,TX,Southwest,Associate,Bachelor
74226.0,58100.0,58100.0,610.0,590.0,700.0,700.0,1329.0,27.0,32.0,29.0,Baylor University,Waco,TX,Southwest,Bachelor,Graduate
12875.0,2916.0,5226.0,,,,,,,,,Coastal Bend College,Beeville,TX,Southwest,Associate,Associate
15252.0,4890.0,11370.0,,,,,,,,,Blinn College District,Brenham,TX,Southwest,Associate,Associate
35534.0,15025.0,15025.0,,,,,,,,,Remington College-Dallas Campus,Dallas,TX,Southwest,Certificate,Bachelor
19973.0,16324.0,16324.0,,,,,,,,,Vet Tech Institute of Houston,Houston,TX,Southwest,Associate,Associate
12167.0,2388.0,4711.0,,,,,,,,,Brazosport College,Lake Jackson,TX,Southwest,Certificate,Bachelor
13822.0,3750.0,7500.0,,,,,,,,,Central Texas College,Killeen,TX,Southwest,Associate,Associate
17469.0,4710.0,7140.0,,,,,,,,,Cisco College,Cisco,TX,Southwest,Certificate,Associate
14589.0,3720.0,5400.0,,,,,,,,,Clarendon College,Clarendon,TX,Southwest,Associate,Associate
53020.0,23500.0,23500.0,,,,,,,,20.0,Concordia University Texas,Austin,TX,Southwest,Bachelor,Graduate
10200.0,3600.0,5739.0,,,,,,,,,North Central Texas College,Gainesville,TX,Southwest,Associate,Associate
25210.0,9748.0,20794.0,500.0,470.0,610.0,583.0,1086.0,19.0,25.0,22.0,Texas A & M University-Corpus Christi,Corpus Christi,TX,Southwest,Bachelor,Graduate
52716.0,40190.0,40190.0,490.0,470.0,620.0,593.0,1120.0,20.0,26.0,23.0,Dallas Baptist University,Dallas,TX,Southwest,Bachelor,Graduate
34502.0,21730.0,21730.0,397.0,391.0,522.0,566.0,931.0,15.0,19.0,,Dallas Christian College,Dallas,TX,Southwest,Bachelor,Graduate
27708.0,17640.0,17640.0,,,,,,,,,Dallas Institute of Funeral Service,Dallas,TX,Southwest,Associate,Associate
68583.0,53930.0,53930.0,580.0,540.0,700.0,670.0,1227.0,22.0,29.0,28.0,University of Dallas,Irving,TX,Southwest,Bachelor,Graduate
12895.0,3440.0,6050.0,,,,,,,,,Del Mar College,Corpus Christi,TX,Southwest,Associate,Bachelor
44211.0,30680.0,30680.0,,,,,,,,,East Texas Baptist University,Marshall,TX,Southwest,Bachelor,Graduate
23778.0,8349.0,45080.0,,,,,,,,21.0,Texas A&M University-Texarkana,Texarkana,TX,Southwest,Bachelor,Graduate
23438.0,10026.0,22326.0,480.0,430.0,580.0,570.0,1076.0,18.0,24.0,21.0,East Texas A&M University,Commerce,TX,Southwest,Bachelor,Graduate
9704.0,2730.0,6900.0,,,,,,,,,Dallas College,Dallas,TX,Southwest,Associate,Bachelor
13337.0,4080.0,6630.0,,,,,,,,,El Paso Community College,El Paso,TX,Southwest,Associate,Associate
12877.0,3712.0,4882.0,,,,,,,,,Frank Phillips College,Borger,TX,Southwest,Certificate,Associate
15338.0,2726.0,6176.0,,,,,,,,,Galveston College,Galveston,TX,Southwest,Certificate,Bachelor
14866.0,3052.0,6352.0,,,,,,,,,Grayson College,Denison,TX,Southwest,Certificate,Bachelor
45904.0,32960.0,32960.0,510.0,500.0,600.0,590.0,1108.0,19.0,26.0,21.0,Hardin-Simmons University,Abilene,TX,Southwest,Bachelor,Graduate
14467.0,2640.0,5970.0,,,,,,,,,Trinity Valley Community College,Athens,TX,Southwest,Associate,Bachelor
13417.0,3570.0,3570.0,,,,,,,,,Hill College,Hillsboro,TX,Southwest,Associate,Associate
50082.0,39430.0,39430.0,500.0,490.0,600.0,590.0,1084.0,17.0,24.0,25.0,Houston Christian University,Houston,TX,Southwest,Bachelor,Graduate
24622.0,7770.0,21114.0,490.0,480.0,580.0,570.0,1060.0,20.0,25.0,20.0,University of Houston-Clear Lake,Houston,TX,Southwest,Bachelor,Graduate
12009.0,2040.0,5460.0,,,,,,,,,Houston City College,Houston,TX,Southwest,Associate,Bachelor
20749.0,7708.0,17548.0,480.0,460.0,560.0,550.0,1029.0,16.0,22.0,,University of Houston-Downtown,Houston,TX,Southwest,Bachelor,Graduate
21401.0,7149.0,16989.0,,,,,,,,,Texas A&M University-Victoria,Victoria,TX,Southwest,Bachelor,Graduate
26185.0,9717.0,22547.0,590.0,570.0,670.0,670.0,1250.0,23.0,29.0,26.0,University of Houston,Houston,TX,Southwest,Bachelor,Graduate
13858.0,2766.0,6716.0,,,,,,,,,Howard College,Big Spring,TX,Southwest,Associate,Associate
46766.0,34982.0,34982.0,440.0,440.0,610.0,550.0,1026.0,16.0,27.0,,Howard Payne University,Brownwood,TX,Southwest,Bachelor,Graduate
25384.0,26709.0,26709.0,430.0,370.0,590.0,570.0,1014.0,16.0,28.0,17.0,Huston-Tillotson University,Austin,TX,Southwest,Bachelor,Graduate
48681.0,37090.0,37090.0,,,,,,,,20.0,University of the Incarnate Word,San Antonio,TX,Southwest,Bachelor,Graduate
19359.0,8850.0,8850.0,,,,,,,,,Jacksonville College-Main Campus,Jacksonville,TX,Southwest,Associate,Associate
25185.0,11720.0,11720.0,,,,,,,,,Jarvis Christian University,Hawkins,TX,Southwest,Bachelor,Graduate
29037.0,20521.0,20521.0,,,,,,,,,KD Conservatory College of Film and Dramatic Arts,Dallas,TX,Southwest,Associate,Associate
14080.0,2160.0,5256.0,,,,,,,,,Kilgore College,Kilgore,TX,Southwest,Associate,Associate
22254.0,8905.0,18745.0,480.0,450.0,580.0,560.0,1061.0,18.0,25.0,20.0,Lamar University,Beaumont,TX,Southwest,Bachelor,Graduate
7264.0,3540.0,17280.0,,,,,,,,,Lamar State College-Orange,Orange,TX,Southwest,Certificate,Associate
10754.0,1770.0,8070.0,,,,,,,,,Lamar State College-Port Arthur,Port Arthur,TX,Southwest,Certificate,Associate
11469.0,3300.0,5748.0,,,,,,,,,Laredo College,Laredo,TX,Southwest,Associate,Bachelor
15558.0,7894.0,19454.0,470.0,420.0,560.0,530.0,993.0,16.0,22.0,18.0,Texas A & M International University,Laredo,TX,Southwest,Bachelor,Graduate
12107.0,2520.0,5190.0,,,,,,,,,Lee College,Baytown,TX,Southwest,Certificate,Associate
51124.0,37160.0,37160.0,500.0,490.0,660.0,670.0,1208.0,21.0,30.0,26.0,LeTourneau University,Longview,TX,Southwest,Bachelor,Graduate
41944.0,28540.0,28540.0,500.0,450.0,610.0,580.0,1100.0,19.0,27.0,23.0,Lubbock Christian University,Lubbock,TX,Southwest,Bachelor,Graduate
8357.0,2310.0,4140.0,,,,,,,,,College of the Mainland,Texas City,TX,Southwest,Associate,Bachelor
46874.0,32020.0,32020.0,490.0,470.0,610.0,590.0,1099.0,19.0,26.0,22.0,University of Mary Hardin-Baylor,Belton,TX,Southwest,Bachelor,Graduate
12920.0,3660.0,5910.0,,,,,,,,,McLennan Community College,Waco,TX,Southwest,Associate,Associate
43778.0,32340.0,32340.0,490.0,460.0,590.0,570.0,1043.0,18.0,24.0,24.0,McMurry University,Abilene,TX,Southwest,Bachelor,Graduate
12707.0,3180.0,6180.0,,,,,,,,,Midland College,Midland,TX,Southwest,Certificate,Bachelor
22652.0,10580.0,12530.0,,,,,,,,,Midwestern State University,Wichita Falls,TX,Southwest,Bachelor,Graduate
25506.0,17692.0,17692.0,,,,,,,,,Wade College,Dallas,TX,Southwest,Associate,Bachelor
18757.0,3008.0,6578.0,,,,,,,,,Navarro College,Corsicana,TX,Southwest,Associate,Bachelor
15521.0,3330.0,9390.0,,,,,,,,,Lone Star College System,The Woodlands,TX,Southwest,Associate,Bachelor
26243.0,11309.0,21149.0,500.0,480.0,630.0,600.0,1109.0,19.0,27.0,23.0,University of North Texas,Denton,TX,Southwest,Bachelor,Graduate
13564.0,2980.0,5620.0,,,,,,,,,Northeast Texas Community College,Mount Pleasant,TX,Southwest,Certificate,Associate
13086.0,2688.0,4926.0,,,,,,,,,Odessa College,Odessa,TX,Southwest,Associate,Bachelor
42865.0,32106.0,32106.0,,,,,,,,19.0,Our Lady of the Lake University,San Antonio,TX,Southwest,Bachelor,Graduate
16830.0,9987.0,19827.0,460.0,420.0,560.0,530.0,985.0,15.0,21.0,,The University of Texas Rio Grande Valley,Edinburg,TX,Southwest,Bachelor,Graduate
10999.0,3148.0,4948.0,,,,,,,,,Texas Southmost College,Brownsville,TX,Southwest,Associate,Associate
13654.0,2352.0,5232.0,,,,,,,,,Panola College,Carthage,TX,Southwest,Certificate,Associate
13626.0,2700.0,5700.0,,,,,,,,,Paris Junior College,Paris,TX,Southwest,Associate,Associate
23587.0,13498.0,13498.0,,,,,,,,,Paul Quinn College,Dallas,TX,Southwest,Bachelor,Graduate
26362.0,11299.0,26874.0,450.0,410.0,550.0,530.0,980.0,16.0,21.0,19.0,Prairie View A & M University,Prairie View,TX,Southwest,Bachelor,Graduate
15017.0,2766.0,9066.0,,,,,,,,,Ranger College,Ranger,TX,Southwest,Associate,Associate
29992.0,16757.0,16757.0,,,,,,,,,Aviation Institute of Maintenance-Houston,Houston,TX,Southwest,Certificate,Certificate
79788.0,64144.0,64144.0,740.0,770.0,770.0,800.0,1553.0,34.0,35.0,35.0,Rice University,Houston,TX,Southwest,Bachelor,Graduate
66719.0,51384.0,51384.0,500.0,470.0,630.0,610.0,1138.0,22.0,28.0,,Saint Edward's University,Austin,TX,Southwest,Bachelor,Graduate
11985.0,3412.0,9952.0,,,,,,,,,St Philip's College,San Antonio,TX,Southwest,Certificate,Associate
45672.0,34634.0,34634.0,500.0,480.0,610.0,600.0,1090.0,18.0,25.0,21.0,University of St Thomas,Houston,TX,Southwest,Bachelor,Graduate
25505.0,9228.0,19068.0,480.0,450.0,570.0,550.0,1041.0,17.0,24.0,21.0,Sam Houston State University,Huntsville,TX,Southwest,Bachelor,Graduate
12343.0,3412.0,9952.0,,,,,,,,,San Antonio College,San Antonio,TX,Southwest,Associate,Bachelor
21293.0,2490.0,6690.0,,,,,,,,,San Jacinto Community College,Pasadena,TX,Southwest,Associate,Bachelor
48004.0,39266.0,39266.0,,,,,,,,21.0,Schreiner University,Kerrville,TX,Southwest,Bachelor,Graduate
47999.0,37434.0,37434.0,465.0,435.0,665.0,645.0,1089.0,15.0,27.0,,St. Mary's University,San Antonio,TX,Southwest,Bachelor,Graduate
13784.0,2731.0,5155.0,,,,,,,,,South Plains College,Levelland,TX,Southwest,Associate,Associate
85606.0,67040.0,67040.0,670.0,670.0,740.0,750.0,1428.0,30.0,34.0,33.0,Southern Methodist University,Dallas,TX,Southwest,Bachelor,Graduate
13554.0,2646.0,6294.0,,,,,,,,,Southwest Texas College,Uvalde,TX,Southwest,Certificate,Associate
34504.0,25064.0,25064.0,460.0,430.0,550.0,540.0,980.0,,,20.0,Nelson University,Waxahachie,TX,Southwest,Bachelor,Graduate
67493.0,53813.0,53813.0,580.0,550.0,670.0,630.0,1241.0,26.0,30.0,28.0,Southwestern University,Georgetown,TX,Southwest,Bachelor,Bachelor
25791.0,11128.0,23426.0,500.0,470.0,600.0,570.0,1066.0,18.0,24.0,21.0,Stephen F Austin State University,Nacogdoches,TX,Southwest,Bachelor,Graduate
28073.0,11450.0,22930.0,500.0,480.0,610.0,590.0,1103.0,19.0,25.0,22.0,Texas State University,San Marcos,TX,Southwest,Bachelor,Graduate
35592.0,25380.0,25380.0,465.0,445.0,610.0,590.0,1031.0,17.0,25.0,21.0,Southwestern Adventist University,Keene,TX,Southwest,Bachelor,Graduate
21854.0,14638.0,14638.0,,,,,,,,,Southwestern Christian College,Terrell,TX,Southwest,Associate,Bachelor
24529.0,7592.0,17672.0,470.0,460.0,550.0,560.0,1024.0,15.0,24.0,16.0,Sul Ross State University,Alpine,TX,Southwest,Bachelor,Graduate
24100.0,8302.0,18142.0,500.0,480.0,590.0,570.0,1075.0,19.0,24.0,20.0,Tarleton State University,Stephenville,TX,Southwest,Bachelor,Graduate
11130.0,1863.0,8370.0,,,,,,,,,Tarrant County College District,Fort Worth,TX,Southwest,Associate,Associate
14200.0,3000.0,7224.0,,,,,,,,,Temple College,Temple,TX,Southwest,Associate,Associate
15998.0,2476.0,5332.0,,,,,,,,,Texarkana College,Texarkana,TX,Southwest,Associate,Associate
24060.0,9892.0,25746.0,510.0,480.0,550.0,560.0,1050.0,,,19.0,Texas A&M University-Kingsville,Kingsville,TX,Southwest,Bachelor,Graduate
32696.0,13154.0,40124.0,580.0,570.0,690.0,710.0,1280.0,25.0,31.0,28.0,Texas A&M University-College Station,College Station,TX,Southwest,Bachelor,Graduate
25261.0,11950.0,29582.0,510.0,500.0,620.0,620.0,1124.0,19.0,27.0,23.0,The University of Texas at Arlington,Arlington,TX,Southwest,Bachelor,Graduate
31247.0,11688.0,44908.0,630.0,620.0,740.0,770.0,1395.0,27.0,33.0,30.0,The University of Texas at Austin,Austin,TX,Southwest,Bachelor,Graduate
29807.0,14644.0,40144.0,580.0,580.0,690.0,720.0,1286.0,24.0,32.0,,The University of Texas at Dallas,Richardson,TX,Southwest,Bachelor,Graduate
19836.0,9744.0,25502.0,450.0,410.0,550.0,530.0,962.0,17.0,22.0,,The University of Texas at El Paso,El Paso,TX,Southwest,Bachelor,Graduate
24505.0,9736.0,25494.0,510.0,500.0,610.0,590.0,1114.0,20.0,26.0,22.0,The University of Texas at Tyler,Tyler,TX,Southwest,Bachelor,Graduate
76604.0,61740.0,61740.0,580.0,560.0,680.0,670.0,1298.0,26.0,31.0,29.0,Texas Christian University,Fort Worth,TX,Southwest,Bachelor,Graduate
20339.0,10008.0,10008.0,,,,,,,,,Texas College,Tyler,TX,Southwest,Bachelor,Bachelor
50002.0,36230.0,36230.0,,,,,,,,,Texas Lutheran University,Seguin,TX,Southwest,Bachelor,Graduate
23886.0,9236.0,21504.0,470.0,440.0,570.0,560.0,1033.0,17.0,23.0,20.0,The University of Texas Permian Basin,Odessa,TX,Southwest,Bachelor,Graduate
22352.0,9011.0,22051.0,510.0,490.0,620.0,600.0,1105.0,19.0,25.0,22.0,The University of Texas at San Antonio,San Antonio,TX,Southwest,Bachelor,Graduate
27052.0,9173.0,21473.0,420.0,380.0,520.0,480.0,914.0,15.0,19.0,17.0,Texas Southern University,Houston,TX,Southwest,Bachelor,Graduate
27443.0,11852.0,24451.0,550.0,540.0,640.0,640.0,1190.0,23.0,28.0,26.0,Texas Tech University,Lubbock,TX,Southwest,Bachelor,Graduate
57451.0,39582.0,39582.0,500.0,520.0,520.0,580.0,1070.0,,,19.0,Texas Wesleyan University,Fort Worth,TX,Southwest,Bachelor,Graduate
22234.0,8640.0,18480.0,,,,,,,,21.0,Texas Woman's University,Denton,TX,Southwest,Bachelor,Graduate
68224.0,53676.0,53676.0,680.0,660.0,750.0,750.0,1416.0,31.0,34.0,31.0,Trinity University,San Antonio,TX,Southwest,Bachelor,Graduate
16654.0,2400.0,4512.0,,,,,,,,,Tyler Junior College,Tyler,TX,Southwest,Associate,Bachelor
14564.0,3720.0,6120.0,,,,,,,,,Vernon College,Vernon,TX,Southwest,Associate,Associate
10514.0,2976.0,5328.0,,,,,,,,,Victoria College,Victoria,TX,Southwest,Associate,Associate
36323.0,23782.0,23782.0,,,,,,,,,Wayland Baptist University,Plainview,TX,Southwest,Bachelor,Graduate
15978.0,5250.0,10860.0,,,,,,,,,Weatherford College,Weatherford,TX,Southwest,Associate,Bachelor
23482.0,9101.0,10996.0,480.0,470.0,590.0,580.0,1050.0,18.0,23.0,21.0,West Texas A & M University,Canyon,TX,Southwest,Bachelor,Graduate
13335.0,3300.0,6150.0,,,,,,,,,Western Texas College,Snyder,TX,Southwest,Associate,Associate
11463.0,3192.0,5904.0,,,,,,,,,Wharton County Junior College,Wharton,TX,Southwest,Associate,Associate
19097.0,12500.0,12500.0,,,,,,,,,Wiley University,Marshall,TX,Southwest,Bachelor,Graduate
22690.0,6688.0,6688.0,640.0,630.0,730.0,730.0,1376.0,28.0,32.0,29.0,Brigham Young University,Provo,UT,West,Bachelor,Graduate
25098.0,6630.0,6630.0,480.0,480.0,620.0,570.0,1130.0,21.0,25.0,24.0,Brigham Young University-Hawaii,Laie,HI,Northwest,Bachelor,Bachelor
20763.0,6306.0,18246.0,,,,,,,,,Utah Tech University,Saint George,UT,West,Certificate,Graduate
33765.0,16548.0,16548.0,,,,,,,,,Eagle Gate College-Murray,Murray,UT,West,Certificate,Graduate
14145.0,4004.0,4004.0,,,,,,,,,Ensign College,Salt Lake City,UT,West,Certificate,Bachelor
12514.0,4338.0,14288.0,,,,,,,,,Snow College,Ephraim,UT,West,Associate,Bachelor
19416.0,6962.0,21192.0,,,,,,,,23.0,Southern Utah University,Cedar City,UT,West,Bachelor,Graduate
21654.0,9228.0,24802.0,540.0,530.0,650.0,640.0,1187.0,20.0,28.0,25.0,Utah State University,Logan,UT,West,Bachelor,Graduate
14765.0,6507.0,18489.0,,,,,,,,,Utah Valley University,Orem,UT,West,Associate,Graduate
14417.0,4426.0,14244.0,,,,,,,,,Salt Lake Community College,Salt Lake City,UT,West,Associate,Associate
25557.0,9620.0,30860.0,600.0,590.0,690.0,690.0,1257.0,22.0,29.0,26.0,University of Utah,Salt Lake City,UT,West,Bachelor,Graduate
16035.0,6557.0,17545.0,,,,,,,,,Weber State University,Ogden,UT,West,Associate,Graduate
57616.0,43528.0,43528.0,540.0,530.0,670.0,640.0,1220.0,23.0,29.0,27.0,Westminster University,Salt Lake City,UT,West,Bachelor,Graduate
87284.0,66262.0,66262.0,703.0,588.0,750.0,653.0,1364.0,30.0,32.0,,Bennington College,Bennington,VT,Northeast,Bachelor,Graduate
65009.0,47850.0,47850.0,620.0,600.0,700.0,680.0,1312.0,26.0,29.0,,Champlain College,Burlington,VT,Northeast,Bachelor,Graduate
21123.0,6920.0,13640.0,,,,,,,,,Community College of Vermont,Montpelier,VT,Northeast,Associate,Associate
85880.0,67600.0,67600.0,720.0,725.0,760.0,790.0,1508.0,33.0,35.0,33.0,Middlebury College,Middlebury,VT,Northeast,Bachelor,Graduate
67357.0,49740.0,49740.0,540.0,520.0,650.0,670.0,1190.0,,,,Norwich University,Northfield,VT,Northeast,Bachelor,Graduate
69079.0,51450.0,51450.0,570.0,550.0,660.0,620.0,1245.0,26.0,31.0,,Saint Michael's College,Colchester,VT,Northeast,Bachelor,Graduate
54410.0,40760.0,40760.0,,,,,,,,,Sterling College,Craftsbury Common,VT,Northeast,Bachelor,Bachelor
25988.0,11952.0,22296.0,,,,,,,,,Vermont State University,Randolph,VT,Northeast,Bachelor,Graduate
35649.0,19058.0,45502.0,660.0,630.0,730.0,710.0,1374.0,30.0,32.0,31.0,University of Vermont,Burlington,VT,Northeast,Bachelor,Graduate
23713.0,14568.0,14568.0,,,,,,,,,Advanced Technology Institute,Virginia Beach,VA,Southeast,Certificate,Associate
53460.0,38550.0,38550.0,448.0,478.0,583.0,560.0,1135.0,15.0,28.0,20.0,Averett University,Danville,VA,Southeast,Bachelor,Graduate
20788.0,5646.0,12084.0,,,,,,,,,Blue Ridge Community College,Weyers Cave,VA,Southeast,Certificate,Associate
42539.0,26770.0,26770.0,,,,,,,,,Bluefield University,Bluefield,VA,Southeast,Bachelor,Graduate
58702.0,16090.0,16090.0,550.0,470.0,680.0,680.0,1180.0,,,25.0,Bridgewater College,Bridgewater,VA,Southeast,Bachelor,Graduate
43035.0,25914.0,51038.0,710.0,690.0,760.0,770.0,1473.0,32.0,34.0,33.0,William & Mary,Williamsburg,VA,Southeast,Bachelor,Graduate
32838.0,21650.0,21650.0,530.0,460.0,650.0,600.0,1153.0,19.0,26.0,26.0,Regent University,Virginia Beach,VA,Southeast,Bachelor,Graduate
12829.0,5157.0,11595.0,,,,,,,,,Central Virginia Community College,Lynchburg,VA,Southeast,Certificate,Associate
33766.0,16828.0,31178.0,550.0,510.0,660.0,630.0,1180.0,25.0,30.0,27.0,Christopher Newport University,Newport News,VA,Southeast,Bachelor,Graduate
23803.0,18489.0,18489.0,,,,,,,,,Bryant & Stratton College-Virginia Beach,Virginia Beach,VA,Southeast,Associate,Bachelor
12565.0,5022.0,11460.0,,,,,,,,,Mountain Gateway Community College,Clifton Forge,VA,Southeast,Certificate,Associate
14126.0,4992.0,11430.0,,,,,,,,,Danville Community College,Danville,VA,Southeast,Certificate,Associate
52854.0,39000.0,39000.0,548.0,503.0,640.0,583.0,1135.0,20.0,26.0,,Emory & Henry University,Emory,VA,Southeast,Bachelor,Graduate
56756.0,43920.0,43920.0,,,,,,,,30.0,Eastern Mennonite University,Harrisonburg,VA,Southeast,Bachelor,Graduate
10998.0,5082.0,11520.0,,,,,,,,,Eastern Shore Community College,Melfa,VA,Southeast,Certificate,Associate
54526.0,28520.0,28520.0,,,,,,,,21.0,Ferrum College,Ferrum,VA,Southeast,Bachelor,Graduate
28604.0,14220.0,38688.0,580.0,580.0,680.0,680.0,1274.0,25.0,30.0,28.0,George Mason University,Fairfax,VA,Southeast,Bachelor,Graduate
12249.0,5257.0,11648.0,,,,,,,,,Germanna Community College,Locust Grove,VA,Southeast,Associate,Associate
70325.0,54550.0,54550.0,520.0,510.0,640.0,610.0,1207.0,23.0,28.0,24.0,Hampden-Sydney College,Hampden-Sydney,VA,Southeast,Bachelor,Bachelor
46027.0,30592.0,30592.0,411.0,379.0,558.0,532.0,969.0,13.0,22.0,,Hampton University,Hampton,VA,Southeast,Bachelor,Graduate
58698.0,43560.0,43560.0,610.0,540.0,700.0,640.0,1230.0,,,,Hollins University,Roanoke,VA,Southeast,Bachelor,Graduate
12428.0,5280.0,11718.0,,,,,,,,,J Sargeant Reynolds Community College,Richmond,VA,Southeast,Certificate,Associate
31735.0,14250.0,31604.0,600.0,570.0,680.0,660.0,1256.0,24.0,29.0,27.0,James Madison University,Harrisonburg,VA,Southeast,Bachelor,Graduate
12196.0,5082.0,11520.0,,,,,,,,,Brightpoint Community College,Chester,VA,Southeast,Certificate,Associate
42025.0,22465.0,22465.0,,,,,,,,,Liberty University,Lynchburg,VA,Southeast,Bachelor,Graduate
34588.0,15744.0,27978.0,530.0,500.0,630.0,580.0,1120.0,19.0,26.0,20.0,Longwood University,Farmville,VA,Southeast,Bachelor,Graduate
12110.0,5072.0,11510.0,,,,,,,,,Laurel Ridge Community College,Middletown,VA,Southeast,Certificate,Associate
50067.0,36750.0,36750.0,520.0,460.0,620.0,610.0,1125.0,,,,University of Lynchburg,Lynchburg,VA,Southeast,Bachelor,Graduate
45935.0,34152.0,34152.0,,,,,,,,,Mary Baldwin University,Staunton,VA,Southeast,Bachelor,Graduate
31137.0,14640.0,27560.0,610.0,560.0,710.0,660.0,1272.0,27.0,31.0,29.0,University of Mary Washington,Fredericksburg,VA,Southeast,Bachelor,Graduate
57184.0,40920.0,40920.0,,,,,,,,,Marymount University,Arlington,VA,Southeast,Bachelor,Graduate
15605.0,5007.0,11445.0,,,,,,,,,Mountain Empire Community College,Big Stone Gap,VA,Southeast,Certificate,Associate
25159.0,10961.0,10961.0,,,,,,,,,American National University,Salem,VA,Southeast,Associate,Graduate
13864.0,4979.0,11417.0,,,,,,,,,New River Community College,Dublin,VA,Southeast,Certificate,Associate
31796.0,16337.0,16337.0,,,,,,,,,Tidewater Tech-Trades,Norfolk,VA,Southeast,Certificate,Certificate
26633.0,10180.0,21682.0,430.0,393.0,520.0,510.0,927.0,16.0,22.0,18.0,Norfolk State University,Norfolk,VA,Southeast,Bachelor,Graduate
17153.0,5891.0,12409.0,,,,,,,,,Northern Virginia Community College,Annandale,VA,Southeast,Associate,Associate
29446.0,12750.0,33780.0,570.0,530.0,650.0,630.0,1197.0,24.0,29.0,24.0,Old Dominion University,Norfolk,VA,Southeast,Bachelor,Graduate
12043.0,5002.0,11440.0,,,,,,,,,Patrick & Henry Community College,Martinsville,VA,Southeast,Associate,Associate
10577.0,5012.0,11450.0,,,,,,,,,Paul D Camp Community College,Franklin,VA,Southeast,Associate,Associate
13297.0,5072.0,11510.0,,,,,,,,,Piedmont Virginia Community College,Charlottesville,VA,Southeast,Associate,Associate
28405.0,12548.0,25633.0,490.0,450.0,600.0,560.0,1060.0,19.0,26.0,21.0,Radford University,Radford,VA,Southeast,Bachelor,Graduate
63985.0,49466.0,49466.0,500.0,480.0,630.0,590.0,1095.0,21.0,27.0,,Randolph-Macon College,Ashland,VA,Southeast,Bachelor,Graduate
45040.0,30310.0,30310.0,550.0,550.0,620.0,590.0,1134.0,19.0,26.0,25.0,Randolph College,Lynchburg,VA,Southeast,Bachelor,Graduate
12333.0,5102.0,11540.0,,,,,,,,,Rappahannock Community College,Glenns,VA,Southeast,Certificate,Associate
32005.0,14801.0,14801.0,,,,,,,,,Fortis College-Norfolk,Norfolk,VA,Southeast,Certificate,Associate
24206.0,9090.0,14970.0,,,,,,,,,Richard Bland College,South Prince George,VA,Southeast,Associate,Associate
80961.0,65230.0,65230.0,700.0,710.0,750.0,780.0,1497.0,33.0,35.0,,University of Richmond,University of Richmond,VA,Southeast,Bachelor,Graduate
27018.0,17250.0,17250.0,,,,,,,,,Riverside College of Health Sciences,Newport News,VA,Southeast,Associate,Bachelor
54283.0,38068.0,38068.0,560.0,530.0,660.0,640.0,1211.0,24.0,31.0,25.0,Roanoke College,Salem,VA,Southeast,Bachelor,Graduate
51928.0,36950.0,36950.0,,,,,,,,,Shenandoah University,Winchester,VA,Southeast,Bachelor,Graduate
21203.0,11739.0,11739.0,,,,,,,,,Southeastern Free Will Baptist Bible College,Wendell,NC,Southeast,Bachelor,Bachelor
34431.0,21280.0,21280.0,,,,,,,,22.0,Southern Virginia University,Buena Vista,VA,Southeast,Bachelor,Bachelor
14036.0,5007.0,11445.0,,,,,,,,,Southside Virginia Community College,Alberta,VA,Southeast,Certificate,Associate
13775.0,5075.0,11513.0,,,,,,,,,Southwest Virginia Community College,Cedar Bluff,VA,Southeast,Certificate,Associate
25158.0,13920.0,13920.0,,,,,,,,,Strayer University-Virginia,Arlington,VA,Southeast,Bachelor,Graduate
43898.0,26160.0,26160.0,560.0,540.0,670.0,640.0,1230.0,,,25.0,Sweet Briar College,Sweet Briar,VA,Southeast,Bachelor,Bachelor
13576.0,5088.0,11526.0,,,,,,,,,Virginia Peninsula Community College,Hampton,VA,Southeast,Associate,Associate
19788.0,5588.0,12296.0,,,,,,,,,Tidewater Community College,Norfolk,VA,Southeast,Associate,Associate
26593.0,11780.0,28010.0,520.0,425.0,580.0,540.0,1050.0,18.0,22.0,22.0,University of Virginia's College at Wise,Wise,VA,Southeast,Bachelor,Graduate
12955.0,5022.0,11460.0,,,,,,,,,Virginia Highlands Community College,Abingdon,VA,Southeast,Certificate,Associate
36951.0,15948.0,37764.0,640.0,640.0,710.0,740.0,1364.0,28.0,32.0,29.0,Virginia Polytechnic Institute and State University,Blacksburg,VA,Southeast,Bachelor,Graduate
11768.0,5400.0,11838.0,,,,,,,,,Virginia Western Community College,Roanoke,VA,Southeast,Certificate,Associate
38954.0,16945.0,40109.0,520.0,490.0,650.0,620.0,1137.0,22.0,30.0,25.0,Virginia Commonwealth University,Richmond,VA,Southeast,Bachelor,Graduate
39926.0,21803.0,59512.0,700.0,710.0,760.0,780.0,1480.0,32.0,35.0,34.0,University of Virginia-Main Campus,Charlottesville,VA,Southeast,Bachelor,Graduate
34824.0,21046.0,52638.0,550.0,500.0,630.0,640.0,1244.0,24.0,31.0,25.0,Virginia Military Institute,Lexington,VA,Southeast,Bachelor,Bachelor
25328.0,11360.0,11360.0,,,,,,,,,Virginia University of Lynchburg,Lynchburg,VA,Southeast,Bachelor,Graduate
27661.0,10043.0,22650.0,440.0,400.0,550.0,520.0,948.0,14.0,20.0,18.0,Virginia State University,Petersburg,VA,Southeast,Bachelor,Graduate
29075.0,17450.0,17450.0,450.0,400.0,475.0,410.0,850.0,,,16.0,Virginia Union University,Richmond,VA,Southeast,Bachelor,Graduate
51255.0,37500.0,37500.0,,,,,,,,29.0,Virginia Wesleyan University,Virginia Beach,VA,Southeast,Bachelor,Graduate
87000.0,68045.0,68045.0,710.0,720.0,760.0,780.0,1498.0,33.0,34.0,34.0,Washington and Lee University,Lexington,VA,Southeast,Bachelor,Graduate
12111.0,5007.0,11445.0,,,,,,,,,Wytheville Community College,Wytheville,VA,Southeast,Certificate,Associate
20309.0,4436.0,10502.0,,,,,,,,,Bellevue College,Bellevue,WA,Northwest,Associate,Bachelor
16104.0,4431.0,5809.0,,,,,,,,,Bellingham Technical College,Bellingham,WA,Northwest,Certificate,Bachelor
21661.0,5059.0,5619.0,,,,,,,,,Big Bend Community College,Moses Lake,WA,Northwest,Associate,Bachelor
28816.0,9417.0,27526.0,,,,,,,,,Central Washington University,Ellensburg,WA,Northwest,Bachelor,Graduate
19910.0,5266.0,5651.0,,,,,,,,,Centralia College,Centralia,WA,Northwest,Associate,Bachelor
19668.0,5233.0,11183.0,,,,,,,,,Clark College,Vancouver,WA,Northwest,Associate,Bachelor
18882.0,6634.0,6634.0,,,,,,,,,Clover Park Technical College,Lakewood,WA,Northwest,Certificate,Bachelor
18261.0,6555.0,8668.0,,,,,,,,,Columbia Basin College,Pasco,WA,Northwest,Associate,Bachelor
24478.0,8586.0,25959.0,,,,,,,,,Eastern Washington University,Cheney,WA,Northwest,Bachelor,Graduate
20062.0,4810.0,10875.0,,,,,,,,,Edmonds College,Lynnwood,WA,Northwest,Associate,Bachelor
20451.0,5032.0,11171.0,,,,,,,,,Everett Community College,Everett,WA,Northwest,Associate,Bachelor
28477.0,9264.0,31905.0,540.0,495.0,663.0,590.0,1216.0,23.0,29.0,23.0,The Evergreen State College,Olympia,WA,Northwest,Bachelor,Graduate
18085.0,5418.0,5976.0,,,,,,,,,Pierce College District,Lakewood,WA,Northwest,Associate,Bachelor
73178.0,55480.0,55480.0,600.0,590.0,700.0,680.0,1335.0,27.0,31.0,29.0,Gonzaga University,Spokane,WA,Northwest,Bachelor,Graduate
15708.0,5593.0,12553.0,,,,,,,,,Grays Harbor College,Aberdeen,WA,Northwest,Associate,Bachelor
22040.0,4711.0,5263.0,,,,,,,,,Green River College,Auburn,WA,Northwest,Associate,Bachelor
31209.0,20928.0,20928.0,,,,,,,,,Heritage University,Toppenish,WA,Northwest,Bachelor,Graduate
18812.0,4772.0,5332.0,,,,,,,,,Highline College,Des Moines,WA,Northwest,Associate,Bachelor
18837.0,6027.0,12165.0,,,,,,,,,Bates Technical College,Tacoma,WA,Northwest,Certificate,Associate
16339.0,5997.0,12062.0,,,,,,,,,Lake Washington Institute of Technology,Kirkland,WA,Northwest,Certificate,Bachelor
16169.0,4626.0,6003.0,,,,,,,,,Lower Columbia College,Longview,WA,Northwest,Associate,Bachelor
18943.0,5238.0,5796.0,,,,,,,,,North Seattle College,Seattle,WA,Northwest,Certificate,Bachelor
50501.0,36035.0,36035.0,540.0,500.0,700.0,650.0,1150.0,,,28.0,Northwest University,Kirkland,WA,Northwest,Bachelor,Graduate
15585.0,4197.0,9740.0,,,,,,,,,Olympic College,Bremerton,WA,Northwest,Associate,Bachelor
62459.0,52254.0,52254.0,540.0,500.0,660.0,600.0,1168.0,22.0,28.0,25.0,Pacific Lutheran University,Tacoma,WA,Northwest,Bachelor,Graduate
18514.0,4718.0,5270.0,,,,,,,,,Peninsula College,Port Angeles,WA,Northwest,Certificate,Bachelor
78378.0,62898.0,62898.0,610.0,560.0,710.0,670.0,1296.0,27.0,31.0,29.0,University of Puget Sound,Tacoma,WA,Northwest,Bachelor,Graduate
17585.0,6308.0,7369.0,,,,,,,,,Renton Technical College,Renton,WA,Northwest,Certificate,Bachelor
62449.0,45510.0,45510.0,510.0,515.0,610.0,620.0,1093.0,16.0,20.0,21.0,Saint Martin's University,Lacey,WA,Northwest,Bachelor,Graduate
15385.0,5238.0,5796.0,,,,,,,,,South Seattle College,Seattle,WA,Northwest,Certificate,Bachelor
17889.0,5184.0,5745.0,,,,,,,,,Seattle Central College,Seattle,WA,Northwest,Associate,Bachelor
56826.0,40407.0,40407.0,,,,,,,,24.0,Seattle Pacific University,Seattle,WA,Northwest,Bachelor,Graduate
72124.0,56721.0,56721.0,620.0,580.0,710.0,720.0,1307.0,23.0,30.0,28.0,Seattle University,Seattle,WA,Northwest,Bachelor,Graduate
16671.0,5115.0,7905.0,,,,,,,,,Shoreline College,Shoreline,WA,Northwest,Associate,Associate
14866.0,5400.0,7500.0,,,,,,,,,Skagit Valley College,Mount Vernon,WA,Northwest,Associate,Bachelor
17888.0,5252.0,5813.0,,,,,,,,,South Puget Sound Community College,Olympia,WA,Northwest,Associate,Associate
13839.0,5461.0,6612.0,,,,,,,,,Spokane Community College,Spokane,WA,Northwest,Associate,Bachelor
15685.0,5461.0,6612.0,,,,,,,,,Spokane Falls Community College,Spokane,WA,Northwest,Associate,Bachelor
16766.0,5507.0,11646.0,,,,,,,,,Tacoma Community College,Tacoma,WA,Northwest,Associate,Bachelor
19268.0,5279.0,6700.0,,,,,,,,,Walla Walla Community College,Walla Walla,WA,Northwest,Associate,Bachelor
45903.0,34227.0,34227.0,,,,,,,,,Walla Walla University,College Place,WA,Northwest,Bachelor,Graduate
27648.0,13391.0,29950.0,,,,,,,,,Washington State University,Pullman,WA,Northwest,Bachelor,Graduate
32446.0,12973.0,43209.0,,,,,,,,,University of Washington-Seattle Campus,Seattle,WA,Northwest,Bachelor,Graduate
20827.0,5267.0,5636.0,,,,,,,,,Wenatchee Valley College,Wenatchee,WA,Northwest,Associate,Bachelor
30359.0,9582.0,28707.0,590.0,560.0,710.0,680.0,1289.0,24.0,31.0,26.0,Western Washington University,Bellingham,WA,Northwest,Bachelor,Graduate
19672.0,5115.0,11037.0,,,,,,,,,Whatcom Community College,Bellingham,WA,Northwest,Associate,Bachelor
78092.0,64050.0,64050.0,670.0,640.0,740.0,740.0,1410.0,29.0,33.0,31.0,Whitman College,Walla Walla,WA,Northwest,Bachelor,Bachelor
68516.0,52880.0,52880.0,550.0,540.0,670.0,660.0,1220.0,21.0,29.0,25.0,Whitworth University,Spokane,WA,Northwest,Bachelor,Graduate
21199.0,5312.0,5873.0,,,,,,,,,Yakima Valley College,Yakima,WA,Northwest,Associate,Bachelor
31423.0,18760.0,18760.0,470.0,408.0,583.0,523.0,1039.0,21.0,23.0,23.0,Appalachian Bible College,Mount Hope,WV,Southeast,Bachelor,Graduate
50758.0,36765.0,36765.0,,,,,,,,22.0,Bethany College,Bethany,WV,Southeast,Bachelor,Graduate
21839.0,10648.0,18376.0,440.0,430.0,540.0,540.0,989.0,17.0,22.0,20.0,Bluefield State University,Bluefield,WV,Southeast,Bachelor,Graduate
46470.0,33800.0,33800.0,,,,,,,,,University of Charleston,Charleston,WV,Southeast,Bachelor,Graduate
20434.0,10664.0,22000.0,440.0,390.0,560.0,530.0,977.0,17.0,24.0,21.0,Concord University,Athens,WV,Southeast,Bachelor,Graduate
44888.0,31820.0,31820.0,,,,,,,,,Davis & Elkins College,Elkins,WV,Southeast,Bachelor,Bachelor
20018.0,8708.0,18924.0,450.0,360.0,560.0,510.0,996.0,17.0,23.0,20.0,Fairmont State University,Fairmont,WV,Southeast,Bachelor,Graduate
23591.0,9578.0,11354.0,,,,,,,,,Glenville State University,Glenville,WV,Southeast,Bachelor,Graduate
17951.0,10050.0,10050.0,,,,,,,,,Ameritas College,Huntington,WV,Southeast,Associate,Associate
22022.0,9162.0,20342.0,480.0,430.0,590.0,560.0,1061.0,19.0,24.0,22.0,Marshall University,Huntington,WV,Southeast,Bachelor,Graduate
9420.0,4612.0,9124.0,,,,,,,,,West Virginia University at Parkersburg,Parkersburg,WV,Southeast,Associate,Bachelor
17619.0,5280.0,13200.0,,,,,,,,,Potomac State College of West Virginia University,Keyser,WV,Southeast,Associate,Bachelor
18650.0,11900.0,11900.0,,,,,,,,,Salem University,Salem,WV,Southeast,Bachelor,Graduate
19601.0,9056.0,19082.0,468.0,410.0,600.0,540.0,1034.0,19.0,24.0,23.0,Shepherd University,Shepherdstown,WV,Southeast,Bachelor,Graduate
18725.0,5136.0,7872.0,,,,,,,,,Southern West Virginia Community and Technical College,Logan,WV,Southeast,Associate,Associate
19772.0,9570.0,14990.0,410.0,350.0,550.0,490.0,955.0,15.0,20.0,,West Virginia State University,Institute,WV,Southeast,Bachelor,Graduate
23809.0,8893.0,17442.0,470.0,420.0,580.0,543.0,1045.0,18.0,24.0,21.0,West Liberty University,West Liberty,WV,Southeast,Bachelor,Graduate
18907.0,8424.0,21072.0,460.0,420.0,570.0,550.0,1033.0,19.0,23.0,22.0,West Virginia University Institute of Technology,Beckley,WV,Southeast,Bachelor,Bachelor
48190.0,34090.0,34090.0,472.0,420.0,600.0,560.0,1052.0,16.0,23.0,21.0,West Virginia Wesleyan College,Buckhannon,WV,Southeast,Bachelor,Graduate
22249.0,14798.0,14798.0,,,,,,,,,West Virginia Junior College-Charleston,Cross Lanes,WV,Southeast,Associate,Associate
24052.0,14798.0,14798.0,,,,,,,,,West Virginia Junior College-Morgantown,Morgantown,WV,Southeast,Associate,Bachelor
13512.0,4706.0,12698.0,,,,,,,,,West Virginia Northern Community College,Wheeling,WV,Southeast,Associate,Associate
26415.0,10104.0,28608.0,520.0,490.0,620.0,600.0,1122.0,20.0,26.0,24.0,West Virginia University,Morgantown,WV,Southeast,Bachelor,Graduate
42504.0,29875.0,29875.0,,,,,,,,20.0,Wheeling University,Wheeling,WV,Southeast,Bachelor,Graduate
51362.0,34086.0,34086.0,,,,,,,,,Alverno College,Milwaukee,WI,Midwest,Bachelor,Graduate
19434.0,4977.0,7255.0,,,,,,,,,Madison Area Technical College,Madison,WI,Midwest,Certificate,Associate
42941.0,30952.0,30952.0,,,,,,,,22.0,Bellin College,Green Bay,WI,Midwest,Bachelor,Graduate
71365.0,60886.0,60886.0,590.0,610.0,720.0,710.0,1287.0,24.0,30.0,26.0,Beloit College,Beloit,WI,Midwest,Bachelor,Bachelor
15522.0,4267.0,6061.0,,,,,,,,,Blackhawk Technical College,Janesville,WI,Midwest,Certificate,Associate
52639.0,38890.0,38890.0,510.0,530.0,640.0,630.0,1190.0,21.0,27.0,25.0,Carroll University,Waukesha,WI,Midwest,Bachelor,Graduate
50822.0,38750.0,38750.0,,,,,1150.0,20.0,25.0,24.0,Carthage College,Kenosha,WI,Midwest,Bachelor,Graduate
53315.0,35470.0,35470.0,,,,,1190.0,22.0,28.0,23.0,Concordia University-Wisconsin,Mequon,WI,Midwest,Bachelor,Graduate
50903.0,35860.0,35860.0,,,,,,,,,Edgewood University,Madison,WI,Midwest,Bachelor,Graduate
16862.0,5040.0,7283.0,,,,,,,,,Fox Valley Technical College,Appleton,WI,Midwest,Certificate,Associate
16242.0,4956.0,7199.0,,,,,,,,,Gateway Technical College,Kenosha,WI,Midwest,Certificate,Associate
48840.0,33396.0,33396.0,,,,,,,,,Lakeland University,Plymouth,WI,Midwest,Bachelor,Graduate
14599.0,4844.0,7087.0,,,,,,,,,Lakeshore Technical College,Cleveland,WI,Midwest,Certificate,Associate
69849.0,56982.0,56982.0,610.0,590.0,710.0,710.0,1350.0,24.0,31.0,30.0,Lawrence University,Appleton,WI,Midwest,Bachelor,Bachelor
37092.0,21550.0,21550.0,485.0,455.0,645.0,615.0,1170.0,20.0,28.0,24.0,Maranatha Baptist University,Watertown,WI,Midwest,Bachelor,Graduate
44450.0,35178.0,35178.0,,,,,,,,21.0,Marian University,Fond Du Lac,WI,Midwest,Bachelor,Graduate
66768.0,51170.0,51170.0,610.0,590.0,680.0,680.0,1310.0,26.0,31.0,28.0,Marquette University,Milwaukee,WI,Midwest,Bachelor,Graduate
15840.0,5002.0,7171.0,,,,,,,,,Mid-State Technical College,Wisconsin Rapids,WI,Midwest,Certificate,Associate
17359.0,5184.0,7427.0,,,,,,,,,Milwaukee Area Technical College,Milwaukee,WI,Midwest,Certificate,Associate
53528.0,43743.0,43743.0,,,,,,,,,Milwaukee Institute of Art & Design,Milwaukee,WI,Midwest,Bachelor,Bachelor
62648.0,50480.0,50480.0,,,,,,,,27.0,Milwaukee School of Engineering,Milwaukee,WI,Midwest,Bachelor,Graduate
14583.0,4819.0,7084.0,,,,,,,,,Moraine Park Technical College,Fond du Lac,WI,Midwest,Certificate,Associate
49270.0,35420.0,35420.0,,,,,1020.0,18.0,21.0,19.0,Mount Mary University,Milwaukee,WI,Midwest,Bachelor,Graduate
14072.0,4793.0,7066.0,,,,,,,,,Nicolet Area Technical College,Rhinelander,WI,Midwest,Certificate,Associate
15768.0,4889.0,7132.0,,,,,,,,,Northcentral Technical College,Wausau,WI,Midwest,Certificate,Associate
15436.0,4960.0,7233.0,,,,,,,,,Northeast Wisconsin Technical College,Green Bay,WI,Midwest,Certificate,Associate
63540.0,51900.0,51900.0,510.0,470.0,680.0,590.0,1176.0,21.0,27.0,24.0,Ripon College,Ripon,WI,Midwest,Bachelor,Graduate
59422.0,45580.0,45580.0,525.0,508.0,680.0,610.0,1182.0,21.0,28.0,27.0,Saint Norbert College,De Pere,WI,Midwest,Bachelor,Graduate
16662.0,4904.0,7147.0,,,,,,,,,Southwest Wisconsin Technical College,Fennimore,WI,Midwest,Certificate,Associate
45558.0,34250.0,34250.0,,,,,1190.0,22.0,26.0,23.0,Viterbo University,La Crosse,WI,Midwest,Bachelor,Graduate
16986.0,4844.0,7087.0,,,,,,,,,Chippewa Valley Technical College,Eau Claire,WI,Midwest,Certificate,Associate
15531.0,4872.0,7115.0,,,,,,,,,Waukesha County Technical College,Pewaukee,WI,Midwest,Certificate,Associate
16078.0,4820.0,7078.0,,,,,,,,,Western Technical College,La Crosse,WI,Midwest,Certificate,Associate
18719.0,8616.0,18716.0,,,,,1050.0,17.0,24.0,21.0,University of Wisconsin-Whitewater,Whitewater,WI,Midwest,Bachelor,Graduate
14981.0,4926.0,7169.0,,,,,,,,,Northwood Technical College,Rice Lake,WI,Midwest,Certificate,Associate
21705.0,9642.0,19228.0,,,,,1220.0,22.0,27.0,24.0,University of Wisconsin-Eau Claire,Eau Claire,WI,Midwest,Bachelor,Graduate
19366.0,8700.0,17288.0,,,,,1120.0,18.0,24.0,22.0,University of Wisconsin-Green Bay,Green Bay,WI,Midwest,Bachelor,Graduate
19593.0,10070.0,19517.0,,,,,1220.0,22.0,27.0,24.0,University of Wisconsin-La Crosse,La Crosse,WI,Midwest,Bachelor,Graduate
48785.0,36110.0,36110.0,530.0,440.0,640.0,590.0,1239.0,23.0,29.0,25.0,Wisconsin Lutheran College,Milwaukee,WI,Midwest,Bachelor,Graduate
19652.0,8532.0,16446.0,,,,,1090.0,18.0,25.0,21.0,University of Wisconsin-Oshkosh,Oshkosh,WI,Midwest,Bachelor,Graduate
18199.0,8270.0,17429.0,,,,,1090.0,17.0,25.0,21.0,University of Wisconsin-Parkside,Kenosha,WI,Midwest,Bachelor,Graduate
27939.0,13450.0,13450.0,,,,,,,,,Herzing University-Madison,Madison,WI,Midwest,Certificate,Graduate
22797.0,10701.0,19265.0,,,,,1150.0,20.0,27.0,23.0,University of Wisconsin-Stout,Menomonie,WI,Midwest,Bachelor,Graduate
19860.0,8812.0,16726.0,,,,,1090.0,18.0,24.0,21.0,University of Wisconsin-Superior,Superior,WI,Midwest,Bachelor,Graduate
28679.0,11603.0,42103.0,670.0,710.0,740.0,780.0,1427.0,29.0,33.0,29.0,University of Wisconsin-Madison,Madison,WI,Midwest,Bachelor,Graduate
22756.0,10398.0,22398.0,,,,,1090.0,18.0,25.0,22.0,University of Wisconsin-Milwaukee,Milwaukee,WI,Midwest,Bachelor,Graduate
21266.0,8644.0,17603.0,,,,,1190.0,21.0,28.0,23.0,University of Wisconsin-Platteville,Platteville,WI,Midwest,Bachelor,Graduate
19781.0,9008.0,17470.0,,,,,1150.0,19.0,26.0,22.0,University of Wisconsin-River Falls,River Falls,WI,Midwest,Bachelor,Graduate
20079.0,9488.0,18508.0,,,,,1150.0,20.0,26.0,22.0,University of Wisconsin-Stevens Point,Stevens Point,WI,Midwest,Bachelor,Graduate
15256.0,4470.0,10770.0,,,,,,,,,Casper College,Casper,WY,West,Associate,Associate
16891.0,4800.0,11100.0,,,,,,,,,Central Wyoming College,Riverton,WY,West,Associate,Bachelor
14076.0,4290.0,10590.0,,,,,,,,,Eastern Wyoming College,Torrington,WY,West,Associate,Associate
13504.0,4613.0,10913.0,,,,,,,,,Laramie County Community College,Cheyenne,WY,West,Associate,Bachelor
16898.0,4962.0,11262.0,,,,,,,,,Northwest College,Powell,WY,West,Associate,Bachelor
17001.0,4830.0,11130.0,,,,,,,,,Northern Wyoming Community College District,Sheridan,WY,West,Associate,Associate
14532.0,4230.0,10530.0,,,,,,,,,Western Wyoming Community College,Rock Springs,WY,West,Associate,Bachelor
24818.0,7768.0,24178.0,,,,,,,,,University of Wyoming,Laramie,WY,West,Bachelor,Graduate
10560.0,5300.0,5600.0,,,,,,,,,American Samoa Community College,Pago Pago,AS,Outlying Areas,Associate,Bachelor
10778.0,3414.0,4614.0,,,,,,,,,Guam Community College,Mangilao,GU,Outlying Areas,Associate,Associate
14961.0,6110.0,11414.0,,,,,,,,,University of Guam,Mangilao,GU,Outlying Areas,Bachelor,Graduate
10545.0,4038.0,5520.0,,,,,,,,,Northern Marianas College,Saipan,MP,Outlying Areas,Associate,Bachelor
11408.0,8306.0,8306.0,,,,,,,,,American Educational College,Bayamon,PR,Outlying Areas,Certificate,Certificate
16834.0,8350.0,8350.0,,,,,,,,,Universidad Adventista de las Antillas,Mayaguez,PR,Outlying Areas,Bachelor,Graduate
12986.0,8280.0,8280.0,,,,,,,,,Atlantic University,Guaynabo,PR,Outlying Areas,Bachelor,Graduate
12976.0,5986.0,5986.0,,,,,,,,,Universidad Central de Bayamon,Bayamón,PR,Outlying Areas,Bachelor,Graduate
18382.0,8505.0,8505.0,,,,,,,,,Albizu University-San Juan,San Juan,PR,Outlying Areas,Bachelor,Graduate
9835.0,8844.0,8844.0,,,,,,,,,Caribbean University-Bayamon,Bayamon,PR,Outlying Areas,Certificate,Graduate
10710.0,8844.0,8844.0,,,,,,,,,Caribbean University-Carolina,Carolina,PR,Outlying Areas,Bachelor,Graduate
18678.0,6550.0,6550.0,,,,,,,,,Pontifical Catholic University of Puerto Rico-Arecibo,Arecibo,PR,Outlying Areas,Bachelor,Graduate
20508.0,6650.0,6650.0,595.0,600.0,680.0,680.0,1300.0,,,,Pontifical Catholic University of Puerto Rico-Ponce,Ponce,PR,Outlying Areas,Bachelor,Graduate
19241.0,12900.0,12900.0,,,,,,,,,CEM College-San Juan,San Juan,PR,Outlying Areas,Certificate,Bachelor
11510.0,6660.0,6660.0,,,,,,,,,Universidad Teologica del Caribe,Trujillo Alto,PR,Outlying Areas,Bachelor,Graduate
6024.0,2580.0,2580.0,,,,,,,,,Colegio Universitario de San Juan,San Juan,PR,Outlying Areas,Associate,Bachelor
14214.0,7750.0,7750.0,,,,,,,,,Universidad Ana G. Mendez-Cupey Campus,San Juan,PR,Outlying Areas,Bachelor,Graduate
12920.0,3370.0,3850.0,,,,,,,,,Puerto Rico Conservatory of Music,San Juan,PR,Outlying Areas,Bachelor,Graduate
15680.0,7050.0,14125.0,,,,,,,,,EDP University of Puerto Rico Inc-San Sebastian,San Sebastian,PR,Outlying Areas,Associate,Graduate
9057.0,4902.0,8502.0,,,,,,,,,Escuela de Artes Plasticas y Diseno de Puerto Rico,San Juan,PR,Outlying Areas,Bachelor,Bachelor
6073.0,1600.0,1600.0,,,,,,,,,Instituto Tecnologico de Puerto Rico-Recinto de Manati,Manati,PR,Outlying Areas,Associate,Associate
14229.0,8750.0,8750.0,,,,,,,,,Huertas College,Caguas,PR,Outlying Areas,Certificate,Bachelor
9960.0,6560.0,6560.0,,,,,,,,,Humacao Community College,Humacao,PR,Outlying Areas,Certificate,Bachelor
15358.0,8664.0,8664.0,,,,,,,,,ICPR Junior College-Arecibo,Arecibo,PR,Outlying Areas,Certificate,Associate
15988.0,8664.0,8664.0,,,,,,,,,ICPR Junior College-Mayaguez,Mayaguez,PR,Outlying Areas,Certificate,Associate
11845.0,3608.0,3608.0,,,,,,,,,Instituto Tecnologico de Puerto Rico-Recinto de Guayama,Guayama,PR,Outlying Areas,Associate,Associate
4451.0,1180.0,1180.0,,,,,,,,,Instituto Tecnologico de Puerto Rico-Recinto de San Juan,San Juan,PR,Outlying Areas,Associate,Associate
16380.0,5780.0,5780.0,,,,,,,,,Inter American University of Puerto Rico-San German,San German,PR,Outlying Areas,Bachelor,Graduate
16057.0,5742.0,5742.0,,,,,,,,,Inter American University of Puerto Rico-Aguadilla,Aguadilla,PR,Outlying Areas,Bachelor,Graduate
16625.0,5780.0,5780.0,,,,,,,,,Inter American University of Puerto Rico-Arecibo,Arecibo,PR,Outlying Areas,Bachelor,Graduate
16051.0,5742.0,5742.0,,,,,,,,,Inter American University of Puerto Rico-Barranquitas,Barranquitas,PR,Outlying Areas,Bachelor,Graduate
16837.0,5780.0,5780.0,,,,,,,,,Inter American University of Puerto Rico-Metro,San Juan,PR,Outlying Areas,Bachelor,Graduate
16065.0,5780.0,5780.0,,,,,,,,,Inter American University of Puerto Rico-Ponce,Mercedita,PR,Outlying Areas,Bachelor,Graduate
16190.0,5780.0,5780.0,,,,,,,,,Inter American University of Puerto Rico-Fajardo,Fajardo,PR,Outlying Areas,Bachelor,Graduate
16475.0,5780.0,5780.0,,,,,,,,,Inter American University of Puerto Rico-Guayama,Guayama,PR,Outlying Areas,Associate,Graduate
16324.0,5780.0,5780.0,,,,,,,,,Inter American University of Puerto Rico-Bayamon,Bayamon,PR,Outlying Areas,Bachelor,Graduate
23233.0,8451.0,8451.0,,,,,,,,,Liceo de Arte y Tecnologia,San Juan,PR,Outlying Areas,Certificate,Certificate
15821.0,12698.0,13853.0,,,,,,,,,NUC University,Bayamon,PR,Outlying Areas,Certificate,Graduate
14498.0,5954.0,5954.0,393.0,398.0,510.0,513.0,909.0,,,,University of Puerto Rico-Aguadilla,Aguadilla,PR,Outlying Areas,Bachelor,Bachelor
17710.0,5354.0,5354.0,,,,,,,,,University of Puerto Rico-Arecibo,Arecibo,PR,Outlying Areas,Bachelor,Graduate
12501.0,6284.0,6284.0,,,,,,,,,University of Puerto Rico,Bayamon,PR,Outlying Areas,Bachelor,Bachelor
19396.0,7986.0,7986.0,411.0,398.0,538.0,519.0,932.0,,,,University of Puerto Rico-Carolina,Carolina,PR,Outlying Areas,Bachelor,Bachelor
15909.0,5354.0,5354.0,421.0,422.0,531.0,542.0,955.0,,,,University of Puerto Rico at Cayey,Cayey,PR,Outlying Areas,Bachelor,Bachelor
19547.0,5364.0,5364.0,,,,,,,,,University of Puerto Rico-Humacao,Humacao,PR,Outlying Areas,Bachelor,Bachelor
20908.0,5354.0,5354.0,,,,,,,,,University of Puerto Rico-Utuado,Utuado,PR,Outlying Areas,Associate,Bachelor
21637.0,5274.0,5274.0,,,,,,,,,University of Puerto Rico-Mayaguez,Mayaguez,PR,Outlying Areas,Bachelor,Graduate
17193.0,5354.0,5354.0,,,,,,,,,University of Puerto Rico at Ponce,Ponce,PR,Outlying Areas,Bachelor,Bachelor
15118.0,5354.0,5354.0,,,,,,,,,University of Puerto Rico-Rio Piedras,San Juan,PR,Outlying Areas,Bachelor,Graduate
14113.0,7750.0,7750.0,,,,,,,,,Universidad Ana G. Mendez-Carolina Campus,Carolina,PR,Outlying Areas,Bachelor,Graduate
19728.0,6410.0,6410.0,,,,,,,,,Universidad del Sagrado Corazon,Santurce,PR,Outlying Areas,Bachelor,Graduate
14642.0,7707.0,7707.0,,,,,,,,,Universidad Central Del Caribe,Bayamon,PR,Outlying Areas,Certificate,Graduate
23368.0,9870.0,9870.0,,,,,,,,,Universidad Politecnica de Puerto Rico,Hato Rey,PR,Outlying Areas,Bachelor,Graduate
18605.0,6550.0,6550.0,,,,,,,,,Pontifical Catholic University of Puerto Rico-Mayaguez,Mayaguez,PR,Outlying Areas,Bachelor,Graduate
14224.0,7750.0,7750.0,,,,,,,,,Universidad Ana G. Mendez-Gurabo Campus,Gurabo,PR,Outlying Areas,Bachelor,Graduate
10445.0,5050.0,5050.0,,,,,,,,,College of Micronesia-FSM,Pohnpei,FM,Outlying Areas,Associate,Bachelor
9624.0,3730.0,3970.0,,,,,,,,,Palau Community College,Koror,PW,Outlying Areas,Associate,Associate
17771.0,5957.0,16557.0,423.0,360.0,550.0,480.0,938.0,19.0,22.0,17.0,University of the Virgin Islands,Charlotte Amalie,VI,Outlying Areas,Bachelor,Graduate
87833.0,65910.0,65910.0,740.0,770.0,780.0,800.0,1553.0,34.0,35.0,35.0,Stanford University,Stanford,CA,Northwest,Bachelor,Graduate
24591.0,9992.0,28794.0,600.0,600.0,720.0,760.0,1364.0,27.0,34.0,30.0,Purdue University-Main Campus,West Lafayette,IN,Midwest,Bachelor,Graduate
42167.0,17893.0,17893.0,,,,,,,,,Parker University,Dallas,TX,Southwest,Bachelor,Graduate
15740.0,7050.0,14125.0,,,,,,,,,EDP University of Puerto Rico Inc-San Juan,San Juan,PR,Outlying Areas,Associate,Graduate
15133.0,8664.0,8664.0,,,,,,,,,ICPR Junior College,Hato Rey,PR,Outlying Areas,Certificate,Associate
17608.0,3104.0,10064.0,400.0,360.0,520.0,500.0,919.0,15.0,21.0,,Georgia State University-Perimeter College,Atlanta,GA,Southeast,Associate,Associate
21274.0,3386.0,5954.0,,,,,,,,,Georgia Piedmont Technical College,Clarkston,GA,Southeast,Certificate,Associate
13314.0,5460.0,6360.0,,,,,,,,,Warren County Community College,Washington,NJ,Northeast,Associate,Associate
55824.0,40504.0,40504.0,680.0,610.0,750.0,710.0,1426.0,28.0,34.0,28.0,St. John's College,Santa Fe,NM,Southwest,Bachelor,Graduate
19500.0,8600.0,8600.0,,,,,,,,,Bais Medrash Elyon,Monsey,NY,Northeast,Bachelor,Bachelor
31313.0,21294.0,21294.0,,,,,1020.0,17.0,19.0,,Mid-America Christian University,Oklahoma City,OK,Southwest,Bachelor,Graduate
11946.0,3412.0,9952.0,,,,,,,,,Palo Alto College,San Antonio,TX,Southwest,Associate,Bachelor
15783.0,3390.0,5958.0,,,,,,,,,Athens Technical College,Athens,GA,Southeast,Certificate,Associate
34541.0,13295.0,13295.0,,,,,,,,,Beckfield College-Florence,Florence,KY,Southeast,Associate,Bachelor
36763.0,16990.0,16990.0,,,,,,,,,Dorsey College-Wayne,Wayne,MI,Midwest,Certificate,Certificate
14708.0,5544.0,9024.0,,,,,,,,,Sussex County Community College,Newton,NJ,Northeast,Associate,Associate
83124.0,66540.0,66540.0,,,,,,,,,Landmark College,Putney,VT,Northeast,Associate,Graduate
19682.0,6100.0,6100.0,,,,,,,,,Yeshiva Gedolah of Greater Detroit,Oak Park,MI,Midwest,Bachelor,Bachelor
15237.0,2014.0,6064.0,,,,,,,,,Collin County Community College District,McKinney,TX,Southwest,Associate,Bachelor
13476.0,4728.0,6432.0,,,,,,,,,Owensboro Community and Technical College,Owensboro,KY,Southeast,Certificate,Associate
30055.0,18484.0,18484.0,,,,,,,,,ECPI University,Virginia Beach,VA,Southeast,Associate,Graduate
30808.0,13955.0,13955.0,,,,,,,,,Fortis Institute-Forty Fort,Forty Fort,PA,Northeast,Certificate,Certificate
15483.0,13713.0,13713.0,,,,,,,,,Laurel Technical Institute,Uniontown,PA,Northeast,Associate,Associate
30830.0,16757.0,16757.0,,,,,,,,,Aviation Institute of Maintenance-Philadelphia,Philadelphia,PA,Northeast,Certificate,Certificate
33929.0,16990.0,16990.0,,,,,,,,,Dorsey College-Roseville,Roseville,MI,Midwest,Certificate,Certificate
13637.0,5040.0,8910.0,,,,,,,,,Southern Union State Community College,Wadley,AL,Southeast,Certificate,Associate
35322.0,18145.0,18145.0,,,,,,,,,South University-Columbia,Columbia,SC,Southeast,Bachelor,Graduate
17202.0,6030.0,6030.0,,,,,,,,,Lac Courte Oreilles Ojibwe University,Hayward,WI,Midwest,Associate,Graduate
32164.0,14922.0,14922.0,,,,,,,,,Platt College-Los Angeles,Alhambra,CA,Northwest,Certificate,Bachelor
13629.0,3048.0,6096.0,,,,,,,,,St Charles Community College,Cottleville,MO,Midwest,Associate,Associate
35325.0,12540.0,12540.0,,,,,,,,,University of Massachusetts Global,Aliso Viejo,CA,Northwest,Bachelor,Graduate
24449.0,6916.0,29944.0,540.0,520.0,625.0,620.0,1150.0,21.0,26.0,26.0,New College of Florida,Sarasota,FL,Southeast,Bachelor,Graduate
10405.0,1474.0,3418.0,,,,,,,,,Luna Community College,Las Vegas,NM,Southwest,Certificate,Associate
19300.0,9300.0,9300.0,,,,,,,,,Yeshivah Gedolah Rabbinical College,Miami Beach,FL,Southeast,Bachelor,Non-degree-granting
10000.0,8844.0,8844.0,,,,,,,,,Caribbean University-Ponce,Ponce,PR,Outlying Areas,Bachelor,Graduate
9936.0,8844.0,8844.0,,,,,,,,,Caribbean University-Vega Baja,Vega Baja,PR,Outlying Areas,Bachelor,Graduate
32794.0,19365.0,19365.0,,,,,,,,,University of Advancing Technology,Tempe,AZ,Southwest,Associate,Graduate
18375.0,2358.0,8958.0,,,,,,,,,Paradise Valley Community College,Phoenix,AZ,Southwest,Certificate,Associate
17845.0,2358.0,8958.0,,,,,,,,,Chandler-Gilbert Community College,Chandler,AZ,Southwest,Certificate,Associate
25161.0,7980.0,7980.0,,,,,,,,,South Florida Bible College and Theological Seminary,Deerfield Beach,FL,Southeast,Associate,Graduate
33192.0,18240.0,25980.0,,,,,,,,,Pennsylvania College of Technology,Williamsport,PA,Northeast,Associate,Graduate
45244.0,15313.0,15313.0,498.0,498.0,678.0,593.0,1110.0,,,,Commonwealth Institute of Funeral Service,Houston,TX,Southwest,Associate,Associate
15570.0,3610.0,3610.0,,,,,,,,,Stone Child College,Box Elder,MT,West,Associate,Bachelor
12429.0,6630.0,12460.0,,,,,,,,,Suffolk County Community College,Selden,NY,Northeast,Associate,Associate
15138.0,1168.0,9808.0,,,,,,,,,Las Positas College,Livermore,CA,Northwest,Associate,Associate
17125.0,3388.0,5956.0,,,,,,,,,Ogeechee Technical College,Statesboro,GA,Southeast,Certificate,Associate
32998.0,16411.0,16411.0,,,,,,,,,Remington College-Mobile Campus,Mobile,AL,Southeast,Certificate,Associate
26505.0,14894.0,14894.0,,,,,,,,,Southern Technical College,Fort Myers,FL,Southeast,Certificate,Associate
21649.0,8082.0,20682.0,,,,,,,,,California State University-San Marcos,San Marcos,CA,Northwest,Bachelor,Graduate
21837.0,10970.0,10970.0,,,,,,,,,Interactive College of Technology-Newport,Newport,KY,Southeast,Certificate,Associate
21770.0,10970.0,10970.0,,,,,,,,,Interactive College of Technology,Houston,TX,Southwest,Associate,Associate
12157.0,3342.0,5238.0,,,,,,,,,NorthWest Arkansas Community College,Bentonville,AR,Southeast,Certificate,Associate
20495.0,12075.0,12075.0,,,,,,,,,Capital Area Career Center,Springfield,IL,Midwest,Certificate,Certificate
27710.0,20350.0,20350.0,,,,,,,,,Nossi College of Art and Design,Nashville,TN,Southeast,Bachelor,Bachelor
19660.0,3400.0,5968.0,,,,,,,,,Southeastern Technical College,Vidalia,GA,Southeast,Certificate,Associate
30495.0,20500.0,20500.0,,,,,,,,24.0,Worsham College of Mortuary Science,Wheeling,IL,Midwest,Associate,Associate
26626.0,15868.0,15868.0,,,,,,,,,Bryan University,Springfield,MO,Midwest,Associate,Graduate
31288.0,15543.0,15543.0,,,,,,,,,Fortis College-Smyrna,Smyrna,GA,Southeast,Certificate,Associate
15989.0,12500.0,12500.0,,,,,,,,,Yeshiva Gedolah Imrei Yosef D'spinka,Brooklyn,NY,Northeast,Bachelor,Bachelor
29267.0,15876.0,15876.0,,,,,,,,,Remington College-Cleveland Campus,Cleveland,OH,Midwest,Certificate,Associate
18696.0,12900.0,12900.0,,,,,,,,,CEM College-Humacao,Humacao,PR,Outlying Areas,Associate,Bachelor
17275.0,6840.0,7480.0,,,,,,,,,College of the Marshall Islands,Majuro,MH,Outlying Areas,Associate,Bachelor
31669.0,16071.0,16071.0,,,,,,,,,Remington College-Fort Worth Campus,North Richland Hills,TX,Southwest,Certificate,Associate
31642.0,16637.0,16637.0,,,,,,,,,Centura College-Newport News,Newport News,VA,Southeast,Certificate,Certificate
36328.0,16637.0,16637.0,,,,,,,,,Centura College-Norfolk,Norfolk,VA,Southeast,Certificate,Associate
30038.0,18100.0,18100.0,,,,,,,,,Northwest College of Art & Design,Tacoma,WA,Northwest,Bachelor,Bachelor
26908.0,12919.0,43155.0,,,,,,,,,University of Washington-Bothell Campus,Bothell,WA,Northwest,Bachelor,Graduate
25346.0,13168.0,43404.0,,,,,,,,,University of Washington-Tacoma Campus,Tacoma,WA,Northwest,Bachelor,Graduate
54944.0,11000.0,11000.0,,,,,,,,,Pacific College of Health and Science,San Diego,CA,Northwest,Certificate,Graduate
12043.0,3480.0,3480.0,,,,,,,,,Bay Mills Community College,Brimley,MI,Midwest,Certificate,Bachelor
19659.0,6006.0,6006.0,,,,,,,,,Fond du Lac Tribal and Community College,Cloquet,MN,Midwest,Associate,Bachelor
10551.0,4365.0,4365.0,,,,,,,,,Northwest Indian College,Bellingham,WA,Northwest,Associate,Bachelor
30099.0,16548.0,16548.0,,,,,,,,,Provo College,Provo,UT,West,Bachelor,Bachelor
13318.0,2766.0,14746.0,,,,,,,,,Southwest College for the Deaf,Big Spring,TX,Southwest,Certificate,Associate
31646.0,15688.0,15688.0,,,,,,,,,Fortis College-Richmond,Richmond,VA,Southeast,Certificate,Associate
15702.0,3204.0,8340.0,,,,,,,,,Hawaii Community College,Hilo,HI,Northwest,Associate,Associate
9907.0,1372.0,3268.0,,,,,,,,,Eastern New Mexico University Ruidoso Branch Community College,Ruidoso,NM,Southwest,Certificate,Associate
70775.0,51680.0,51680.0,,,,,,,,,Beacon College,Leesburg,FL,Southeast,Bachelor,Bachelor
18040.0,2358.0,8958.0,,,,,,,,,Estrella Mountain Community College,Avondale,AZ,Southwest,Certificate,Associate
16727.0,5550.0,13110.0,,,,,,,,,Heartland Community College,Normal,IL,Midwest,Certificate,Associate
22600.0,12700.0,12700.0,,,,,,,,,Rabbi Jacob Joseph School,Edison,NJ,Northeast,Bachelor,Bachelor
29552.0,15348.0,15348.0,,,,,,,,,Fortis Institute-Scranton,Scranton,PA,Northeast,Certificate,Associate
38913.0,21680.0,21680.0,,,,,,,,,Everglades University,Boca Raton,FL,Southeast,Bachelor,Graduate
31285.0,12500.0,12500.0,,,,,,,,,Seminar L'moros Bais Yaakov,Brooklyn,NY,Northeast,Certificate,Associate
26664.0,13450.0,13450.0,,,,,,,,,Herzing University-Orlando,Winter Park,FL,Southeast,Associate,Graduate
11523.0,9350.0,9350.0,,,,,,,,,College of Biblical Studies-Houston,Houston,TX,Southwest,Bachelor,Bachelor
18216.0,1390.0,13570.0,,,,,,,,,Copper Mountain Community College,Joshua Tree,CA,Northwest,Associate,Associate
13818.0,1164.0,9612.0,,,,,,,,,Santiago Canyon College,Orange,CA,Northwest,Associate,Associate
37992.0,20515.0,20515.0,,,,,,,,,Southern California Institute of Technology,Anaheim,CA,Northwest,Certificate,Bachelor
55064.0,38728.0,38728.0,620.0,713.0,720.0,790.0,1440.0,,,26.0,Soka University of America,Aliso Viejo,CA,Northwest,Bachelor,Graduate
22505.0,6920.0,6920.0,,,,,,,,,World Mission University,Los Angeles,CA,Northwest,Bachelor,Graduate
19844.0,2907.0,9987.0,,,,,,,,,Coconino Community College,Flagstaff,AZ,Southwest,Certificate,Associate
17880.0,8640.0,8640.0,,,,,,,,,Yeshivas Novominsk,Brooklyn,NY,Northeast,Associate,Bachelor
41283.0,22300.0,22300.0,,,,,,,,,Rabbinical College of Ohr Shimon Yisroel,Brooklyn,NY,Northeast,Bachelor,Bachelor
8628.0,4308.0,10158.0,,,,,,,,,Carroll Community College,Westminster,MD,Northeast,Associate,Associate
34369.0,17048.0,17048.0,,,,,,,,,Galen College of Nursing-Tampa Bay,Saint Petersburg,FL,Southeast,Associate,Bachelor
34565.0,17048.0,17048.0,,,,,,,,,Galen College of Nursing-San Antonio,San Antonio,TX,Southwest,Associate,Bachelor
28080.0,7168.0,7168.0,,,,,,,,,Pacific Bible College,Medford,OR,Northwest,Bachelor,Bachelor
33447.0,17368.0,17368.0,,,,,,,,,Florida National University-Main Campus,Hialeah,FL,Southeast,Associate,Graduate
9561.0,4920.0,7620.0,,,,,,,,,South Texas College,McAllen,TX,Southwest,Associate,Bachelor
26987.0,7779.0,20379.0,,,,,,,,,California State University-Monterey Bay,Seaside,CA,Northwest,Bachelor,Graduate
32443.0,17083.0,17083.0,,,,,,,,,Remington College-Memphis Campus,Memphis,TN,Southeast,Certificate,Associate
22820.0,14400.0,14400.0,,,,,,,,,Capella University,Minneapolis,MN,Midwest,Bachelor,Graduate
16144.0,6200.0,6200.0,,,,,,,,,College of Menominee Nation,Keshena,WI,Midwest,Associate,Bachelor
16717.0,4850.0,4850.0,,,,,,,,,Leech Lake Tribal College,Cass Lake,MN,Midwest,Associate,Associate
18206.0,11394.0,11394.0,,,,,,,,,Mech-Tech College,Caguas,PR,Outlying Areas,Certificate,Associate
59356.0,15804.0,15804.0,,,,,,,,,Pacific College of Health and Science,New York,NY,Northeast,Associate,Graduate
26786.0,7176.0,7176.0,,,,,,,,,Trine University-Regional/Non-Traditional Campuses,Angola,IN,Midwest,Bachelor,Graduate
12306.0,7110.0,13350.0,,,,,,,,,Pennsylvania Highlands Community College,Johnstown,PA,Northeast,Associate,Associate
24592.0,11064.0,11064.0,,,,,1020.0,17.0,19.0,22.0,Southeast Missouri Hospital College of Nursing and Health Sciences,Cape Girardeau,MO,Midwest,Associate,Bachelor
29881.0,11620.0,11620.0,,,,,,,,,Messenger College,Bedford,TX,Southwest,Bachelor,Bachelor
45829.0,20230.0,20230.0,,,,,,,,,Veeb Nassau County School of Practical Nursing,Hicksville,NY,Northeast,Certificate,Certificate
20379.0,16250.0,16250.0,,,,,,,,,Northern Career Institute,Eastlake,OH,Midwest,Certificate,Certificate
14487.0,9095.0,9095.0,,,,,,,,,Automeca Technical College-Aguadilla,Aguadilla,PR,Outlying Areas,Certificate,Certificate
11600.0,4700.0,4700.0,,,,,,,,,United Technical Center,Clarksburg,WV,Southeast,Certificate,Certificate
19463.0,9895.0,9895.0,,,,,,,,,Central California School of Continuing Education,San Luis Obispo,CA,Northwest,Certificate,Certificate
28228.0,14575.0,14575.0,,,,,,,,,Jna Institute of Culinary Arts,Philadelphia,PA,Northeast,Certificate,Associate
13703.0,9095.0,9095.0,,,,,,,,,Automeca Technical College-Bayamon,Bayamon,PR,Outlying Areas,Certificate,Certificate
14262.0,9095.0,9095.0,,,,,,,,,Automeca Technical College-Caguas,Caguas,PR,Outlying Areas,Certificate,Certificate
14278.0,9095.0,9095.0,,,,,,,,,Automeca Technical College-Ponce,Ponce,PR,Outlying Areas,Certificate,Certificate
20600.0,9200.0,9200.0,,,,,,,,,Yeshiva D'monsey Rabbinical College,Monsey,NY,Northeast,Bachelor,Bachelor
11932.0,3412.0,9952.0,,,,,,,,,Northwest Vista College,San Antonio,TX,Southwest,Associate,Associate
24902.0,3380.0,5948.0,,,,,,,,,Oconee Fall Line Technical College,Sandersville,GA,Southeast,Certificate,Associate
15075.0,4156.0,7036.0,,,,,,,,,York County Community College,Wells,ME,Northeast,Associate,Associate
16071.0,3312.0,4776.0,,,,,,,,,Arkansas State University-Mountain Home,Mountain Home,AR,Southeast,Certificate,Associate
18608.0,5940.0,10260.0,,,,,,,,,Columbia Gorge Community College,The Dalles,OR,Northwest,Associate,Associate
13267.0,4896.0,5616.0,,,,,,,,,Tillamook Bay Community College,Tillamook,OR,Northwest,Associate,Associate
38153.0,26091.0,26091.0,,,,,,,,,Arizona College of Nursing-Tempe,Tempe,AZ,Southwest,Bachelor,Bachelor
26182.0,18383.0,18383.0,,,,,,,,,Eastern International College-Jersey City,Jersey City,NJ,Northeast,Bachelor,Bachelor
14650.0,5544.0,5544.0,,,,,,,,,Oregon Coast Community College,Newport,OR,Northwest,Associate,Associate
24878.0,12097.0,12097.0,520.0,520.0,630.0,610.0,1148.0,18.0,28.0,,Embry-Riddle Aeronautical University-Worldwide,Daytona Beach,FL,Southeast,Bachelor,Graduate
28427.0,16757.0,16757.0,,,,,,,,,Aviation Institute of Maintenance-Norfolk,Norfolk,VA,Southeast,Certificate,Certificate
66800.0,19400.0,19400.0,,,,,,,,,Miami Ad School,Miami,FL,Southeast,Certificate,Certificate
37884.0,24480.0,24480.0,,,,,,,,,Southeastern College-Boynton Beach,Boynton Beach,FL,Southeast,Associate,Bachelor
15644.0,4965.0,8025.0,,,,,,,,,Klamath Community College,Klamath Falls,OR,Northwest,Certificate,Associate
19353.0,7608.0,7608.0,,,,,,,,,Urban College of Boston,Boston,MA,Northeast,Associate,Associate
12341.0,6750.0,12747.0,,,,,,,,,San Juan Bautista School of Medicine,Caguas,PR,Outlying Areas,Bachelor,Graduate
38884.0,14085.0,14085.0,,,,,,,,,Cayuga Onondaga BOCES-Practical Nursing Program,Auburn,NY,Northeast,Certificate,Certificate
8846.0,7796.0,7796.0,,,,,,,,,Colegio de Cinematografia Artes y Television,Bayamon,PR,Outlying Areas,Associate,Associate
35713.0,16190.0,16190.0,,,,,,,,,UPMC Mercy School of Nursing,Pittsburgh,PA,Northeast,Certificate,Certificate
27895.0,14922.0,14922.0,,,,,,,,,Platt College-Ontario,Ontario,CA,Northwest,Associate,Bachelor
16728.0,8658.0,8658.0,,,,,,,,,Western Governors University,Salt Lake City,UT,West,Bachelor,Graduate
46233.0,37667.0,37667.0,,,,,,,,,California Aeronautical University,Bakersfield,CA,Northwest,Bachelor,Graduate
28414.0,13450.0,13450.0,,,,,,,,,Herzing University-New Orleans,Metairie,LA,Southeast,Associate,Graduate
20807.0,6118.0,25162.0,530.0,510.0,610.0,590.0,1114.0,20.0,25.0,22.0,Florida Gulf Coast University,Fort Myers,FL,Southeast,Bachelor,Graduate
12581.0,5400.0,5400.0,,,,,,,,,Little Priest Tribal College,Winnebago,NE,Midwest,Associate,Associate
19044.0,4210.0,4210.0,,,,,,,,,South Louisiana Community College,Lafayette,LA,Southeast,Certificate,Associate
35500.0,16750.0,16750.0,,,,,,,,,Myotherapy Institute,Lincoln,NE,Midwest,Associate,Associate
14377.0,5260.0,5260.0,,,,,,,,,Ilisagvik College,Barrow,AK,Northwest,Certificate,Bachelor
15781.0,4432.0,11010.0,,,,,,,,,Community College of Baltimore County,Baltimore,MD,Northeast,Associate,Associate
20963.0,5490.0,5490.0,,,,,,,,,White Earth Tribal and Community College,Mahnomen,MN,Midwest,Associate,Associate
11572.0,7630.0,7630.0,,,,,,,,,Dewey University-Carolina,Carolina,PR,Outlying Areas,Associate,Bachelor
25800.0,11500.0,11500.0,,,,,,,,,Yeshiva College of the Nations Capital,Silver  Spring,MD,Northeast,Bachelor,Bachelor
16783.0,4079.0,4079.0,,,,,,,,,River Parishes Community College,Gonzales,LA,Southeast,Certificate,Associate
12575.0,9100.0,9100.0,,,,,,,,,Century College,San Juan,PR,Outlying Areas,Certificate,Certificate
27385.0,19450.0,19450.0,,,,,,,,,FINE Mortuary College,Norwood,MA,Northeast,Associate,Associate
29112.0,13800.0,13800.0,,,,,,,,,International Baptist College and Seminary,Chandler,AZ,Southwest,Bachelor,Graduate
22933.0,18140.0,40808.0,480.0,430.0,600.0,600.0,1060.0,,,23.0,University of Connecticut-Waterbury Campus,Waterbury,CT,Northeast,Bachelor,Graduate
23337.0,18140.0,40808.0,490.0,470.0,610.0,580.0,1090.0,,,25.0,University of Connecticut-Avery Point,Groton,CT,Northeast,Bachelor,Graduate
30122.0,18150.0,40818.0,470.0,460.0,630.0,630.0,1094.0,25.0,32.0,25.0,University of Connecticut-Stamford,Stamford,CT,Northeast,Bachelor,Graduate
16522.0,4321.0,4321.0,,,,,,,,,Baton Rouge Community College,Baton Rouge,LA,Southeast,Certificate,Associate
38739.0,18840.0,18840.0,,,,,,,,,Professional Golfers Career College,Temecula,CA,Northwest,Associate,Associate
23743.0,13527.0,13527.0,,,,,,,,,American InterContinental University-Atlanta,Atlanta,GA,Southeast,Bachelor,Graduate
17258.0,4722.0,4722.0,,,,,,,,,Eastern West Virginia Community and Technical College,Moorefield,WV,Southeast,Associate,Associate
33420.0,16757.0,16757.0,,,,,,,,,Aviation Institute of Maintenance-Indianapolis,Indianapolis,IN,Midwest,Certificate,Associate
21077.0,5157.0,11296.0,,,,,,,,,Cascadia College,Bothell,WA,Northwest,Associate,Bachelor
37647.0,21870.0,21870.0,,,,,,,,,MDT College of Health Sciences,Chicago,IL,Midwest,Certificate,Certificate
18075.0,12480.0,12480.0,,,,,,,,,The King's University,Southlake,TX,Southwest,Bachelor,Graduate
33133.0,16467.0,16467.0,,,,,,,,,Fortis College-Baton Rouge,Baton Rouge,LA,Southeast,Certificate,Associate
30435.0,14946.0,14946.0,,,,,,,,,Fortis College-Orange Park,Orange Park,FL,Southeast,Certificate,Associate
13032.0,7203.0,7516.0,,,,,,,,,Pacific Islands University,Mangilao,GU,Outlying Areas,Associate,Bachelor
17760.0,10088.0,10088.0,,,,,,,,,Rosedale Bible College,Irwin,OH,Midwest,Associate,Associate
32167.0,16657.0,16657.0,,,,,,,,,Aviation Institute of Maintenance-Atlanta,Duluth,GA,Southeast,Certificate,Associate
29692.0,15837.0,15837.0,,,,,,,,,Remington College-Baton Rouge Campus,Baton Rouge,LA,Southeast,Certificate,Associate
15060.0,3312.0,4752.0,,,,,,,,,Arkansas State University-Newport,Newport,AR,Southeast,Certificate,Associate
15539.0,8954.0,8954.0,,,,,,,,,Atenas University,Manati,PR,Outlying Areas,Associate,Graduate
20170.0,10970.0,10970.0,,,,,,,,,Interactive College of Technology,Pasadena,TX,Southwest,Certificate,Associate
38047.0,25900.0,25900.0,,,,,,,,,Pillar College,Newark,NJ,Northeast,Bachelor,Graduate
29798.0,13566.0,37356.0,605.0,538.0,670.0,648.0,1255.0,,,25.0,Oregon State University-Cascades Campus,Bend,OR,Northwest,Bachelor,Graduate
19424.0,2730.0,2730.0,,,,,,,,,Saginaw Chippewa Tribal College,Mount Pleasant,MI,Midwest,Associate,Associate
39461.0,19040.0,19040.0,,,,,,,,,Smith Chason College,Los Angeles,CA,Northwest,Associate,Bachelor
28916.0,19025.0,19025.0,,,,,,,,,Texas County Technical College,Houston,MO,Midwest,Certificate,Associate
31898.0,16757.0,16757.0,,,,,,,,,Aviation Institute of Maintenance-Kansas City,Kansas City,MO,Midwest,Certificate,Certificate
22780.0,13000.0,13000.0,,,,,,,,,Yeshiva Shaarei Torah of Rockland,Suffern,NY,Northeast,Associate,Bachelor
42272.0,22947.0,22947.0,,,,,,,,,American Institute of Alternative Medicine,Columbus,OH,Midwest,Certificate,Graduate
12652.0,4560.0,4560.0,,,,,,,,,Universidad Pentecostal Mizpa,Rio Piedras,PR,Outlying Areas,Associate,Graduate
11284.0,8700.0,8700.0,,,,,,,,,Caribbean Forensic and Technical College,San Juan,PR,Outlying Areas,Certificate,Certificate
19245.0,2844.0,12924.0,,,,,,,,,Lamar Institute of Technology,Beaumont,TX,Southwest,Certificate,Associate
31817.0,16757.0,16757.0,,,,,,,,,Aviation Institute of Maintenance-Dallas,Irving,TX,Southwest,Certificate,Certificate
23718.0,6765.0,21833.0,,,,,,,,,Nevada State University,Henderson,NV,Northwest,Bachelor,Graduate
23561.0,7159.0,19759.0,,,,,,,,,California State University-Channel Islands,Camarillo,CA,Northwest,Bachelor,Graduate
86474.0,66398.0,66398.0,723.0,770.0,768.0,790.0,1520.0,,,35.0,Franklin W Olin College of Engineering,Needham,MA,Northeast,Bachelor,Bachelor
47879.0,32933.0,32933.0,,,,,,,,,Saint Joseph's University - Lancaster,Lancaster,PA,Northeast,Associate,Graduate
25936.0,14798.0,14798.0,,,,,,,,,West Virginia Junior College-Bridgeport,Bridgeport,WV,Southeast,Associate,Associate
23501.0,11210.0,11210.0,,,,,,,,,Interactive College of Technology-Gainesville,Gainesville,GA,Southeast,Certificate,Associate
23944.0,9660.0,9660.0,,,,,,,,,Alaska Christian College,Soldotna,AK,Northwest,Associate,Associate
15318.0,8520.0,8520.0,,,,,,,,,University of Arkansas Grantham,LIttle Rock,AR,Southeast,Bachelor,Graduate
8282.0,932.0,932.0,,,,,,,,,Tohono O'odham Community College,Sells,AZ,Southwest,Associate,Associate
31368.0,8850.0,8850.0,,,,,,,,,Faith International University,Tacoma,WA,Northwest,Bachelor,Graduate
39014.0,25080.0,25080.0,,,,,,,,,Southeastern College-Charleston,North Charleston,SC,Southeast,Certificate,Associate
55938.0,36854.0,36854.0,,,,,,,,,West Coast University-Texas,Richardson,TX,Southwest,Bachelor,Graduate
55588.0,38950.0,38950.0,590.0,560.0,700.0,700.0,1297.0,27.0,29.0,28.0,DigiPen Institute of Technology,Redmond,WA,Northwest,Bachelor,Graduate
14707.0,5762.0,13660.0,,,,,,,,,Pierpont Community and Technical College,Fairmont,WV,Southeast,Associate,Associate
11993.0,8180.0,8180.0,,,,,,,,,Dewey University-Hato Rey,Hato Rey,PR,Outlying Areas,Bachelor,Graduate
29923.0,13040.0,13040.0,,,,,,,,,American College of Healthcare Sciences,Portland,OR,Northwest,Certificate,Graduate
21968.0,10970.0,10970.0,,,,,,,,,Interactive College of Technology,Houston,TX,Southwest,Certificate,Associate
25158.0,13920.0,13920.0,,,,,,,,,Strayer University-Tennessee,Nashville,TN,Southeast,Bachelor,Graduate
12185.0,8695.0,8695.0,,,,,,,,,Bayamon Community College,Bayamon,PR,Outlying Areas,Certificate,Certificate
13901.0,1288.0,12616.0,,,,,,,,,Folsom Lake College,Folsom,CA,Northwest,Associate,Associate
13755.0,9180.0,9180.0,,,,,,,,,Baptist University of the Americas,San Antonio,TX,Southwest,Bachelor,Bachelor
20540.0,10480.0,10480.0,,,,,,,,,Beis Medrash Heichal Dovid,Far Rockaway,NY,Northeast,Bachelor,Bachelor
32893.0,18827.0,18827.0,,,,,,,,,Culinary Institute Inc,Houston,TX,Southwest,Associate,Associate
23183.0,15462.0,15462.0,,,,,,,,,Escuela Hotelera de San Juan,Hato Rey,PR,Outlying Areas,Certificate,Certificate
10907.0,8400.0,8400.0,,,,,,,,,Industrial Technical College,Humacao,PR,Outlying Areas,Certificate,Certificate
39250.0,25080.0,25080.0,,,,,,,,,Southeastern College-Columbia,Columbia,SC,Southeast,Certificate,Associate
15667.0,4938.0,12304.0,,,,,,,,,Mountwest Community and Technical College,Huntington,WV,Southeast,Associate,Associate
22256.0,12397.0,12397.0,,,,,,,,,American InterContinental University System,Chandler,AZ,Southwest,Bachelor,Graduate
26087.0,14829.0,14829.0,,,,,,,,,American InterContinental University-Houston,Houston,TX,Southwest,Bachelor,Graduate
39665.0,15623.0,49823.0,,,,,,,,,University of California-Merced,Merced,CA,Northwest,Bachelor,Graduate
34630.0,16258.0,16258.0,,,,,,,,,Remington College-Nashville Campus,Nashville,TN,Southeast,Certificate,Associate
22310.0,7440.0,7440.0,,,,,1120.0,19.0,25.0,,Central Methodist University-College of Graduate and Extended Studies,Fayette,MO,Midwest,Bachelor,Graduate
45890.0,27360.0,27360.0,410.0,460.0,585.0,490.0,1093.0,21.0,26.0,,Neumont College of Computer Science,Salt Lake City,UT,West,Bachelor,Bachelor
58022.0,42419.0,42419.0,450.0,430.0,570.0,560.0,1007.0,16.0,23.0,,Johnson & Wales University-Charlotte,Charlotte,NC,Southeast,Associate,Bachelor
31929.0,14839.0,14839.0,,,,,,,,,Fortis Institute-Port Saint Lucie,Port Saint Lucie,FL,Southeast,Certificate,Associate
30992.0,16757.0,16757.0,,,,,,,,,Aviation Institute of Maintenance-Manassas,Manassas,VA,Southeast,Certificate,Certificate
46129.0,30198.0,30198.0,,,,,,,,,Ave Maria University,Ave Maria,FL,Southeast,Bachelor,Graduate
28779.0,18168.0,18168.0,,,,,,,,,Cambridge College of Healthcare & Technology,Altamonte Springs,FL,Southeast,Certificate,Associate
32225.0,14895.0,14895.0,,,,,,,,,ATA Career Education,Spring Hill,FL,Southeast,Certificate,Bachelor
27218.0,9675.0,9675.0,,,,,,,,,Community Christian College,Quartzsite,AZ,Southwest,Associate,Associate
31571.0,16850.0,16850.0,,,,,,,,,Ecclesia College,Springdale,AR,Southeast,Bachelor,Bachelor
12400.0,9180.0,9180.0,,,,,,,,,Estelle Medical Academy,Skokie,IL,Midwest,Certificate,Certificate
25581.0,10140.0,10140.0,,,,,,,,,John D Rockefeller IV Career Center,New Cumberland,WV,Southeast,Certificate,Certificate
49705.0,30540.0,30540.0,,,,,,,,,Los Angeles College of Music,Pasadena,CA,Northwest,Bachelor,Graduate
8467.0,7277.0,7277.0,,,,,,,,,Rosslyn Training Academy of Cosmetology,Aguada,PR,Outlying Areas,Certificate,Non-degree-granting
29991.0,17514.0,17514.0,,,,,,,,,SAE Institute of Technology-Nashville,Nashville,TN,Southeast,Certificate,Bachelor
24110.0,11822.0,11822.0,,,,,,,,,Universal College of Healing Arts,Omaha,NE,Midwest,Certificate,Associate
21682.0,16000.0,16000.0,,,,,,,,,Uta Mesivta of Kiryas Joel,Monroe,NY,Northeast,Bachelor,Bachelor
35893.0,24400.0,24400.0,,,,,,,,,Harrisburg University of Science and Technology,Harrisburg,PA,Northeast,Bachelor,Graduate
11522.0,4752.0,8808.0,,,,,,,,,Blue Ridge Community and Technical College,Martinsburg,WV,Southeast,Associate,Associate
30016.0,21680.0,21680.0,,,,,,,,,Joyce University of Nursing and Health Sciences,Draper,UT,West,Associate,Graduate
12132.0,5156.0,9646.0,,,,,,,,,New River Community and Technical College,Beaver,WV,Southeast,Associate,Associate
22547.0,4532.0,13844.0,,,,,,,,20.0,Georgia Gwinnett College,Lawrenceville,GA,Southeast,Bachelor,Bachelor
48190.0,44975.0,44975.0,,,,,,,,,Aviator College of Aeronautical Science and Technology,Fort Pierce,FL,Southeast,Certificate,Associate
31920.0,14200.0,14200.0,,,,,,,,,ATA College,Louisville,KY,Southeast,Associate,Associate
24956.0,10460.0,10460.0,,,,,,,,,SUM Bible College and Theological Seminary,El Dorado Hills,CA,Northwest,Bachelor,Graduate
21457.0,1384.0,10954.0,,,,,,,,,Lemoore College,Lemoore,CA,Northwest,Associate,Associate
29518.0,16699.0,16699.0,,,,,,,,,Stautzenberger College-Brecksville,Brecksville,OH,Midwest,Associate,Associate
27601.0,14078.0,14078.0,,,,,,,,,Rasmussen University-Illinois,Rockford,IL,Midwest,Associate,Associate
25158.0,13920.0,13920.0,,,,,,,,,Strayer University-Florida,Tampa,FL,Southeast,Bachelor,Graduate
24550.0,14030.0,14030.0,,,,,,,,,College of Business and Technology,Miami,FL,Southeast,Certificate,Certificate
17988.0,14030.0,14030.0,,,,,,,,,College of Business and Technology,Hialeah,FL,Southeast,Certificate,Certificate
11572.0,7630.0,7630.0,,,,,,,,,Dewey University-Juana Diaz,Juana Diaz,PR,Outlying Areas,Associate,Bachelor
18768.0,8400.0,8400.0,,,,,,,,,American Public University System,Charles Town,WV,Southeast,Bachelor,Graduate
54947.0,37635.0,37635.0,,,,,,,,,Gnomon,North Hollywood,CA,Northwest,Bachelor,Bachelor
27241.0,14580.0,14580.0,,,,,,,,,Taylor College,Ocala,FL,Southeast,Associate,Associate
30162.0,15575.0,15575.0,,,,,,,,,Louisiana Culinary Institute,Baton Rouge,LA,Southeast,Associate,Associate
14000.0,8100.0,8100.0,,,,,,,,,Bais Medrash Toras Chesed,Lakewood,NJ,Northeast,Bachelor,Bachelor
33911.0,18122.0,18122.0,,,,,,,,,Dayton School of Medical Massage,Dayton,OH,Midwest,Certificate,Certificate
30905.0,18850.0,18850.0,,,,,,,,,ATA College,Tulsa,OK,Southwest,Associate,Associate
31820.0,22000.0,22000.0,,,,,1050.0,19.0,30.0,19.0,Visible Music College,Memphis,TN,Southeast,Bachelor,Graduate
21278.0,15446.0,15446.0,,,,,,,,,University of the West,Rosemead,CA,Northwest,Bachelor,Graduate
30414.0,18145.0,18145.0,,,,,,,,,South University-Tampa,Tampa,FL,Southeast,Bachelor,Graduate
34877.0,14935.0,14935.0,,,,,,,,,Fortis College-Columbus,Westerville,OH,Midwest,Certificate,Associate
36925.0,14763.0,14763.0,,,,,,,,,Fortis College-Cincinnati,Cincinnati,OH,Midwest,Certificate,Associate
25158.0,13920.0,13920.0,,,,,,,,,Strayer University-Delaware,Wilmington,DE,Northeast,Bachelor,Graduate
18226.0,6760.0,6760.0,,,,,,,,,Columbia Southern University,Orange Beach,AL,Southeast,Bachelor,Graduate
38136.0,25080.0,25080.0,,,,,,,,,Southeastern College-Charlotte,Charlotte,NC,Southeast,Certificate,Associate
36850.0,11450.0,11450.0,,,,,,,,,Yeshivas Be'er Yitzchok,Elizabeth,NJ,Northeast,Bachelor,Bachelor
23250.0,12750.0,12750.0,,,,,,,,,Yeshiva Toras Chaim,Lakewood,NJ,Northeast,Bachelor,Bachelor
19000.0,13200.0,13200.0,,,,,,,,,Talmudical Seminary of Bobov,Brooklyn,NY,Northeast,Bachelor,Bachelor
23987.0,16000.0,16000.0,,,,,,,,,Southwest University at El Paso,El Paso,TX,Southwest,Associate,Bachelor
26292.0,20288.0,20288.0,,,,,,,,,Bryant & Stratton College-Wauwatosa,Wauwatosa,WI,Midwest,Associate,Bachelor
26339.0,16926.0,16926.0,,,,,,,,,Remington College-Houston Southeast Campus,League City,TX,Southwest,Certificate,Certificate
37279.0,16245.0,16245.0,,,,,,,,,Remington College-Shreveport Campus,Shreveport,LA,Southeast,Certificate,Bachelor
7750.0,3850.0,3850.0,,,,,,,,,Escuela De Troqueleria Y Herramentaje,Bayamon,PR,Outlying Areas,Certificate,Certificate
35598.0,15627.0,15627.0,,,,,,,,,Fortis Institute-Nashville,Nashville,TN,Southeast,Certificate,Associate
29920.0,14250.0,14250.0,,,,,,,,,ATA College-Cincinnati,Cincinnati,OH,Midwest,Certificate,Associate
34842.0,18048.0,18048.0,,,,,,,,,Galen College of Nursing-Cincinnati,Cincinnati,OH,Midwest,Associate,Bachelor
40826.0,21536.0,21536.0,,,,,,,,,Chamberlain University-Illinois,Addison,IL,Midwest,Bachelor,Graduate
42634.0,19975.0,19975.0,,,,,,,,,Chamberlain University-Ohio,Columbus,OH,Midwest,Bachelor,Bachelor
45594.0,20785.0,20785.0,,,,,,,,,Chamberlain University-Arizona,Phoenix,AZ,Southwest,Bachelor,Bachelor
28227.0,18168.0,18168.0,,,,,,,,,Cambridge College of Healthcare & Technology,Delray Beach,FL,Southeast,Associate,Bachelor
13121.0,3446.0,7454.0,,,,,,,,,College of Western Idaho,Nampa,ID,West,Associate,Associate
35348.0,10800.0,10800.0,,,,,,,,,Yeshiva of Machzikai Hadas,Brooklyn,NY,Northeast,Bachelor,Non-degree-granting
35294.0,15069.0,15069.0,,,,,,,,,Fortis Institute-Pensacola,Pensacola,FL,Southeast,Certificate,Associate
13975.0,1124.0,7656.0,,,,,,,,,Woodland Community College,Woodland,CA,Northwest,Associate,Associate
32927.0,15335.0,15335.0,,,,,,,,,Fortis Institute-Birmingham,Birmingham,AL,Southeast,Certificate,Associate
53447.0,36963.0,36963.0,,,,,,,,,Providence Christian College,Pasadena,CA,Northwest,Bachelor,Bachelor
14970.0,13566.0,13566.0,,,,,,,,,South Texas Training Center,Pharr,TX,Southwest,Certificate,Certificate
33657.0,13474.0,13474.0,,,,,,,,,Fortis College-Salt Lake City,Salt Lake City,UT,West,Associate,Associate
23011.0,14547.0,14547.0,,,,,,,,,Polytechnic University of Puerto Rico-Orlando,Orlando,FL,Southeast,Bachelor,Graduate
25845.0,15886.0,15886.0,,,,,,,,,Geisinger Commonwealth School of Medicine,Scranton,PA,Northeast,Associate,Graduate
28904.0,15016.0,15016.0,460.0,490.0,690.0,690.0,1183.0,21.0,29.0,26.0,University of Minnesota-Rochester,Rochester,MN,Midwest,Bachelor,Bachelor
24770.0,14030.0,14030.0,,,,,,,,,College of Business and Technology,Cutler Bay,FL,Southeast,Certificate,Certificate
37182.0,19975.0,19975.0,,,,,,,,,Chamberlain University-Florida,Jacksonville,FL,Southeast,Bachelor,Bachelor
29680.0,9840.0,9840.0,,,,,,,,,Horizon University,Indianapolis,IN,Midwest,Associate,Graduate
24410.0,9810.0,9810.0,,,,,,,,,University of Fort Lauderdale,Lauderhill,FL,Southeast,Bachelor,Graduate
30401.0,16757.0,16757.0,,,,,,,,,Aviation Institute of Maintenance-Orlando,Casselberry,FL,Southeast,Certificate,Certificate
24042.0,13580.0,13580.0,,,,,,,,,Pacific Rim Christian University,Honolulu,HI,Northwest,Bachelor,Graduate
15536.0,6600.0,6600.0,,,,,,,,,City Vision University,Kansas City,MO,Midwest,Certificate,Graduate
42317.0,20025.0,20025.0,,,,,,,,,Northwest School of Wooden Boat Building,Port Hadlock,WA,Northwest,Certificate,Associate
34887.0,22506.0,22506.0,,,,,,,,,West Coast University-Anaheim-Orange County,Anaheim,CA,Northwest,Bachelor,Graduate
53706.0,36854.0,36854.0,,,,,,,,,West Coast University-Ontario,Ontario,CA,Northwest,Bachelor,Bachelor
35300.0,15072.0,15072.0,,,,,,,,,Fortis College-Indianapolis,Indianapolis,IN,Midwest,Certificate,Associate
25158.0,13920.0,13920.0,,,,,,,,,Strayer University-Georgia,Chamblee,GA,Southeast,Bachelor,Graduate
25158.0,13920.0,13920.0,,,,,,,,,Strayer University-South Carolina,Greenville,SC,Southeast,Bachelor,Graduate
36577.0,18145.0,18145.0,,,,,,,,,South University-Richmond,Glen Allen,VA,Southeast,Bachelor,Graduate
36577.0,18145.0,18145.0,,,,,,,,,South University-Virginia Beach,Virginia Beach,VA,Southeast,Bachelor,Graduate
29016.0,14600.0,14600.0,,,,,,,,,Touro University Worldwide,Los Alamitos,CA,Northwest,Bachelor,Graduate
28414.0,13450.0,13450.0,,,,,,,,,Herzing University-Kenosha,Kenosha,WI,Midwest,Bachelor,Bachelor
27844.0,13450.0,13450.0,,,,,,,,,Herzing University-Brookfield,Brookfield,WI,Midwest,Certificate,Graduate
21655.0,9654.0,23255.0,430.0,410.0,540.0,530.0,955.0,15.0,21.0,20.0,Texas A&M University-San Antonio,San Antonio,TX,Southwest,Bachelor,Graduate
25158.0,13920.0,13920.0,,,,,,,,,Strayer University-Global Region,Washington,DC,Northeast,Bachelor,Graduate
27793.0,14777.0,14777.0,,,,,,,,,Fortis College-Columbia,Columbia,SC,Southeast,Certificate,Associate
26864.0,13365.0,13365.0,,,,,,,,,Johnson & Wales University-Online,Providence,RI,Northeast,Bachelor,Graduate
15934.0,1428.0,12498.0,,,,,,,,,Moreno Valley College,Moreno Valley,CA,Northwest,Associate,Associate
14075.0,1428.0,12498.0,,,,,,,,,Norco College,Norco,CA,Northwest,Associate,Associate
36916.0,16990.0,16990.0,,,,,,,,,Dorsey College-Saginaw,Saginaw,MI,Midwest,Certificate,Certificate
15900.0,8664.0,8664.0,,,,,,,,,ICPR Junior College,Manati,PR,Outlying Areas,Certificate,Associate
36252.0,25927.0,25927.0,,,,,,,,,Hawaii Medical College,Honolulu,HI,Northwest,Certificate,Associate
45594.0,20785.0,20785.0,,,,,,,,,Chamberlain University-Virginia,Vienna,VA,Southeast,Bachelor,Bachelor
33249.0,17926.0,17926.0,,,,,,,,,Mildred Elley-New York Campus,New York,NY,Northeast,Certificate,Associate
19927.0,7995.0,7995.0,,,,,,,,,Crestpoint University,Phoenix,AZ,Southwest,Bachelor,Graduate
24267.0,6906.0,6906.0,,,,,,,,,Carolina College of Biblical Studies,Fayetteville,NC,Southeast,Bachelor,Graduate
62210.0,36920.0,36920.0,,,,,,,,,New York Film Academy,Burbank,CA,Northwest,Bachelor,Graduate
14424.0,5000.0,5000.0,,,,,,,,,Keweenaw Bay Ojibwa Community College,LAnse,MI,Midwest,Associate,Associate
17783.0,9105.0,9105.0,,,,,,,,,Manna University,Fayetteville,NC,Southeast,Certificate,Graduate
26596.0,16398.0,16398.0,,,,,,,,14.0,Simmons College of Kentucky,Louisville,KY,Southeast,Associate,Graduate
27981.0,15436.0,15436.0,,,,,,,,,North American University,Stafford,TX,Southwest,Bachelor,Graduate
18900.0,12460.0,12460.0,,,,,,,,,Keser Torah-Mayan Hatalmud,Lakewood,NJ,Northeast,Bachelor,Bachelor
30138.0,13778.0,13778.0,,,,,,,,,Millennia Atlantic University,Doral,FL,Southeast,Bachelor,Graduate
52367.0,30265.0,30265.0,505.0,470.0,660.0,610.0,1130.0,21.0,28.0,22.0,John Paul the Great Catholic University,Escondido,CA,Northwest,Bachelor,Bachelor
26946.0,18130.0,40798.0,470.0,460.0,610.0,610.0,1073.0,21.0,27.0,19.0,University of Connecticut-Hartford Campus,Hartford,CT,Northeast,Bachelor,Graduate
52170.0,35880.0,35880.0,440.0,400.0,590.0,570.0,972.0,16.0,21.0,19.0,Ottawa University-Surprise,Surprise,AZ,Southwest,Bachelor,Graduate
38999.0,19975.0,19975.0,,,,,,,,,Chamberlain University-Missouri,St. Louis,MO,Midwest,Bachelor,Bachelor
38480.0,20380.0,20380.0,,,,,,,,,Chamberlain University-Texas,Houston,TX,Southwest,Bachelor,Bachelor
12277.0,7630.0,7630.0,,,,,,,,,Dewey University-Manati,Manati,PR,Outlying Areas,Associate,Bachelor
29884.0,12360.0,12360.0,,,,,,,,,Los Angeles Pacific University,Glendora,CA,Northwest,Bachelor,Graduate
34298.0,18145.0,18145.0,,,,,,,,,South University-Savannah Online,Savannah,GA,Southeast,Bachelor,Graduate
21546.0,10080.0,10080.0,,,,,,,,,Catholic International University,Charles Town,WV,Southeast,Bachelor,Graduate
13179.0,5194.0,8074.0,,,,,,,,,CUNY Stella and Charles Guttman Community College,New York,NY,Northeast,Associate,Associate
27748.0,15750.0,15750.0,,,,,,,,,Criswell College,Dallas,TX,Southwest,Bachelor,Graduate
38272.0,20515.0,20515.0,,,,,,,,,Chamberlain University-Georgia,Sandy Springs,GA,Southeast,Bachelor,Bachelor
28094.0,19975.0,19975.0,,,,,,,,,Chamberlain University-Indiana,Indianapolis,IN,Midwest,Bachelor,Bachelor
20483.0,7400.0,7400.0,,,,,,,,,Sessions College,Tempe,AZ,Southwest,Certificate,Bachelor
24300.0,13100.0,13100.0,,,,,,,,,Bais HaMedrash and Mesivta of Baltimore,Baltimore,MD,Northeast,Bachelor,Bachelor
19850.0,11350.0,11350.0,,,,,,,,,Yeshiva Gedolah Zichron Leyma,Union,NJ,Northeast,Associate,Bachelor
19858.0,12300.0,12300.0,,,,,,,,,Be'er Yaakov Talmudic Seminary,Spring Valley,NY,Northeast,Bachelor,Bachelor
21201.0,9000.0,9000.0,,,,,,,,17.0,Colorado State University Global,Denver,CO,West,Bachelor,Graduate
31042.0,18080.0,18080.0,370.0,350.0,510.0,520.0,720.0,,,,Evangel University-James River Assembly of God Church,Ozark,MO,Midwest,Associate,Associate
27678.0,15356.0,15356.0,560.0,530.0,680.0,655.0,1248.0,26.0,32.0,,Pennsylvania State University-World Campus,University Park,PA,Northeast,Bachelor,Graduate
33349.0,18145.0,18145.0,,,,,,,,,South University-Austin,Round Rock,TX,Southwest,Bachelor,Graduate
21430.0,16299.0,16299.0,,,,,,,,,Bryant & Stratton College-Online,Orchard Park,NY,Northeast,Associate,Bachelor
28676.0,14922.0,14922.0,,,,,,,,,Platt College-Riverside,Riverside,CA,Northwest,Associate,Bachelor
31095.0,17160.0,17160.0,,,,,,,,,Rasmussen University-Kansas,Topeka,KS,Midwest,Associate,Bachelor
19067.0,12442.0,12442.0,,,,,,,,,California Miramar University,San Diego,CA,Northwest,Bachelor,Graduate
23881.0,6600.0,6600.0,,,,,,,,,College of the Muscogee Nation,Okmulgee,OK,Southwest,Associate,Associate
45179.0,8583.0,8583.0,,,,,,,,,Midwives College of Utah,Salt Lake City,UT,West,Bachelor,Bachelor
30291.0,17924.0,17924.0,,,,,,,,,Helms College,Augusta,GA,Southeast,Certificate,Associate
27500.0,16200.0,16200.0,,,,,,,,,Institute of Health Sciences,Hunt Valley,MD,Northeast,Certificate,Certificate
19201.0,10500.0,10500.0,,,,,,,,,Mid-South Christian College,Memphis,TN,Southeast,Bachelor,Graduate
11881.0,7720.0,7720.0,,,,,,,,,Grace School of Theology,The Woodlands,TX,Southwest,Bachelor,Graduate
18900.0,9600.0,9600.0,,,,,,,,,Yeshiva Gedolah Kesser Torah,Monsey,NY,Northeast,Bachelor,Bachelor
24600.0,12500.0,12500.0,,,,,,,,,Yeshiva Yesodei Hatorah,Lakewood,NJ,Northeast,Bachelor,Bachelor
23524.0,8414.0,24734.0,500.0,470.0,590.0,550.0,1070.0,18.0,25.0,25.0,Augusta University,Augusta,GA,Southeast,Bachelor,Graduate
19617.0,5038.0,16390.0,490.0,460.0,610.0,580.0,1083.0,16.0,24.0,22.0,Middle Georgia State University,Macon,GA,Southeast,Bachelor,Graduate
38046.0,25800.0,25800.0,,,,,,,,,Academy of Interactive Entertainment,Seattle,WA,Northwest,Certificate,Certificate
24494.0,10522.0,10522.0,,,,,,,,,Veritas Baptist College,Lawrenceburg,IN,Midwest,Bachelor,Graduate
30078.0,16757.0,16757.0,,,,,,,,,Aviation Institute of Maintenance-Las Vegas,Las Vegas,NV,Northwest,Certificate,Certificate
25596.0,17408.0,17408.0,,,,,,,,,DeVry College of New York,New York,NY,Northeast,Bachelor,Graduate
40687.0,17408.0,17408.0,,,,,,,,,DeVry University-California,Ontario,CA,Northwest,Certificate,Graduate
40132.0,17408.0,17408.0,,,,,,,,,DeVry University-Florida,Orlando,FL,Southeast,Bachelor,Graduate
38315.0,17408.0,17408.0,,,,,,,,,DeVry University-Georgia,Decatur,GA,Southeast,Bachelor,Graduate
38660.0,17408.0,17408.0,330.0,370.0,540.0,490.0,868.0,11.0,19.0,,DeVry University-Illinois,Lisle,IL,Midwest,Certificate,Graduate
42312.0,17408.0,17408.0,,,,,,,,,DeVry University-New Jersey,Iselin,NJ,Northeast,Bachelor,Graduate
34318.0,17408.0,17408.0,,,,,,,,,DeVry University-Ohio,Columbus,OH,Midwest,Bachelor,Graduate
42312.0,17408.0,17408.0,,,,,,,,,DeVry University-Virginia,Arlington,VA,Southeast,Bachelor,Graduate
18177.0,5285.0,16503.0,500.0,480.0,620.0,590.0,1106.0,19.0,25.0,23.0,University of North Georgia,Dahlonega,GA,Southeast,Bachelor,Graduate
16177.0,3314.0,10274.0,,,,,,,,,South Georgia State College,Douglas,GA,Southeast,Associate,Bachelor
21817.0,4940.0,21005.0,590.0,580.0,670.0,670.0,1268.0,24.0,30.0,29.0,Florida Polytechnic University,Lakeland,FL,Southeast,Bachelor,Graduate
49856.0,37143.0,37143.0,,,,,,,,23.0,Antioch College,Yellow Springs,OH,Midwest,Bachelor,Bachelor
14187.0,7363.0,17154.0,,,,,,,,,Texas A&M University-Central Texas,Killeen,TX,Southwest,Bachelor,Graduate
14577.0,3448.0,6016.0,,,,,,,,,Central Georgia Technical College,Warner Robins,GA,Southeast,Certificate,Associate
14215.0,4159.0,4159.0,,,,,,,,,Louisiana Delta Community College,Monroe,LA,Southeast,Certificate,Associate
30532.0,15154.0,15154.0,,,,,,,,,Dorsey College-Dearborn,Detroit,MI,Midwest,Certificate,Associate
27187.0,13575.0,13575.0,,,,,,,,,Ana G. Mendez University,Orlando,FL,Southeast,Bachelor,Graduate
49166.0,27408.0,27408.0,,,,,,,,,Ohio Institute of Allied Health,Huber Heights,OH,Midwest,Certificate,Associate
17843.0,3876.0,16579.0,640.0,610.0,710.0,700.0,1338.0,27.0,31.0,29.0,University of Florida-Online,Gainesville,FL,Southeast,Bachelor,Bachelor
19909.0,9552.0,9552.0,,,,,,,,,University of Phoenix-Arizona,Phoenix,AZ,Southwest,Bachelor,Graduate
15850.0,9000.0,9000.0,,,,,,,,,Rabbinical College Ohr Yisroel,Brooklyn,NY,Northeast,Bachelor,Bachelor
20064.0,9595.0,21894.0,438.0,408.0,573.0,523.0,940.0,,,18.0,University of North Texas at Dallas,Dallas,TX,Southwest,Bachelor,Graduate
12299.0,5800.0,12428.0,,,,,,,,,BridgeValley Community & Technical College,South  Charleston,WV,Southeast,Associate,Associate
20987.0,8112.0,8112.0,,,,,,,,,Georgia Military College,Milledgeville,GA,Southeast,Associate,Bachelor
36468.0,23317.0,23317.0,,,,,,,,,West Coast University-Miami,Doral,FL,Southeast,Bachelor,Bachelor
10649.0,3268.0,5836.0,,,,,,,,,Coastal Pines Technical College,Waycross,GA,Southeast,Certificate,Associate
22592.0,9354.0,9354.0,,,,,,,,,ABCO Technology,Los Angeles,CA,Northwest,Certificate,Associate
31812.0,15265.0,15265.0,,,,,,,,,Lionel University,Carpinteria,CA,Northwest,Bachelor,Graduate
38073.0,21500.0,21500.0,560.0,570.0,640.0,650.0,1190.0,20.0,27.0,24.0,American College of the Building Arts,Charleston,SC,Southeast,Bachelor,Bachelor
24524.0,12820.0,12820.0,,,,,,,,,Atlantis University,Miami,FL,Southeast,Associate,Graduate
22488.0,10700.0,10700.0,,,,,,,,,Bet Medrash Gadol Ateret Torah,Brooklyn,NY,Northeast,Bachelor,Bachelor
21750.0,10750.0,10750.0,,,,,,,,,Yeshiva Sholom Shachna,Brooklyn,NY,Northeast,Bachelor,Bachelor
25700.0,12600.0,12600.0,,,,,,,,,Beth Medrash Meor Yitzchok,Monsey,NY,Northeast,Associate,Bachelor
16184.0,10405.0,10405.0,,,,,,,,,San Ignacio University,Doral,FL,Southeast,Certificate,Graduate
39005.0,10012.0,10012.0,,,,,,,,,Valor Christian College,Canal Winchester,OH,Midwest,Associate,Bachelor
43216.0,11000.0,11000.0,,,,,,,,,Bethany Global University,Bloomington,MN,Midwest,Bachelor,Graduate
36420.0,10320.0,10320.0,,,,,,,,,United International College,Dania Beach,FL,Southeast,Associate,Graduate
45405.0,19405.0,19405.0,,,,,,,,,Saint Michael College of Allied Health,Washington,DC,Northeast,Certificate,Associate
33205.0,16757.0,16757.0,,,,,,,,,Aviation Institute of Maintenance-Fremont,Fremont,CA,Northwest,Certificate,Certificate
12197.0,8620.0,8620.0,,,,,,,,,PPG Technical College,Caguas,PR,Outlying Areas,Certificate,Certificate
24008.0,5808.0,17736.0,510.0,490.0,620.0,600.0,1113.0,19.0,26.0,23.0,Kennesaw State University,Kennesaw,GA,Southeast,Bachelor,Graduate
52511.0,40450.0,40450.0,573.0,560.0,650.0,618.0,1189.0,22.0,27.0,25.0,Milligan University,Milligan,TN,Southeast,Bachelor,Graduate
33051.0,19975.0,19975.0,,,,,,,,,Chamberlain University-Nevada,Las Vegas,NV,Northwest,Bachelor,Bachelor
33910.0,20785.0,20785.0,,,,,,,,,Chamberlain University-Michigan,Troy,MI,Midwest,Bachelor,Bachelor
38904.0,20785.0,20785.0,,,,,,,,,Chamberlain University-New Jersey,North Brunswick,NJ,Northeast,Bachelor,Bachelor
83622.0,64280.0,64280.0,710.0,760.0,760.0,790.0,1520.0,32.0,35.0,33.0,Emory University-Oxford College,Oxford,GA,Southeast,Associate,Associate
11896.0,3007.0,5575.0,,,,,,,,,Southern Regional Technical College,Thomasville,GA,Southeast,Certificate,Associate
30500.0,14596.0,14596.0,,,,,,,,,Fortis College-Cuyahoga Falls,Cuyahoga Falls,OH,Midwest,Certificate,Associate
30987.0,16920.0,16920.0,,,,,,,,,Jones Technical Institute,Jacksonville,FL,Southeast,Associate,Associate
20752.0,7212.0,11812.0,,,,,,,,,Texas State Technical College,Waco,TX,Southwest,Certificate,Associate
35587.0,23531.0,23531.0,,,,,,,,,Arizona College of Nursing-Las Vegas,Las Vegas,NV,Northwest,Bachelor,Bachelor
35852.0,23304.0,23304.0,535.0,530.0,650.0,625.0,1180.0,,,,Husson University,Bangor,ME,Northeast,Bachelor,Graduate
40568.0,14652.0,14652.0,,,,,,,,,Northwest University-Center for Online and Extended Education,Kirkland,WA,Northwest,Bachelor,Graduate
38727.0,24600.0,24600.0,,,,,,,,,Academy of Interactive Entertainment,Lafayette,LA,Southeast,Certificate,Associate
60136.0,29731.0,29731.0,,,,,,,,,Felbry College,Columbus,OH,Midwest,Associate,Bachelor
34154.0,10440.0,10440.0,,,,,,,,,Abraham Lincoln University,Glendale,CA,Northwest,Bachelor,Graduate
48503.0,22725.0,22725.0,,,,,,,,,Med College,Hialeah,FL,Southeast,Associate,Associate
25566.0,12200.0,12200.0,,,,,,,,,Sonoran Desert Institute,Tempe,AZ,Southwest,Certificate,Associate
19630.0,10480.0,10480.0,,,,,,,,,Elim Bible College,Lima,NY,Northeast,Certificate,Bachelor
21110.0,12010.0,12010.0,,,,,,,,,Beth Medrash of Asbury Park,Lakewood,NJ,Northeast,Bachelor,Bachelor
22595.0,10600.0,10600.0,,,,,,,,,Yeshiva Gedolah Shaarei Shmuel,Lakewood,NJ,Northeast,Associate,Bachelor
55496.0,33000.0,33000.0,,,,,,,,,Seattle Film Institute,Seattle,WA,Northwest,Bachelor,Graduate
29374.0,21985.0,21985.0,,,,,,,,,California College of Music,Pasadena,CA,Northwest,Certificate,Certificate
22228.0,8208.0,8208.0,,,,,,,,,Indiana Wesleyan University-National & Global,Marion,IN,Midwest,Bachelor,Graduate
12043.0,3412.0,9952.0,,,,,,,,,Northeast Lakeview College,Universal City,TX,Southwest,Associate,Associate
44115.0,20605.0,20605.0,,,,,,,,,John Patrick University of Health and Applied Sciences,South Bend,IN,Midwest,Associate,Graduate
14897.0,1378.0,8638.0,,,,,,,,,Clovis Community College,Fresno,CA,Northwest,Associate,Associate
18210.0,15480.0,15480.0,,,,,,,,,Caribbean Aviation Training Institute Inc,Carolina,PR,Outlying Areas,Certificate,Certificate
42634.0,20785.0,20785.0,,,,,,,,,Chamberlain University-North Carolina,Charlotte,NC,Southeast,Bachelor,Bachelor
37232.0,21271.0,21271.0,,,,,,,,,Chamberlain University-California,Rancho Cordova,CA,Northwest,Bachelor,Bachelor
15660.0,10101.0,14412.0,,,,,,,,,Purdue University Global,West Lafayette,IN,Midwest,Certificate,Graduate
32680.0,17575.0,17575.0,,,,,,,,,Carolina University,Winston-Salem,NC,Southeast,Bachelor,Graduate
40563.0,20838.0,20838.0,,,,,,,,,HCI College,West Palm Beach,FL,Southeast,Associate,Associate
23764.0,6200.0,6200.0,,,,,,,,,America Evangelical University,Gardena,CA,Northwest,Bachelor,Graduate
44210.0,17670.0,17670.0,,,,,,,,,Westcliff University,Irvine,CA,Northwest,Bachelor,Graduate
22510.0,14175.0,14175.0,,,,,,,,,Yeshiva Shaar Ephraim,Monsey,NY,Northeast,Bachelor,Bachelor
39831.0,22270.0,22270.0,,,,,,,,,California Institute of Arts & Technology,National City,CA,Northwest,Certificate,Bachelor
19522.0,10350.0,10350.0,,,,,,,,,Yeshiva Bais Aharon,Lakewood,NJ,Northeast,Bachelor,Non-degree-granting
25960.0,14620.0,14620.0,,,,,,,,,Elyon College,Brooklyn,NY,Northeast,Associate,Associate
21700.0,10870.0,10870.0,,,,,,,,,Yeshiva Ohr Naftoli,New Windsor,NY,Northeast,Bachelor,Bachelor
20700.0,12000.0,12000.0,,,,,,,,,Bais Medrash Mayan Hatorah,Lakewood,NJ,Northeast,Bachelor,Bachelor
15571.0,8675.0,16094.0,450.0,440.0,570.0,570.0,1024.0,16.0,24.0,23.0,Purdue University Northwest,Hammond,IN,Midwest,Bachelor,Graduate
28170.0,14922.0,14922.0,,,,,,,,,Platt College-Anaheim,Anaheim,CA,Northwest,Associate,Bachelor
30421.0,13806.0,13806.0,,,,,,,,,Fortis College-Cutler Bay,Cutler Bay,FL,Southeast,Associate,Associate
34801.0,16364.0,16364.0,,,,,,,,,Galen College of Nursing-ARH,Hazard,KY,Southeast,Associate,Associate
23097.0,10250.0,10250.0,,,,,,,,,Bnos Zion Of Bobov Seminary,Brooklyn,NY,Northeast,Certificate,Associate
15700.0,6700.0,6700.0,,,,,,,,,Union Bible College,Westfield,IN,Midwest,Certificate,Bachelor
56036.0,31052.0,31052.0,,,,,,,,,Institute of Medical Ultrasound,Atlanta,GA,Southeast,Certificate,Certificate
17600.0,10480.0,10480.0,,,,,,,,,Yeshiva Gedolah Tiferes Boruch,North Plainfield,NJ,Northeast,Bachelor,Bachelor
22180.0,12150.0,12150.0,,,,,,,,,Yeshiva Chemdas Hatorah,Lakewood,NJ,Northeast,Associate,Bachelor
32300.0,9780.0,9780.0,,,,,,,,,Women's Institute of Torah Seminary and College,Baltimore,MD,Northeast,Bachelor,Bachelor
23591.0,9150.0,9150.0,,,,,,,,,Yeshiva Gedolah Keren Hatorah,Lakewood,NJ,Northeast,Associate,Bachelor
17850.0,8550.0,8550.0,,,,,,,,,Yeshiva Gedolah of Cliffwood,Keyport,NJ,Northeast,Bachelor,Bachelor
22250.0,9750.0,9750.0,,,,,,,,,Yeshivas Emek Hatorah,Howell,NJ,Northeast,Bachelor,Bachelor
28911.0,13150.0,13150.0,,,,,,,,,Seminary Bnos Chaim,Lakewood,NJ,Northeast,Certificate,Associate
13164.0,6640.0,6640.0,,,,,,,,,Red Lake Nation College,Red Lake,MN,Midwest,Associate,Associate
17050.0,9600.0,9600.0,,,,,,,,,Yeshiva Gedola Tiferes Yerachmiel,Lakewood,NJ,Northeast,Associate,Bachelor
20970.0,11510.0,11510.0,,,,,,,,,Champion Christian College,Hot Springs,AR,Southeast,Bachelor,Bachelor
19138.0,7050.0,14125.0,,,,,,,,,EDP University of Puerto Rico-Villalba,Villalba,PR,Outlying Areas,Associate,Bachelor
38480.0,19975.0,19975.0,,,,,,,,,Chamberlain University-Louisiana,Jefferson,LA,Southeast,Bachelor,Bachelor
19698.0,8054.0,8054.0,,,,,,,,,Drury University-College of Continuing Professional Studies,Springfield,MO,Midwest,Bachelor,Bachelor
26033.0,9896.0,9896.0,,,,,,,,,Indiana Institute of Technology-College of Professional Studies,Fort Wayne,IN,Midwest,Bachelor,Bachelor
33993.0,19576.0,19576.0,,,,,,,,,Medical Career College of Northern California,Roseville,CA,Northwest,Certificate,Certificate
34822.0,22140.0,22140.0,,,,,,,,,Premiere International College,Fort Myers,FL,Southeast,Associate,Associate
15497.0,22184.0,22184.0,,,,,,,,,Global Tech College,Toledo,OH,Midwest,Certificate,Associate
17300.0,9000.0,9000.0,,,,,,,,,Yeshiva of Ocean,Greenfield Park,NY,Northeast,Bachelor,Bachelor
25625.0,14125.0,14125.0,,,,,,,,,Congregation Talmidei Mesivta Tiferes Shmiel Aleksander,Brooklyn,NY,Northeast,Bachelor,Bachelor
22600.0,9700.0,9700.0,,,,,,,,,Ohel Margulia Seminary,Monsey,NY,Northeast,Associate,Associate
25480.0,12380.0,12380.0,,,,,,,,,Yeshivat Hechal Shemuel,Brooklyn,NY,Northeast,Bachelor,Bachelor
22130.0,9030.0,9030.0,,,,,,,,,Yeshiva Gedolah of Woodlake Village,Lakewood,NJ,Northeast,Associate,Bachelor
22983.0,12750.0,12750.0,,,,,,,,,New York Seminary,Brooklyn,NY,Northeast,Associate,Associate
27138.0,11016.0,11016.0,,,,,,,,,College Unbound,Providence,RI,Northeast,Bachelor,Bachelor
43045.0,23987.0,23987.0,,,,,,,,,Arizona College of Nursing-Dallas,Dallas,TX,Southwest,Bachelor,Bachelor
19625.0,7050.0,14125.0,,,,,,,,,EDP University of Puerto Rico-Humacao,Humacao,PR,Outlying Areas,Associate,Associate
17523.0,7050.0,14125.0,,,,,,,,,EDP University of Puerto Rico-Manati,Manati,PR,Outlying Areas,Associate,Associate
31248.0,15120.0,15120.0,,,,,,,,,Fortis Institute-Cookeville,Cookeville,TN,Southeast,Associate,Associate
24100.0,11000.0,11000.0,,,,,,,,,Derech Hachaim Seminary,Monroe,NY,Northeast,Certificate,Certificate
18421.0,8806.0,8806.0,,,,,,,,,Christ Mission College,San Antonio,TX,Southwest,Bachelor,Bachelor
17175.0,8756.0,8756.0,403.0,395.0,580.0,525.0,988.0,18.0,21.0,,Urshan University,Wentzville,MO,Midwest,Bachelor,Bachelor
24473.0,14000.0,14000.0,,,,,,,,,Yeshiva Yesoda Hatorah Vetz Chaim,Brooklyn,NY,Northeast,Bachelor,Bachelor
25440.0,14798.0,14798.0,,,,,,,,,West Virginia Junior College-United Career Institute,Irwin,PA,Northeast,Certificate,Associate
30005.0,16657.0,16657.0,,,,,,,,,Aviation Institute of Maintenance-Charlotte,Charlotte,NC,Southeast,Certificate,Certificate
33587.0,16522.0,16522.0,,,,,,,,,Fortis College-Landover,Landover,MD,Northeast,Certificate,Associate
28452.0,16699.0,16699.0,,,,,,,,,Stautzenberger College-Rockford Career College,Rockford,IL,Midwest,Certificate,Associate
25950.0,13850.0,13850.0,,,,,,,,,Apex College of Veterinary Technology,Colorado Springs,CO,West,Associate,Associate
36000.0,11500.0,11500.0,,,,,,,,,Bais Medrash of Dexter Park,Chestnut Ridge,NY,Northeast,Bachelor,Bachelor
33587.0,24180.0,24180.0,,,,,,,,,Oak Valley College,Rialto,CA,Northwest,Bachelor,Bachelor
37249.0,25470.0,25470.0,,,,,,,,,Marine Trades Institute,Cedarville,MI,Midwest,Certificate,Certificate
18371.0,11350.0,11350.0,,,,,,,,,Pacific Northwest Christian College,Kennewick,WA,Northwest,Associate,Associate
17684.0,7980.0,7980.0,,,,,,,,,Indian Bible College,Flagstaff,AZ,Southwest,Associate,Bachelor
41613.0,23093.0,23093.0,,,,,,,,,Arizona College of Nursing-Tampa,Tampa,FL,Southeast,Bachelor,Bachelor
41932.0,24944.0,24944.0,,,,,,,,,Arizona College of Nursing-Tucson,Tucson,AZ,Southwest,Bachelor,Bachelor
42097.0,26041.0,26041.0,,,,,,,,,Arizona College of Nursing-Phoenix,Phoenix,AZ,Southwest,Bachelor,Bachelor
35532.0,16990.0,16990.0,,,,,,,,,Dorsey College-Woodhaven,Woodhaven,MI,Midwest,Certificate,Certificate
39585.0,19068.0,19068.0,,,,,,,,,Provo College-Idaho Falls Campus,Idaho Falls,ID,West,Bachelor,Graduate
35847.0,19068.0,19068.0,,,,,,,,,Eagle Gate College-Boise Campus,Boise,ID,West,Bachelor,Graduate
23049.0,25672.0,25672.0,,,,,,,,,Agape College of Business and Science,Fresno,CA,Northwest,Certificate,Bachelor
29450.0,13400.0,13400.0,,,,,,,,,Antigua College International,Miami Lakes,FL,Southeast,Associate,Bachelor
27494.0,13450.0,13450.0,,,,,,,,,Herzing University-Tampa,Tampa,FL,Southeast,Associate,Bachelor
34872.0,17048.0,17048.0,,,,,,,,,Galen Health Institutes-Miami Campus,Pembroke Pines,FL,Southeast,Associate,Bachelor
30295.0,14520.0,14520.0,,,,,,,,,Abilene Christian University-Undergraduate Online,Addison,TX,Southwest,Bachelor,Bachelor
15639.0,1378.0,8638.0,,,,,,,,,Madera Community College,Madera,CA,Northwest,Associate,Associate
34872.0,17048.0,17048.0,,,,,,,,,Galen Health Institutes-Austin Campus,Round Rock,TX,Southwest,Associate,Bachelor
35603.0,17048.0,17048.0,,,,,,,,,Galen Health Institutes-Nashville Campus,Nashville,TN,Southeast,Associate,Bachelor
28405.0,18300.0,18300.0,,,,,,,,,Great Northern University,Spokane,WA,Northwest,Bachelor,Bachelor
41871.0,22587.0,22587.0,,,,,,,,,Arizona College of Nursing-Salt Lake City,Murray,UT,West,Bachelor,Bachelor
34393.0,18835.0,18835.0,,,,,,,,,Arizona College-Glendale,Glendale,AZ,Southwest,Certificate,Associate
26460.0,19150.0,19150.0,,,,,,,,,Academia Medical Institute,Columbus,OH,Midwest,Certificate,Certificate
14180.0,6600.0,6600.0,,,,,,,,,Bridges Christian College,New Orleans,LA,Southeast,Bachelor,Graduate
32536.0,12374.0,12374.0,,,,,,,,,Reach University,Oakland,CA,Northwest,Bachelor,Graduate
32217.0,16657.0,16657.0,,,,,,,,,Aviation Institute of Maintenance-Chicago,Chicago,IL,Midwest,Certificate,Certificate
26454.0,8175.0,8175.0,,,,,,,,,Evangel University-College of Online Learning,Springfield,MO,Midwest,Bachelor,Bachelor
38305.0,20100.0,20100.0,,,,,,,,,Marian University-Ancilla,Plymouth,IN,Midwest,Associate,Bachelor
42280.0,24944.0,24944.0,,,,,,,,,Arizona College of Nursing-Southfield,Southfield,MI,Midwest,Bachelor,Bachelor
35116.0,17048.0,17048.0,,,,,,,,,Galen Health Institutes-Sarasota,Sarasota,FL,Southeast,Associate,Bachelor
35576.0,17048.0,17048.0,,,,,,,,,Galen Health Institutes-Gainesville,Gainesville,FL,Southeast,Associate,Bachelor
31963.0,16364.0,16364.0,,,,,,,,,Galen Health Institutes-Richmond,Richmond,VA,Southeast,Associate,Associate
34232.0,16364.0,16364.0,,,,,,,,,Galen Health Institutes-Myrtle Beach,Myrtle Beach,SC,Southeast,Associate,Associate
35990.0,17048.0,17048.0,,,,,,,,,Galen Health Institutes-Asheville,Asheville,NC,Southeast,Associate,Associate
42280.0,24413.0,24413.0,,,,,,,,,Arizona College of Nursing-Falls Church,Falls Church,VA,Southeast,Bachelor,Bachelor
52480.0,31637.0,31637.0,,,,,,,,,Arizona College of Nursing-Ontario,Ontario,CA,Northwest,Bachelor,Bachelor
35856.0,17048.0,17048.0,,,,,,,,,Galen Health Institutes-Houston,Houston,TX,Southwest,Associate,Bachelor
34556.0,16364.0,16364.0,,,,,,,,,Galen Health Institutes-Pikeville,Pikeville,KY,Southeast,Certificate,Associate
25161.0,11046.0,22870.0,500.0,490.0,600.0,590.0,1090.0,,,,Commonwealth University of Pennsylvania,Bloomsburg,PA,Northeast,Bachelor,Graduate
26916.0,11436.0,16054.0,480.0,460.0,580.0,560.0,1063.0,17.0,25.0,,Pennsylvania Western University,California,PA,Northeast,Bachelor,Graduate
21356.0,14000.0,14000.0,,,,,,,,,Yeshiva of Kasho,Brooklyn,NY,Northeast,Bachelor,Bachelor
22355.0,14000.0,14000.0,,,,,,,,,Yeshivas Sanz Klauzenburg,Brooklyn,NY,Northeast,Bachelor,Bachelor
28414.0,13450.0,13450.0,,,,,,,,,Herzing University-Nashville,Nashville,TN,Southeast,Certificate,Bachelor
32076.0,9695.0,9695.0,,,,,,,,,Dorsey College-Grand Rapids,Grand Rapids,MI,Midwest,Certificate,Certificate
35565.0,17048.0,17048.0,,,,,,,,,Galen Health Institutes-Dallas,Richardson,TX,Southwest,Associate,Bachelor
33329.0,16364.0,16364.0,,,,,,,,,Galen Health Institutes-Roanoke,Roanoke,VA,Southeast,Associate,Associate
36569.0,16364.0,16364.0,,,,,,,,,Galen Health Institutes-Wichita,Wichita,KS,Midwest,Associate,Associate
37969.0,16364.0,16364.0,,,,,,,,,Galen Health Institutes-Salt Lake City,Draper,UT,West,Associate,Non-degree-granting
34305.0,23093.0,23093.0,,,,,,,,,Arizona College of Nursing-Sarasota,University Park,FL,Southeast,Bachelor,Bachelor
43920.0,24653.0,24653.0,,,,,,,,,Arizona College of Nursing-Aurora,Aurora,CO,West,Bachelor,Bachelor
44576.0,23760.0,23760.0,,,,,,,,,Arizona College of Nursing-Cincinnati,Cincinnati,OH,Midwest,Bachelor,Non-degree-granting
46107.0,23760.0,23760.0,,,,,,,,,Arizona College of Nursing-Cleveland,Beachwood,OH,Midwest,Bachelor,Non-degree-granting
31494.0,14497.0,14497.0,,,,,,,,,Townsend Barber Institute,Roseville,MN,Midwest,Certificate,Certificate
10200.0,9395.0,9395.0,,,,,,,,,Puerto Rico Advance Institute,Bayamon,PR,Outlying Areas,Certificate,Certificate
24368.0,18215.0,18215.0,,,,,,,,,Southwest Michigan Beauty School,Sturgis,MI,Midwest,Certificate,Certificate
42703.0,24653.0,24653.0,,,,,,,,,Arizona College of Nursing - Chesapeake,Chesapeake,VA,Southeast,Bachelor,Non-degree-granting
48113.0,24653.0,24653.0,,,,,,,,,Arizona College of Nursing - Hartford,East Hartford,CT,Northeast,Bachelor,Non-degree-granting
